                  epoch,         train/box_loss,         train/cls_loss,         train/dfl_loss,   train/ir_prompt_loss, train/rgb_spatial_loss,  train/rgb_global_loss,   metrics/precision(B),      metrics/recall(B),       metrics/mAP50(B),    metrics/mAP50-95(B),           val/box_loss,           val/cls_loss,           val/dfl_loss,     val/ir_prompt_loss,   val/rgb_spatial_loss,    val/rgb_global_loss,                 lr/pg0,                 lr/pg1,                 lr/pg2,       p2/P3_ir_bg_mean,     p2/P3_ir_fg_bg_gap,       p2/P3_ir_fg_mean,   p2/P3_ir_prompt_mean,    p2/P3_ir_prompt_std,  p2/P3_rgb_global_mean,   p2/P3_rgb_global_mse,   p2/P3_rgb_global_std, p2/P3_rgb_spatial_mean,  p2/P3_rgb_spatial_mse,  p2/P3_rgb_spatial_std, p2/P4_final_weight_std,    p2/P4_gamma_spatial,p2/P4_gder_attention_weight,p2/P4_gder_modality_weight,p2/P4_gder_modality_weight_std,       p2/P4_ir_bg_mean,     p2/P4_ir_fg_bg_gap,       p2/P4_ir_fg_mean,   p2/P4_ir_prompt_mean,    p2/P4_ir_prompt_std,  p2/P4_rgb_global_mean,   p2/P4_rgb_global_mse,   p2/P4_rgb_global_std, p2/P4_rgb_spatial_mean,  p2/P4_rgb_spatial_mse,  p2/P4_rgb_spatial_std,p2/P4_spatial_logits_std,p2/P5_gder_attention_weight,p2/P5_gder_modality_weight,p2/P5_gder_modality_weight_std,  p2/P5_rgb_global_mean,   p2/P5_rgb_global_mse,   p2/P5_rgb_global_std,p2/rgb_global_teacher_max,p2/rgb_global_teacher_mean,p2/rgb_global_teacher_min,p2/rgb_global_teacher_std,p2/prompt_warmup_factor
                      1,                 1.3353,                 1.4709,                 1.6032,                      0,                      0,                      0,                0.38599,                0.56512,                0.41984,                0.29864,                  1.077,                 1.1032,                  1.437,                      0,                      0,                      0,               0.070106,              0.0033215,              0.0033215,               0.079793,             -0.0028405,               0.076953,               0.079705,              0.0056054,               0.028428,                0.24935,              0.0044627,                0.42723,                0.05367,               0.014979,             8.2833e-06,            -4.5621e-06,                    0.5,                    0.5,             8.0484e-06,                0.11248,              0.0010285,                0.11351,                0.11251,              0.0044044,                0.30786,               0.054919,               0.044865,                0.51256,               0.045127,               0.016122,                0.13453,                0.50002,                0.49998,             2.6571e-05,                0.43401,               0.021795,               0.055266,                0.69226,                0.51807,                0.31993,               0.094047,                      0
                      2,                 1.0574,                0.88665,                 1.4219,                0.00475,                  5e-05,                  8e-05,                0.59018,                0.66463,                0.62624,                0.47755,                0.87546,                0.68389,                 1.4363,                0.00441,                  5e-05,                  8e-05,                0.04004,               0.006589,               0.006589,               0.093115,             -0.0021337,               0.090981,               0.093049,              0.0045278,               0.035819,                0.24511,              0.0057357,                0.43111,               0.053456,               0.015185,             1.8881e-05,            -5.4319e-05,                0.50001,                0.49999,             1.4559e-05,                0.12054,              0.0014629,                  0.122,                0.12058,              0.0055627,                0.40685,                0.02521,               0.048405,                0.51224,                0.04505,               0.015844,                0.13609,                0.50008,                0.49992,              6.652e-05,                 0.4385,               0.022538,               0.056607,                0.69538,                0.52091,                 0.3223,               0.094522,                    0.1
                      3,                 0.8894,                0.69151,                 1.4098,                0.00911,                 0.0001,                  5e-05,                0.61008,                0.61976,                0.64038,                0.48516,                0.80795,                 0.6382,                  1.576,                 0.0086,                  9e-05,                  2e-05,              0.0099086,              0.0097904,              0.0097904,                0.13242,              0.0001654,                0.13258,                0.13242,              0.0031566,                0.32682,                0.07939,               0.017485,                0.44692,               0.050761,               0.013223,             2.7382e-05,            -0.00014772,                0.50002,                0.49998,             1.5377e-05,                 0.1769,              0.0063016,                 0.1832,                0.17709,               0.017756,                0.51703,              0.0094187,               0.046956,                0.51161,               0.044982,               0.015203,                0.13641,                0.50012,                0.49988,             8.7339e-05,                0.48004,               0.017551,               0.056151,                0.69379,                0.52101,                0.32264,               0.094026,                    0.2
                      4,                0.80355,                0.60486,                 1.4268,                 0.0133,                0.00014,                  1e-05,                0.63364,                0.69335,                0.67734,                0.52556,                0.76875,                0.59075,                 1.5214,                0.01289,                0.00013,                  3e-05,               0.009703,               0.009703,               0.009703,                0.20873,              0.0085403,                0.21727,                0.20899,               0.014558,                0.51888,               0.009115,               0.019741,                0.47486,                0.04713,              0.0088844,             2.8785e-05,            -0.00016259,                0.50002,                0.49998,             1.5753e-05,                0.22488,               0.013563,                0.23845,                 0.2253,               0.029178,                0.51563,              0.0093781,               0.052637,                0.51031,               0.044898,               0.013774,                0.13544,                0.50012,                0.49988,              9.215e-05,                0.51791,               0.013064,                0.04701,                0.69553,                0.51988,                0.31573,               0.095637,                    0.3
                      5,                0.78828,                0.58103,                 1.4188,                0.01757,                0.00018,                  2e-05,                0.68883,                0.74056,                 0.7386,                0.58894,                 0.7383,                0.52678,                 1.4802,                0.01706,                0.00016,                  3e-05,               0.009604,               0.009604,               0.009604,                0.23246,               0.017898,                0.25036,                0.23301,               0.023098,                0.52053,              0.0077517,               0.021587,                0.49362,               0.045473,              0.0060124,             2.9148e-05,            -0.00016457,                0.50002,                0.49998,             1.6448e-05,                0.22521,               0.019176,                0.24439,                 0.2258,               0.031005,                0.51184,              0.0098813,                0.06468,                0.50994,               0.044715,               0.012755,                0.13467,                0.50011,                0.49989,             9.3903e-05,                0.51924,              0.0097628,               0.040313,                0.69178,                0.51961,                0.32459,               0.093355,                    0.4
                      6,                0.77212,                 0.5596,                 1.4052,                0.02198,                0.00023,                  2e-05,                0.71639,                0.72884,                0.75398,                0.59651,                0.74437,                0.54088,                 1.4935,                0.02116,                 0.0002,                  4e-05,               0.009505,               0.009505,               0.009505,                0.23429,               0.027755,                0.26204,                0.23515,               0.029605,                0.51812,              0.0071671,               0.025775,                 0.5032,               0.045702,              0.0045292,             3.1385e-05,            -0.00019807,                0.50003,                0.49997,             1.6962e-05,                0.22615,               0.025397,                0.25155,                0.22695,               0.033833,                0.51599,               0.010954,               0.073589,                 0.5093,               0.045495,               0.011387,                0.13374,                0.50011,                0.49989,              9.827e-05,                0.51729,              0.0082302,               0.038056,                0.69071,                0.51598,                0.31854,               0.094903,                    0.5
                      7,                0.76506,                0.54779,                 1.4039,                 0.0261,                0.00027,                  3e-05,                0.76026,                0.75125,                0.79094,                0.63958,                 0.7163,                0.50044,                 1.4687,                0.02509,                0.00024,                  4e-05,               0.009406,               0.009406,               0.009406,                0.23195,               0.040686,                0.27264,                0.23321,               0.037052,                0.52197,              0.0067161,               0.027215,                0.50935,               0.045212,              0.0037594,             3.5781e-05,            -0.00026622,                0.50003,                0.49997,             1.7437e-05,                0.22431,               0.036642,                0.26095,                0.22545,               0.037759,                0.51643,               0.012783,               0.085935,                0.50979,               0.045093,               0.010281,                0.13307,                0.50011,                0.49989,             0.00010174,                0.52013,              0.0069372,               0.040174,                0.69343,                0.51871,                0.32047,               0.093893,                    0.6
                      8,                0.75797,                 0.5438,                 1.4056,                0.02996,                0.00032,                  3e-05,                0.74577,                0.73317,                0.76752,                0.61711,                0.72393,                0.50954,                 1.4762,                0.02884,                0.00028,                  5e-05,               0.009307,               0.009307,               0.009307,                0.22892,               0.061496,                0.29042,                 0.2308,               0.049114,                0.52006,              0.0059285,               0.030626,                0.51315,               0.045155,              0.0031898,             3.9386e-05,            -0.00032542,                0.50004,                0.49996,             1.7411e-05,                  0.222,               0.062998,                  0.285,                0.22394,               0.049137,                0.51538,               0.014203,                0.10199,                0.51039,               0.045054,              0.0093315,                0.13226,                0.50011,                0.49989,             0.00010562,                0.51744,              0.0065862,               0.039861,                0.69121,                0.51846,                0.32313,                0.09368,                    0.7
                      9,                0.75425,                 0.5331,                 1.3922,                0.03328,                0.00036,                  4e-05,                0.75196,                0.75335,                0.78541,                0.63228,                0.70966,                0.48538,                 1.4591,                0.03145,                0.00032,                  6e-05,               0.009208,               0.009208,               0.009208,                0.21481,                0.10615,                0.32096,                0.21807,                0.06796,                0.52165,              0.0057753,               0.031758,                0.51594,                0.04514,              0.0027738,              4.482e-05,            -0.00040375,                0.50004,                0.49996,             1.8291e-05,                0.20693,                0.11863,                0.32556,                0.21059,               0.069883,                0.52748,               0.017303,                0.11063,                0.51149,                0.04507,              0.0085751,                0.13167,                0.50011,                0.49989,             0.00010873,                 0.5213,              0.0061383,               0.041274,                0.69313,                0.51914,                0.32499,               0.093353,                    0.8
                     10,                0.74855,                0.53057,                 1.3862,                0.03551,                 0.0004,                  4e-05,                 0.7522,                0.77809,                0.79912,                 0.6498,                0.69862,                0.47697,                 1.4717,                0.03333,                0.00036,                  6e-05,               0.009109,               0.009109,               0.009109,                0.17118,                0.20677,                0.37795,                0.17751,                0.10064,                0.52175,              0.0051631,               0.035951,                0.51749,               0.044873,              0.0024658,             5.4581e-05,            -0.00054915,                0.50005,                0.49995,             1.8864e-05,                0.17426,                0.20089,                0.37515,                0.18043,               0.095248,                0.52317,               0.019515,                 0.1126,                0.51213,                0.04482,              0.0078115,                  0.131,                0.50011,                0.49989,             0.00011092,                0.51864,               0.005223,               0.045933,                 0.6931,                0.52113,                0.32608,               0.093092,                    0.9
                     11,                0.74499,                0.52362,                 1.3896,                0.03728,                0.00045,                  4e-05,                0.71062,                 0.7155,                0.74908,                0.59704,                0.73586,                0.55484,                 1.5327,                0.03591,                 0.0004,                  7e-05,                0.00901,                0.00901,                0.00901,                0.12402,                0.29681,                0.42083,                0.13302,                0.12026,                0.52067,              0.0049792,               0.038799,                0.51864,                0.04509,              0.0021871,              6.575e-05,            -0.00071062,                0.50006,                0.49994,             1.9658e-05,                0.13786,                0.28157,                0.41944,                0.14645,                0.11006,                0.51394,               0.018748,                0.11492,                0.51321,               0.045017,              0.0072218,                0.13055,                0.50011,                0.49989,             0.00011402,                0.52024,              0.0051128,               0.048265,                0.69495,                0.52101,                0.32102,               0.095068,                      1
                     12,                0.73926,                0.51622,                 1.3841,                0.03584,                0.00045,                  5e-05,                0.77915,                0.77291,                0.80362,                0.65431,                0.69479,                0.47009,                 1.4419,                0.03387,                 0.0004,                  5e-05,               0.008911,               0.008911,               0.008911,               0.096746,                0.34409,                0.44083,                0.10731,                0.12887,                0.52087,              0.0046846,               0.041729,                0.51927,                0.04525,              0.0019443,             7.3074e-05,            -0.00081469,                0.50007,                0.49993,             2.0457e-05,                0.11028,                0.33641,                0.44669,                0.12066,                0.11959,                0.52374,               0.020317,                0.11967,                0.51389,               0.045179,              0.0066426,                0.13012,                0.50011,                0.49989,             0.00011732,                0.52045,              0.0048427,               0.053093,                 0.6942,                0.51973,                0.32147,               0.094245,                      1
                     13,                0.73493,                0.51536,                 1.3863,                0.03502,                0.00045,                  5e-05,                0.78266,                0.76651,                 0.8172,                0.66706,                  0.697,                0.46354,                 1.4591,                0.03307,                 0.0004,                  6e-05,               0.008812,               0.008812,               0.008812,               0.081896,                0.36663,                0.44853,               0.093227,                0.13347,                0.52131,              0.0043271,               0.043778,                0.51929,               0.045035,              0.0017559,             7.7892e-05,            -0.00087836,                0.50007,                0.49993,             2.1966e-05,               0.092253,                0.37123,                0.46348,                0.10379,                0.12669,                 0.5214,                0.02222,                 0.1272,                0.51402,               0.044998,              0.0060928,                0.12969,                0.50012,                0.49988,             0.00012095,                0.51918,                0.00479,               0.053015,                0.69492,                0.52032,                0.32212,               0.094499,                      1
                     14,                0.73099,                0.51107,                 1.3816,                0.03422,                0.00045,                  5e-05,                0.75236,                0.77573,                0.80073,                0.65627,                0.69317,                0.46628,                 1.4393,                0.03256,                 0.0004,                  6e-05,               0.008713,               0.008713,               0.008713,               0.072059,                0.38325,                0.45531,               0.083835,                0.13647,                0.52105,              0.0043933,               0.044042,                0.51953,               0.045101,               0.001595,             8.9908e-05,             -0.0010469,                0.50009,                0.49991,             2.3714e-05,               0.080013,                0.39609,                 0.4761,               0.092247,                0.13194,                0.50297,               0.023108,                0.13132,                0.51456,               0.045057,              0.0056145,                0.12932,                0.50012,                0.49988,             0.00012621,                0.52048,              0.0049102,               0.051164,                  0.695,                0.51955,                0.31969,               0.095327,                      1
                     15,                0.73001,                0.50708,                 1.3827,                0.03368,                0.00045,                  5e-05,                  0.776,                0.77284,                0.81161,                0.66644,                0.68702,                0.46726,                  1.463,                0.03193,                 0.0004,                  6e-05,               0.008614,               0.008614,               0.008614,               0.066335,                0.39323,                0.45957,               0.078338,                0.13828,                0.52082,              0.0041559,               0.043444,                0.51953,                0.04473,               0.001441,             0.00010354,             -0.0012382,                 0.5001,                 0.4999,              2.564e-05,               0.071009,                0.41449,                 0.4855,               0.083737,                0.13614,                 0.5194,               0.021407,                0.12313,                0.51463,               0.044698,              0.0050869,                0.12893,                0.50012,                0.49988,             0.00012937,                  0.519,              0.0044888,               0.052347,                0.69397,                0.52098,                0.32659,               0.092129,                      1
                     16,                0.72611,                0.50159,                 1.3768,                0.03313,                0.00045,                  5e-05,                0.80968,                0.76509,                 0.8308,                 0.6801,                0.68399,                  0.451,                 1.4796,                0.03158,                0.00039,                  6e-05,               0.008515,               0.008515,               0.008515,               0.061745,                 0.4022,                0.46394,               0.074044,                0.13985,                0.52217,              0.0040785,               0.046866,                0.51953,               0.044724,              0.0013119,             0.00011619,             -0.0014135,                0.50011,                0.49989,             2.7529e-05,               0.063512,                0.42994,                0.49345,               0.076729,                0.13851,                0.50812,               0.024597,                0.13429,                0.51493,               0.044704,              0.0046571,                0.12871,                0.50012,                0.49988,             0.00013299,                0.52053,              0.0043703,               0.054179,                0.69233,                0.51997,                0.32144,               0.094417,                      1
                     17,                0.72283,                0.49855,                 1.3837,                0.03291,                0.00045,                  5e-05,                0.77574,                0.78919,                0.82477,                0.67942,                 0.6797,                0.45196,                 1.4743,                0.03119,                0.00039,                  5e-05,               0.008416,               0.008416,               0.008416,               0.057429,                0.40491,                0.46233,                0.06986,                0.14041,                  0.524,              0.0040551,               0.045978,                0.51992,               0.044672,              0.0011957,             0.00012279,             -0.0015001,                0.50012,                0.49988,             2.9648e-05,               0.057818,                0.43694,                0.49476,               0.071301,                0.13999,                0.52316,               0.024821,                0.13689,                0.51542,               0.044643,              0.0043287,                0.12848,                0.50012,                0.49988,             0.00013665,                0.52116,               0.004331,               0.054318,                0.69206,                0.52021,                0.32377,                0.09321,                      1
                     18,                0.71834,                 0.4948,                 1.3738,                0.03278,                0.00045,                  5e-05,                0.81236,                0.77921,                0.83694,                0.68622,                0.67911,                0.44369,                 1.4595,                0.03088,                 0.0004,                  5e-05,               0.008317,               0.008317,               0.008317,                0.05471,                 0.4068,                0.46151,               0.067367,                0.14111,                0.51999,              0.0040437,               0.047865,                0.51959,               0.045339,              0.0010821,             0.00012815,             -0.0015734,                0.50012,                0.49988,             3.0761e-05,               0.053589,                0.44238,                0.49597,               0.067437,                0.14202,                0.51089,               0.026156,                0.13752,                0.51542,               0.045267,              0.0040363,                0.12825,                0.50013,                0.49987,             0.00013961,                  0.519,              0.0044352,               0.054644,                0.68909,                0.51668,                0.31885,               0.094386,                      1
                     19,                0.71677,                0.49268,                 1.3823,                0.03259,                0.00045,                  6e-05,                0.79691,                0.77366,                0.82235,                0.67272,                0.68863,                0.46004,                 1.4752,                 0.0308,                0.00039,                  5e-05,               0.008218,               0.008218,               0.008218,               0.051901,                0.40914,                0.46105,               0.064563,                0.14176,                0.52275,              0.0038733,               0.048955,                0.51953,               0.045118,              0.0010008,             0.00013843,             -0.0017185,                0.50013,                0.49987,             3.1437e-05,               0.048515,                 0.4483,                0.49682,               0.062458,                0.14258,                0.49897,               0.029881,                0.13962,                0.51543,               0.045036,              0.0036426,                0.12804,                0.50013,                0.49987,             0.00014292,                0.52052,              0.0043767,               0.054744,                0.69168,                0.51898,                0.32157,               0.094757,                      1
                     20,                0.71747,                0.49412,                  1.377,                0.03201,                0.00045,                  5e-05,                 0.7878,                0.81933,                0.84523,                0.69617,                0.67305,                0.43963,                 1.4473,                0.03021,                0.00039,                  5e-05,               0.008119,               0.008119,               0.008119,               0.050344,                0.41571,                0.46605,               0.062976,                0.14186,                0.52403,              0.0038829,               0.046959,                0.51987,               0.044694,             0.00091907,             0.00015088,             -0.0018888,                0.50015,                0.49985,             3.3593e-05,               0.043679,                0.45881,                0.50249,               0.057702,                0.14344,                0.51071,               0.024807,                0.12843,                0.51579,               0.044658,              0.0033738,                0.12787,                0.50013,                0.49987,             0.00014496,                0.52224,               0.004401,               0.052748,                0.69356,                 0.5208,                0.32525,                0.09318,                      1
                     21,                0.71611,                0.48802,                  1.378,                0.03161,                0.00045,                  6e-05,                0.80349,                0.80766,                0.84568,                0.69771,                0.67079,                0.43599,                 1.4484,                0.02991,                0.00039,                  6e-05,                0.00802,                0.00802,                0.00802,               0.048388,                0.41851,                 0.4669,               0.060968,                 0.1413,                0.52077,               0.003995,                0.04725,                0.51975,               0.044863,              0.0008453,             0.00016404,              -0.002067,                0.50016,                0.49984,             3.6159e-05,               0.040032,                0.46739,                0.50742,               0.054161,                0.14403,                0.49954,               0.028512,                0.13711,                0.51611,               0.044841,              0.0031546,                0.12775,                0.50013,                0.49987,             0.00014815,                0.51854,               0.004418,               0.050896,                 0.6945,                0.52073,                0.32786,               0.093356,                      1
                     22,                0.70806,                0.48557,                 1.3744,                0.03161,                0.00045,                  5e-05,                0.79152,                0.81096,                0.83987,                 0.6941,                0.66974,                  0.435,                 1.4454,                0.02976,                0.00039,                  6e-05,               0.007921,               0.007921,               0.007921,               0.048482,                0.42216,                0.47064,               0.061454,                 0.1432,                0.51976,              0.0038442,               0.048145,                 0.5197,                0.04489,             0.00077912,             0.00017877,             -0.0022681,                0.50017,                0.49983,             3.8873e-05,               0.038453,                0.47213,                0.51059,               0.053041,                0.14581,                0.51994,               0.025594,                0.13382,                0.51611,               0.044858,              0.0029082,                0.12762,                0.50014,                0.49986,             0.00015126,                0.51951,               0.004561,               0.049225,                 0.6923,                0.51999,                0.32324,               0.093398,                      1
                     23,                0.71104,                0.48464,                 1.3834,                0.03137,                0.00045,                  5e-05,                0.78245,                 0.8181,                0.84325,                0.69791,                0.66796,                0.42917,                 1.4456,                0.02959,                 0.0004,                  5e-05,               0.007822,               0.007822,               0.007822,                0.04721,                0.42104,                0.46825,               0.059894,                0.14174,                0.51955,              0.0035906,               0.049329,                0.51907,               0.044796,             0.00072437,             0.00019545,             -0.0024965,                0.50019,                0.49981,             4.1226e-05,               0.036854,                0.47238,                0.50923,               0.051152,                0.14432,                0.49584,               0.028334,                 0.1405,                0.51611,               0.044771,              0.0027006,                0.12749,                0.50014,                0.49986,             0.00015247,                0.51841,              0.0043236,               0.049465,                0.69296,                0.52119,                0.32325,               0.093298,                      1
                     24,                 0.7076,                0.48258,                 1.3782,                0.03136,                0.00045,                  5e-05,                0.80754,                0.78981,                0.84282,                0.69914,                0.66901,                0.42963,                  1.445,                0.02945,                0.00039,                  6e-05,               0.007723,               0.007723,               0.007723,               0.046311,                0.42437,                0.47068,               0.059361,                0.14275,                0.52125,              0.0038707,               0.047964,                0.51896,               0.045013,              0.0006697,             0.00020806,             -0.0026677,                 0.5002,                 0.4998,             4.3356e-05,               0.035533,                0.47754,                0.51307,                0.05028,                0.14551,                0.50755,               0.028381,                 0.1375,                0.51603,               0.044994,              0.0024919,                0.12735,                0.50014,                0.49986,             0.00015464,                0.51976,              0.0043367,               0.051652,                0.69386,                0.52003,                0.32394,               0.093762,                      1
                     25,                0.70436,                0.47414,                 1.3736,                0.03144,                0.00045,                  5e-05,                0.81439,                 0.8116,                0.85243,                  0.707,                0.66353,                0.42764,                 1.4342,                0.02927,                0.00039,                  5e-05,               0.007624,               0.007624,               0.007624,               0.046707,                0.42597,                0.47267,               0.059909,                0.14376,                0.52211,              0.0036864,               0.049976,                0.51904,               0.044693,             0.00062363,             0.00022191,             -0.0028527,                0.50022,                0.49978,             4.6548e-05,               0.035147,                0.47792,                0.51307,               0.050042,                0.14596,                0.51687,               0.027036,                0.14032,                0.51611,                0.04467,              0.0023286,                0.12729,                0.50014,                0.49986,               0.000157,                0.51901,              0.0044366,               0.050139,                0.69441,                0.51902,                0.32436,               0.093755,                      1
                     26,                0.70172,                0.47165,                 1.3773,                0.03081,                0.00045,                  5e-05,                0.80051,                0.80598,                0.83931,                0.69514,                0.66722,                0.42825,                 1.4557,                0.02925,                0.00039,                  5e-05,               0.007525,               0.007525,               0.007525,               0.045719,                0.43174,                0.47745,                0.05883,                 0.1433,                0.52017,              0.0035722,               0.050494,                0.51891,               0.044734,              0.0005809,             0.00023566,             -0.0030368,                0.50023,                0.49977,             4.9706e-05,               0.034567,                0.48461,                0.51918,               0.049362,                0.14588,                0.51718,               0.028033,                0.13653,                0.51612,               0.044693,              0.0021396,                 0.1272,                0.50014,                0.49986,              0.0001598,                0.51987,              0.0043165,               0.050904,                0.69133,                 0.5193,                0.32344,               0.093634,                      1
                     27,                0.69738,                0.47082,                   1.37,                0.03119,                0.00045,                  6e-05,                0.81656,                0.79621,                0.83928,                0.69703,                0.66193,                0.42415,                 1.4481,                0.02911,                0.00039,                  6e-05,               0.007426,               0.007426,               0.007426,               0.045571,                0.42798,                0.47355,               0.058856,                0.14393,                0.51965,              0.0037123,               0.049644,                0.51869,               0.044836,             0.00053793,             0.00026011,             -0.0033688,                0.50025,                0.49975,             5.4955e-05,               0.034093,                0.48217,                0.51627,               0.049157,                0.14627,                0.53547,               0.031162,                0.14232,                0.51615,               0.044793,              0.0019914,                0.12711,                0.50015,                0.49985,             0.00016286,                0.51845,              0.0042765,               0.051313,                 0.6927,                0.52029,                0.32366,               0.093789,                      1
                     28,                0.69727,                0.46914,                 1.3688,                0.03085,                0.00045,                  6e-05,                0.81134,                0.80237,                0.84948,                0.70435,                0.66053,                0.42408,                 1.4338,                  0.029,                 0.0004,                  5e-05,               0.007327,               0.007327,               0.007327,               0.045404,                0.43103,                0.47643,               0.058554,                0.14371,                0.52012,              0.0036431,               0.050089,                0.51858,               0.044987,             0.00050552,             0.00027288,             -0.0035342,                0.50027,                0.49973,             5.9684e-05,               0.033797,                0.48721,                  0.521,               0.048748,                0.14628,                0.50205,               0.031493,                0.14308,                 0.5163,               0.044949,              0.0018485,                0.12703,                0.50015,                0.49985,             0.00016608,                0.51865,              0.0043189,               0.049624,                0.69182,                0.51905,                0.32052,               0.093963,                      1
                     29,                  0.698,                0.46865,                 1.3777,                0.03074,                0.00045,                  6e-05,                0.82025,                0.80025,                0.84381,                0.70159,                0.66056,                0.41971,                 1.4426,                0.02894,                 0.0004,                  5e-05,               0.007228,               0.007228,               0.007228,               0.044245,                0.43268,                0.47693,               0.057387,                0.14285,                0.52043,              0.0037933,               0.049497,                0.51851,               0.045014,             0.00047194,             0.00030303,             -0.0039445,                 0.5003,                 0.4997,              6.577e-05,               0.033071,                0.48684,                0.51991,               0.047932,                0.14551,                0.50646,               0.029461,                0.15012,                0.51612,                0.04499,              0.0017118,                0.12698,                0.50015,                0.49985,              0.0001687,                0.51734,              0.0045173,               0.047705,                0.69508,                0.52031,                 0.3229,               0.094689,                      1
                     30,                0.69495,                0.46569,                 1.3718,                0.03066,                0.00045,                  5e-05,                0.80617,                0.81942,                0.85465,                0.71164,                  0.659,                0.41677,                 1.4521,                0.02882,                 0.0004,                  5e-05,               0.007129,               0.007129,               0.007129,               0.044634,                0.43403,                0.47867,               0.057834,                0.14331,                0.51939,              0.0036131,               0.050088,                0.51829,               0.045121,             0.00044324,             0.00032457,             -0.0042347,                0.50032,                0.49968,             7.0551e-05,               0.032864,                0.48698,                0.51985,               0.047755,                0.14528,                0.51038,               0.028741,                0.14004,                0.51611,                0.04511,               0.001587,                0.12691,                0.50015,                0.49985,             0.00017039,                0.51668,               0.004388,                0.04805,                0.69376,                0.51951,                 0.3257,               0.093956,                      1
                     31,                0.69839,                0.46773,                 1.3752,                0.03065,                0.00045,                  5e-05,                0.81854,                0.82572,                0.86394,                0.72009,                0.65693,                0.41015,                 1.4536,                0.02874,                 0.0004,                  5e-05,                0.00703,                0.00703,                0.00703,               0.043786,                 0.4316,                0.47539,               0.056909,                0.14317,                0.52154,              0.0035827,               0.048919,                0.51849,               0.044947,             0.00041643,             0.00035375,               -0.00463,                0.50035,                0.49965,             7.6252e-05,               0.032151,                 0.4866,                0.51875,               0.047027,                0.14522,                0.50629,               0.027316,                0.13923,                 0.5165,               0.044946,              0.0014981,                0.12689,                0.50016,                0.49984,             0.00017314,                 0.5204,              0.0044616,               0.046651,                0.69088,                  0.521,                0.32444,               0.092914,                      1
                     32,                0.69284,                0.46182,                 1.3709,                0.03061,                0.00045,                  6e-05,                0.81857,                0.81206,                0.86063,                0.71771,                0.65819,                0.41137,                 1.4386,                 0.0287,                 0.0004,                  5e-05,               0.006931,               0.006931,               0.006931,               0.044738,                0.43499,                0.47972,               0.058034,                0.14416,                0.51988,              0.0036593,               0.050332,                0.51844,               0.044831,             0.00038719,             0.00038633,             -0.0050694,                0.50038,                0.49962,             8.2378e-05,               0.032489,                0.49035,                0.52284,               0.047582,                0.14618,                 0.5174,               0.030778,                0.15188,                 0.5166,                0.04482,              0.0013989,                0.12696,                0.50016,                0.49984,             0.00017607,                0.51842,              0.0046498,               0.046373,                0.69565,                  0.521,                0.32257,               0.094856,                      1
                     33,                0.69269,                0.46267,                  1.366,                0.03045,                0.00045,                  6e-05,                0.81113,                0.83113,                0.86002,                0.71686,                0.65606,                0.41164,                 1.4505,                 0.0286,                0.00039,                  5e-05,               0.006832,               0.006832,               0.006832,               0.043348,                0.43431,                0.47766,               0.056514,                0.14305,                0.52243,              0.0036735,               0.049664,                0.51859,               0.044743,             0.00037085,             0.00040792,              -0.005355,                 0.5004,                 0.4996,             8.8079e-05,               0.031893,                0.48938,                0.52127,               0.046793,                0.14531,                0.51985,               0.032749,                0.14738,                 0.5166,               0.044731,              0.0012865,                0.12691,                0.50016,                0.49984,             0.00017749,                0.51852,              0.0045448,                0.04539,                0.69494,                0.52061,                0.32435,               0.093526,                      1
                     34,                0.68808,                0.45669,                 1.3672,                0.03037,                0.00044,                  5e-05,                 0.7993,                0.82896,                0.85684,                0.71429,                 0.6558,                0.41276,                 1.4498,                 0.0285,                0.00039,                  5e-05,               0.006733,               0.006733,               0.006733,               0.042742,                0.43666,                 0.4794,               0.056053,                0.14359,                0.52141,               0.003519,               0.050737,                0.51882,               0.044484,              0.0003513,             0.00043188,             -0.0056735,                0.50042,                0.49958,              9.372e-05,               0.031622,                0.49239,                0.52402,               0.046702,                0.14573,                0.49649,               0.027805,                0.13534,                0.51689,                0.04448,              0.0012126,                 0.1269,                0.50016,                0.49984,             0.00018055,                0.52186,               0.004607,               0.044702,                 0.6939,                 0.5225,                0.32289,                0.09398,                      1
                     35,                0.69022,                0.45764,                 1.3698,                0.03038,                0.00045,                  6e-05,                0.80501,                0.82133,                0.85218,                0.71202,                0.65588,                0.41321,                 1.4466,                0.02842,                0.00039,                  5e-05,               0.006634,               0.006634,               0.006634,               0.043563,                0.43751,                0.48107,               0.056809,                0.14397,                0.52155,              0.0036504,               0.050561,                0.51871,               0.044772,               0.000332,             0.00044897,             -0.0058978,                0.50044,                0.49956,             9.8196e-05,               0.031638,                0.49538,                0.52702,               0.046718,                0.14612,                0.51945,               0.028953,                0.14812,                0.51709,               0.044772,              0.0011402,                0.12688,                0.50017,                0.49983,             0.00018403,                0.51876,              0.0047629,               0.043795,                0.69302,                0.51973,                0.32142,               0.094232,                      1
                     36,                0.68417,                0.45102,                 1.3628,                0.03039,                0.00045,                  6e-05,                 0.8106,                0.81234,                0.85341,                0.71388,                0.65295,                0.41126,                 1.4484,                0.02837,                0.00039,                  5e-05,               0.006535,               0.006535,               0.006535,                0.04274,                0.43619,                0.47893,               0.056136,                0.14338,                0.51985,              0.0035958,               0.049366,                0.51893,               0.045148,             0.00031425,             0.00047963,             -0.0063131,                0.50047,                0.49953,              0.0001038,                0.03114,                0.49219,                0.52333,               0.046342,                0.14546,                0.50342,               0.033513,                0.15542,                0.51711,               0.045144,              0.0010736,                0.12686,                0.50017,                0.49983,             0.00018713,                0.52046,              0.0046801,               0.043922,                0.69587,                0.52121,                0.32621,               0.093516,                      1
                     37,                0.67968,                0.44881,                 1.3645,                0.03007,                0.00045,                  6e-05,                0.80117,                0.83356,                  0.858,                0.71718,                0.65353,                0.40872,                 1.4503,                0.02829,                0.00039,                  5e-05,               0.006436,               0.006436,               0.006436,               0.041197,                0.44011,                0.48131,               0.054623,                0.14312,                0.51926,              0.0035625,               0.050973,                 0.5186,               0.045155,             0.00029895,             0.00050715,             -0.0066768,                0.50049,                0.49951,             0.00011119,               0.030536,                0.49619,                0.52672,                0.04575,                0.14547,                0.50993,               0.030452,                0.15118,                0.51709,               0.045136,              0.0010066,                0.12684,                0.50017,                0.49983,             0.00018966,                0.51866,              0.0047148,                0.04384,                0.69287,                0.51935,                0.32481,               0.093947,                      1
                     38,                0.68306,                0.44913,                 1.3688,                0.03012,                0.00045,                  5e-05,                0.82212,                0.82905,                0.86099,                0.72075,                0.65296,                0.40683,                 1.4425,                0.02823,                0.00039,                  5e-05,               0.006337,               0.006337,               0.006337,               0.041257,                0.44197,                0.48323,               0.054724,                0.14377,                0.51953,              0.0034821,                0.05145,                0.51855,                0.04458,             0.00027789,             0.00053778,              -0.007089,                0.50052,                0.49948,             0.00011728,               0.030255,                0.49865,                0.52891,               0.045527,                0.14585,                0.50774,               0.027652,                0.14114,                0.51709,               0.044588,             0.00093256,                0.12682,                0.50017,                0.49983,             0.00019359,                 0.5178,              0.0046357,               0.043328,                0.69092,                0.51767,                0.32209,               0.093687,                      1
                     39,                0.67922,                0.44407,                 1.3704,                0.02998,                0.00045,                  5e-05,                0.81912,                0.82651,                0.85742,                0.71769,                0.65326,                0.40788,                 1.4453,                0.02818,                0.00039,                  5e-05,               0.006238,               0.006238,               0.006238,               0.041747,                0.44218,                0.48393,               0.055306,                0.14368,                 0.5226,              0.0034174,               0.051309,                0.51855,               0.044711,             0.00027483,             0.00056724,             -0.0074866,                0.50055,                0.49945,             0.00012229,               0.030154,                0.49786,                0.52802,               0.045491,                0.14558,                0.49658,               0.027265,                0.14201,                0.51709,               0.044702,             0.00087574,                0.12682,                0.50018,                0.49982,             0.00019481,                0.51923,              0.0045514,               0.043819,                0.69384,                0.52096,                0.32313,               0.093824,                      1
                     40,                0.67811,                0.44523,                 1.3647,                0.03013,                0.00045,                  6e-05,                0.81672,                0.83469,                0.86405,                0.72304,                0.65314,                0.40516,                 1.4445,                0.02814,                0.00039,                  5e-05,               0.006139,               0.006139,               0.006139,                0.04097,                0.43983,                 0.4808,               0.054404,                 0.1434,                0.51986,              0.0035273,               0.050732,                0.51865,               0.044822,             0.00028479,             0.00058021,             -0.0076363,                0.50057,                0.49943,             0.00013043,               0.029919,                0.49609,                0.52601,               0.045153,                0.14534,                0.51343,               0.031369,                 0.1508,                0.51731,               0.044817,             0.00082697,                0.12682,                0.50018,                0.49982,             0.00019751,                0.52015,              0.0047911,               0.042134,                0.69644,                  0.522,                0.32219,               0.094501,                      1
                     41,                0.67703,                  0.441,                 1.3712,                0.03015,                0.00045,                  6e-05,                0.82731,                0.82732,                0.86411,                0.72319,                0.65285,                0.40456,                 1.4444,                0.02811,                0.00039,                  5e-05,                0.00604,                0.00604,                0.00604,               0.042216,                 0.4419,                0.48411,               0.055782,                0.14445,                0.52115,              0.0035635,               0.049232,                0.51892,               0.045144,             0.00027404,             0.00061119,              -0.008053,                 0.5006,                 0.4994,             0.00013634,               0.030506,                0.49884,                0.52934,               0.045886,                 0.1464,                 0.4884,               0.030082,                 0.1489,                0.51758,                0.04512,             0.00078678,                0.12681,                0.50018,                0.49982,             0.00020036,                0.51956,              0.0047086,               0.041564,                0.69175,                0.51807,                0.32289,               0.093041,                      1
                     42,                0.67557,                0.44016,                 1.3646,                0.02998,                0.00045,                  6e-05,                0.82448,                 0.8337,                 0.8683,                0.72693,                0.65151,                0.40219,                 1.4485,                0.02807,                0.00039,                  5e-05,               0.005941,               0.005941,               0.005941,               0.041197,                0.44291,                 0.4841,               0.054728,                0.14367,                0.52009,              0.0036788,               0.049694,                0.51855,               0.045141,             0.00023645,             0.00064958,             -0.0085674,                0.50063,                0.49937,             0.00014484,               0.030424,                0.49885,                0.52927,               0.045729,                0.14575,                0.53113,               0.029064,                0.14661,                0.51758,               0.045148,             0.00074869,                 0.1268,                0.50019,                0.49981,              0.0002034,                0.51881,              0.0048173,               0.042298,                0.69407,                0.52006,                0.32236,               0.094717,                      1
                     43,                0.66883,                  0.437,                 1.3687,                0.02987,                0.00045,                  6e-05,                0.82594,                0.82726,                 0.8679,                0.72755,                0.65102,                0.40139,                 1.4477,                0.02803,                0.00039,                  5e-05,               0.005842,               0.005842,               0.005842,               0.040425,                0.44485,                0.48527,               0.054037,                 0.1436,                0.52282,              0.0035249,               0.051114,                0.51903,               0.045042,             0.00024129,             0.00068944,             -0.0091056,                0.50067,                0.49933,             0.00015205,               0.029557,                0.49919,                0.52874,               0.044919,                0.14536,                  0.516,               0.029244,                0.14764,                0.51793,               0.045028,             0.00070604,                0.12681,                0.50019,                0.49981,             0.00020681,                0.52009,              0.0047592,               0.040968,                0.69436,                0.51917,                0.32457,                0.09438,                      1
                     44,                0.67193,                0.43522,                 1.3649,                0.02995,                0.00045,                  6e-05,                0.81659,                 0.8389,                0.86699,                0.72681,                0.65033,                0.40099,                 1.4508,                0.02801,                0.00039,                  5e-05,               0.005743,               0.005743,               0.005743,               0.041273,                0.44581,                0.48708,               0.055032,                0.14473,                0.51889,              0.0035925,               0.050034,                0.51904,               0.045147,             0.00020154,             0.00074222,             -0.0098248,                0.50072,                0.49928,             0.00016081,               0.030215,                 0.4997,                0.52992,               0.045719,                0.14605,                0.52284,               0.029395,                   0.15,                0.51807,                0.04513,             0.00066711,                0.12681,                0.50019,                0.49981,             0.00020948,                0.51997,              0.0047327,               0.040786,                0.69071,                0.51894,                 0.3252,               0.093898,                      1
                     45,                0.67472,                0.43704,                 1.3685,                0.02982,                0.00045,                  6e-05,                0.81631,                0.83911,                0.86858,                0.72925,                0.65018,                0.39968,                 1.4496,                0.02796,                0.00039,                  5e-05,               0.005644,               0.005644,               0.005644,               0.040714,                0.44444,                0.48515,               0.054237,                0.14368,                0.52202,              0.0035239,               0.052164,                0.51904,               0.044891,             0.00018858,             0.00077948,              -0.010312,                0.50076,                0.49924,              0.0001715,               0.029635,                0.50024,                0.52988,               0.044929,                0.14534,                0.51688,                0.03141,                0.15044,                0.51808,               0.044888,              0.0006319,                0.12683,                 0.5002,                 0.4998,             0.00021113,                0.51981,              0.0048777,               0.041251,                0.69797,                0.52175,                0.32213,               0.095581,                      1
                     46,                0.67178,                 0.4369,                  1.371,                 0.0298,                0.00045,                  5e-05,                0.83257,                0.82248,                0.86941,                0.72974,                0.65002,                0.39936,                 1.4475,                0.02793,                0.00039,                  5e-05,               0.005545,               0.005545,               0.005545,               0.040143,                0.44422,                0.48436,               0.053617,                0.14339,                0.52085,              0.0035328,               0.051285,                0.51904,               0.044947,             0.00016696,             0.00082693,              -0.010951,                0.50081,                0.49919,             0.00018034,               0.029255,                0.49929,                0.52854,               0.044465,                0.14484,                0.52014,               0.027392,                0.14557,                0.51811,               0.044934,             0.00059937,                0.12686,                 0.5002,                 0.4998,             0.00021386,                0.51952,              0.0048569,               0.040496,                0.69346,                0.52076,                0.32123,               0.094035,                      1
                     47,                0.66973,                0.43181,                 1.3637,                0.02976,                0.00045,                  6e-05,                0.84208,                0.81303,                 0.8674,                0.72888,                  0.649,                0.39954,                 1.4479,                0.02789,                0.00039,                  5e-05,               0.005446,               0.005446,               0.005446,               0.040567,                0.44676,                0.48733,               0.054167,                0.14431,                0.51975,              0.0035161,               0.050436,                 0.5189,               0.044727,              0.0002183,             0.00087031,              -0.011533,                0.50085,                0.49915,             0.00018662,               0.029555,                0.50284,                0.53239,               0.044944,                0.14592,                 0.5015,                0.03004,                0.14665,                0.51837,               0.044727,             0.00056517,                0.12697,                 0.5002,                 0.4998,             0.00021639,                0.51949,              0.0050821,               0.038648,                0.69541,                0.51913,                0.32451,               0.094042,                      1
                     48,                0.66959,                0.43445,                 1.3659,                0.02976,                0.00045,                  6e-05,                0.83626,                0.81894,                0.86644,                0.72778,                0.64889,                0.39979,                 1.4466,                0.02786,                0.00039,                  5e-05,               0.005347,               0.005347,               0.005347,               0.039932,                0.44553,                0.48546,               0.053523,                0.14363,                0.51933,              0.0035029,               0.050849,                0.51876,               0.045018,              0.0002104,             0.00088221,              -0.011662,                0.50086,                0.49914,             0.00019488,               0.029634,                0.50176,                0.53139,               0.045027,                0.14591,                0.50738,               0.029188,                0.14841,                0.51855,               0.044982,             0.00054167,                0.12699,                0.50021,                0.49979,             0.00021879,                 0.5193,              0.0050088,               0.038676,                0.69201,                0.51925,                0.32336,                0.09376,                      1
                     49,                0.66703,                0.42881,                 1.3579,                0.02965,                0.00045,                  6e-05,                0.82458,                0.83083,                0.86496,                 0.7264,                0.64883,                0.39981,                 1.4458,                0.02783,                0.00039,                  5e-05,               0.005248,               0.005248,               0.005248,                0.03973,                0.44764,                0.48737,               0.053339,                0.14383,                0.52134,              0.0034061,               0.049706,                0.51855,               0.044876,             0.00017583,             0.00092528,              -0.012243,                 0.5009,                 0.4991,              0.0002022,               0.029294,                0.50445,                0.53374,               0.044696,                0.14593,                0.49657,               0.030826,                0.15043,                0.51855,               0.044862,             0.00051636,                0.12699,                0.50021,                0.49979,             0.00022027,                0.51929,              0.0048172,               0.038122,                0.69137,                0.52059,                0.32835,               0.092633,                      1
                     50,                0.66133,                0.42611,                 1.3572,                0.02976,                0.00045,                  6e-05,                0.82102,                0.82707,                0.86358,                0.72563,                0.64857,                0.40038,                 1.4441,                0.02781,                0.00039,                  5e-05,               0.005149,               0.005149,               0.005149,               0.039618,                0.44844,                0.48805,               0.053489,                0.14459,                0.52179,              0.0036494,               0.050289,                0.51855,               0.044863,             0.00017338,             0.00095547,               -0.01264,                0.50093,                0.49907,             0.00020851,               0.029202,                0.50235,                0.53155,               0.044824,                 0.1461,                 0.5267,               0.031059,                0.15622,                0.51854,               0.044836,             0.00049283,                0.12702,                0.50021,                0.49979,             0.00022236,                0.52016,              0.0050356,               0.037273,                0.69214,                0.51944,                0.32249,               0.094446,                      1
                     51,                0.66487,                0.42884,                 1.3623,                0.02966,                0.00045,                  5e-05,                0.82151,                0.83103,                0.86461,                  0.727,                0.64831,                0.39989,                 1.4442,                0.02778,                0.00039,                  5e-05,                0.00505,                0.00505,                0.00505,               0.040096,                0.44764,                0.48773,                0.05384,                0.14458,                0.51929,              0.0036196,               0.051066,                0.51855,                0.04482,             0.00011749,             0.00098823,              -0.013078,                0.50096,                0.49904,             0.00021378,                0.02909,                0.50286,                0.53195,               0.044617,                0.14579,                0.52352,                 0.0287,                0.14711,                0.51852,               0.044813,             0.00046646,                0.12702,                0.50022,                0.49978,               0.000224,                0.51857,              0.0050551,               0.038064,                0.69345,                0.51989,                0.32636,               0.095056,                      1
                     52,                0.65965,                0.42379,                 1.3648,                 0.0294,                0.00045,                  5e-05,                0.82194,                0.83069,                0.86489,                0.72744,                0.64838,                0.39986,                 1.4451,                0.02775,                0.00039,                  5e-05,               0.004951,               0.004951,               0.004951,               0.038873,                0.44918,                0.48805,               0.052447,                0.14311,                 0.5212,              0.0036195,               0.050651,                 0.5189,               0.045242,             0.00017593,              0.0010489,              -0.013895,                0.50102,                0.49898,             0.00022508,               0.028892,                0.50407,                0.53296,                 0.0442,                  0.145,                0.51266,               0.028204,                0.14801,                0.51855,                0.04527,             0.00044235,                0.12705,                0.50022,                0.49978,             0.00022518,                0.51979,              0.0052942,               0.035239,                0.69447,                0.52055,                0.32259,               0.093735,                      1
                     53,                0.65628,                0.41955,                 1.3621,                0.02946,                0.00045,                  6e-05,                0.82206,                0.83372,                0.86486,                0.72656,                0.64846,                0.39941,                 1.4448,                0.02773,                0.00039,                  5e-05,               0.004852,               0.004852,               0.004852,               0.039184,                0.45209,                0.49127,               0.052901,                 0.1442,                0.51984,              0.0035394,                0.05063,                0.51887,               0.044784,             0.00022844,              0.0010805,              -0.014297,                0.50105,                0.49895,             0.00023619,               0.028538,                0.50682,                0.53536,               0.044008,                0.14563,                 0.5092,               0.029014,                0.14792,                0.51855,               0.044793,             0.00042456,                0.12706,                0.50022,                0.49978,             0.00022748,                0.51899,              0.0051151,               0.036587,                0.69566,                0.52147,                0.32213,               0.093981,                      1
                     54,                 0.6547,                0.41864,                 1.3674,                0.02932,                0.00045,                  6e-05,                 0.8258,                0.82857,                0.86397,                0.72607,                0.64828,                 0.3993,                 1.4461,                0.02771,                0.00039,                  5e-05,               0.004753,               0.004753,               0.004753,               0.039497,                 0.4521,                 0.4916,               0.053223,                0.14436,                 0.5185,               0.003456,               0.050626,                0.51855,               0.044676,             0.00014389,              0.0011283,              -0.014928,                 0.5011,                 0.4989,             0.00024505,               0.028752,                0.50958,                0.53833,               0.044306,                0.14622,                0.51148,               0.034499,                0.16126,                0.51857,               0.044675,             0.00041818,                0.12716,                0.50022,                0.49978,             0.00022889,                0.51936,              0.0050691,                 0.0361,                0.69424,                0.51925,                 0.3225,               0.093443,                      1
                     55,                0.65639,                0.41603,                 1.3586,                 0.0294,                0.00045,                  6e-05,                0.82253,                0.83483,                0.86378,                0.72587,                 0.6481,                0.39908,                 1.4484,                0.02768,                0.00039,                  5e-05,               0.004654,               0.004654,               0.004654,                0.03963,                0.45282,                0.49245,               0.053427,                0.14493,                 0.5242,              0.0035482,               0.050184,                0.51855,               0.044613,             0.00010627,              0.0011763,              -0.015574,                0.50115,                0.49885,             0.00025118,                0.02862,                0.50954,                0.53816,               0.044233,                0.14607,                0.51463,               0.030583,                0.15097,                0.51902,               0.044613,             0.00039912,                0.12724,                0.50022,                0.49978,             0.00023221,                0.52039,              0.0052964,               0.034827,                0.69565,                0.52146,                0.32589,               0.093873,                      1
                     56,                0.65237,                 0.4167,                 1.3584,                0.02951,                0.00045,                  5e-05,                0.82653,                0.83277,                0.86446,                0.72643,                0.64785,                0.39878,                 1.4491,                0.02766,                0.00039,                  5e-05,               0.004555,               0.004555,               0.004555,               0.039109,                0.45039,                 0.4895,               0.052971,                0.14412,                0.52053,              0.0035352,               0.049454,                0.51866,               0.045066,             0.00017904,              0.0012173,              -0.016125,                0.50119,                0.49881,             0.00025635,               0.028392,                0.50647,                0.53487,               0.044058,                0.14588,                0.52568,               0.028396,                  0.146,                0.51904,               0.045089,             0.00036743,                0.12727,                0.50023,                0.49977,             0.00023422,                0.51956,              0.0052661,               0.034487,                0.68955,                0.51734,                0.32106,               0.093326,                      1
                     57,                0.64944,                0.41099,                 1.3586,                0.02939,                0.00045,                  5e-05,                0.82498,                0.83352,                0.86422,                0.72657,                0.64776,                0.39826,                 1.4511,                0.02765,                0.00039,                  5e-05,               0.004456,               0.004456,               0.004456,               0.039081,                0.45569,                0.49477,               0.053123,                0.14557,                0.52121,              0.0035856,               0.049681,                0.51855,               0.044675,             0.00012465,               0.001242,              -0.016435,                0.50121,                0.49879,             0.00026502,               0.028715,                0.51036,                0.53908,               0.044508,                0.14678,                 0.5158,               0.027498,                0.14067,                0.51904,               0.044679,               0.000349,                0.12728,                0.50023,                0.49977,             0.00023759,                0.51966,              0.0052412,               0.035204,                0.69394,                  0.522,                0.32153,               0.094107,                      1
                     58,                0.65538,                0.41437,                 1.3501,                0.02932,                0.00045,                  5e-05,                0.82528,                0.83275,                0.86467,                0.72696,                0.64767,                0.39809,                 1.4513,                0.02763,                0.00039,                  5e-05,               0.004357,               0.004357,               0.004357,               0.039144,                0.45169,                0.49084,               0.052884,                0.14427,                0.52021,              0.0036278,               0.049497,                 0.5188,               0.044837,             0.00022357,              0.0013111,              -0.017371,                0.50128,                0.49872,             0.00027509,                0.02902,                0.50873,                0.53775,               0.044574,                0.14605,                0.52324,               0.027823,                0.14006,                0.51904,               0.044844,             0.00035405,                0.12732,                0.50023,                0.49977,              0.0002397,                   0.52,              0.0053013,                0.03488,                0.69437,                0.52003,                0.32054,               0.094338,                      1
                     59,                0.65453,                 0.4124,                 1.3658,                0.02938,                0.00045,                  5e-05,                0.82214,                0.83177,                 0.8646,                0.72667,                0.64763,                0.39804,                 1.4514,                0.02762,                0.00039,                  5e-05,               0.004258,               0.004258,               0.004258,               0.038352,                0.44956,                0.48791,                0.05198,                0.14334,                0.52109,               0.003574,               0.049987,                0.51855,               0.044539,             0.00010753,              0.0013487,               -0.01786,                0.50132,                0.49868,             0.00028279,               0.028157,                0.50914,                 0.5373,               0.043665,                0.14553,                0.50216,               0.027957,                 0.1449,                0.51904,               0.044528,             0.00032784,                0.12739,                0.50024,                0.49976,             0.00024199,                0.51868,              0.0053866,               0.034593,                0.69405,                0.52222,                0.32321,               0.094266,                      1
                     60,                 0.6541,                0.41293,                 1.3563,                0.02938,                0.00045,                  6e-05,                0.83055,                0.82461,                0.86415,                0.72698,                0.64748,                0.39808,                 1.4518,                0.02759,                0.00039,                  5e-05,               0.004159,               0.004159,               0.004159,               0.038669,                0.45204,                0.49071,               0.052567,                0.14444,                 0.5215,              0.0035327,               0.048964,                 0.5186,               0.044847,             0.00017196,              0.0013871,              -0.018361,                0.50136,                0.49864,             0.00028846,               0.028044,                0.50814,                0.53618,               0.043741,                0.14582,                0.52094,               0.031035,                0.15147,                0.51904,               0.044849,             0.00032216,                 0.1275,                0.50024,                0.49976,             0.00024431,                0.52017,               0.005214,               0.034028,                0.69143,                0.51803,                0.32413,               0.093001,                      1
                     61,                0.64733,                0.40706,                 1.3542,                0.02925,                0.00045,                  5e-05,                0.80907,                0.84459,                0.86459,                0.72718,                0.64737,                0.39784,                 1.4524,                0.02758,                0.00039,                  5e-05,                0.00406,                0.00406,                0.00406,               0.038974,                0.45396,                0.49293,               0.052882,                0.14447,                0.51923,              0.0036088,               0.049528,                 0.5186,               0.045149,             0.00019983,               0.001441,              -0.019076,                0.50141,                0.49859,             0.00029916,                0.02811,                 0.5106,                0.53871,               0.043837,                0.14613,                0.51939,               0.028118,                 0.1454,                0.51904,               0.045154,             0.00032266,                0.12754,                0.50025,                0.49975,             0.00024573,                0.51952,              0.0054972,               0.033016,                0.69351,                0.51955,                0.32481,               0.094413,                      1
                     62,                0.64495,                0.40537,                 1.3547,                0.02925,                0.00045,                  6e-05,                 0.8091,                0.84608,                0.86431,                0.72705,                 0.6472,                0.39796,                 1.4523,                0.02756,                0.00039,                  5e-05,               0.003961,               0.003961,               0.003961,               0.038657,                0.45371,                0.49237,               0.052537,                0.14421,                 0.5187,              0.0036056,                0.05007,                0.51855,               0.045012,             7.2125e-05,              0.0014565,              -0.019259,                0.50142,                0.49858,             0.00030555,               0.027942,                0.50991,                0.53785,               0.043621,                0.14593,                0.50111,               0.029033,                0.14593,                0.51904,               0.045016,             0.00030898,                0.12755,                0.50025,                0.49975,             0.00024797,                0.51834,              0.0056024,               0.032295,                  0.691,                0.51823,                0.32261,               0.094407,                      1
                     63,                0.64771,                0.40694,                 1.3584,                0.02922,                0.00045,                  5e-05,                0.82858,                0.82499,                 0.8643,                0.72683,                0.64712,                0.39795,                 1.4524,                0.02755,                0.00039,                  5e-05,               0.003862,               0.003862,               0.003862,               0.038112,                0.45357,                0.49168,               0.051836,                0.14355,                0.51863,              0.0035599,               0.049341,                0.51855,               0.044764,             0.00011834,              0.0015035,              -0.019877,                0.50147,                0.49853,             0.00031654,               0.027973,                0.50996,                0.53793,               0.043476,                0.14526,                 0.5019,               0.027791,                0.14632,                0.51904,               0.044759,             0.00029119,                0.12758,                0.50025,                0.49975,             0.00025075,                0.51858,              0.0054562,               0.032265,                0.69138,                0.51974,                 0.3219,               0.093595,                      1
                     64,                 0.6471,                0.40743,                 1.3582,                0.02896,                0.00045,                  5e-05,                0.82995,                0.82726,                0.86394,                0.72684,                0.64699,                0.39792,                 1.4525,                0.02754,                0.00039,                  5e-05,               0.003763,               0.003763,               0.003763,               0.037784,                0.45501,                0.49279,               0.051319,                0.14309,                0.52082,              0.0036512,               0.048893,                0.51855,               0.044515,             9.0761e-05,              0.0015251,              -0.020153,                0.50149,                0.49851,             0.00031885,               0.027999,                 0.5112,                 0.5392,                0.04328,                0.14455,                0.51377,                0.02698,                0.14207,                0.51904,               0.044521,             0.00027548,                0.12762,                0.50025,                0.49975,             0.00025259,                0.51929,              0.0054665,               0.032098,                0.69273,                0.52004,                0.32423,               0.093255,                      1
                     65,                0.64114,                0.39973,                  1.358,                0.02926,                0.00045,                  6e-05,                0.82518,                0.83116,                0.86426,                0.72703,                0.64698,                0.39758,                 1.4532,                0.02753,                0.00039,                  5e-05,               0.003664,               0.003664,               0.003664,               0.038406,                0.45635,                0.49475,               0.052526,                0.14498,                0.51953,              0.0035921,               0.048314,                0.51855,               0.044944,             9.1757e-05,              0.0015599,              -0.020598,                0.50153,                0.49847,             0.00032444,               0.027846,                0.50961,                0.53746,               0.043692,                0.14601,                 0.5284,               0.028626,                0.14322,                0.51904,               0.044957,             0.00028543,                0.12776,                0.50026,                0.49974,              0.0002542,                0.51889,              0.0055607,                 0.0315,                 0.6909,                0.51816,                0.32112,               0.094004,                      1
                     66,                0.64007,                0.40113,                 1.3546,                 0.0291,                0.00045,                  6e-05,                 0.8252,                0.83167,                0.86399,                0.72698,                0.64689,                0.39755,                 1.4535,                0.02752,                0.00039,                  5e-05,               0.003565,               0.003565,               0.003565,               0.037959,                 0.4556,                0.49356,               0.051822,                0.14412,                0.51822,              0.0037056,               0.047642,                0.51823,               0.045147,             0.00017911,              0.0015975,              -0.021098,                0.50156,                0.49844,             0.00032935,               0.027633,                0.51225,                0.53988,               0.043299,                0.14568,                0.49712,               0.028915,                0.14593,                0.51905,               0.045141,             0.00027233,                0.12779,                0.50026,                0.49974,             0.00025505,                0.51846,              0.0056102,               0.031232,                0.69299,                0.51896,                0.32482,               0.093844,                      1
                     67,                0.64525,                0.40102,                 1.3457,                0.02926,                0.00045,                  5e-05,                0.82439,                0.83144,                0.86414,                0.72733,                0.64688,                0.39748,                 1.4538,                0.02751,                0.00039,                  5e-05,               0.003466,               0.003466,               0.003466,               0.038009,                0.45142,                0.48943,               0.051792,                0.14389,                0.51971,              0.0035387,               0.048528,                0.51841,               0.044806,             0.00015046,              0.0016451,              -0.021733,                0.50161,                0.49839,             0.00033689,               0.027823,                 0.5078,                0.53562,               0.043396,                0.14521,                0.51052,               0.027593,                0.14339,                0.51912,                 0.0448,             0.00029212,                0.12782,                0.50026,                0.49974,             0.00025562,                0.51917,              0.0055494,               0.030603,                0.69123,                0.52147,                 0.3264,               0.092713,                      1
                     68,                0.63766,                0.39518,                 1.3525,                0.02901,                0.00045,                  5e-05,                0.82578,                0.83263,                0.86438,                0.72723,                0.64682,                0.39742,                 1.4538,                 0.0275,                0.00039,                  5e-05,               0.003367,               0.003367,               0.003367,               0.038581,                 0.4591,                0.49768,               0.052568,                 0.1453,                0.51945,               0.003676,               0.048561,                0.51817,               0.045092,             0.00013147,              0.0016982,              -0.022427,                0.50166,                0.49834,             0.00034963,                0.02762,                0.51394,                0.54156,               0.043364,                0.14585,                0.50711,                0.02587,                0.13697,                0.51906,               0.045078,             0.00027018,                0.12787,                0.50026,                0.49974,             0.00025681,                0.51916,              0.0057288,               0.030979,                0.69603,                0.51948,                0.32023,               0.094953,                      1
                     69,                0.63887,                0.39566,                  1.354,                0.02898,                0.00045,                  5e-05,                0.82359,                0.83345,                0.86411,                0.72748,                 0.6467,                0.39726,                 1.4539,                0.02749,                0.00039,                  5e-05,               0.003268,               0.003268,               0.003268,               0.037783,                0.45857,                0.49635,               0.051919,                0.14469,                0.52015,              0.0036714,               0.048415,                0.51826,               0.044811,             0.00021121,              0.0017244,              -0.022751,                0.50169,                0.49831,             0.00035439,               0.027582,                0.51401,                0.54159,               0.043492,                0.14617,                0.51094,               0.027323,                0.14401,                 0.5193,               0.044806,             0.00029229,                0.12797,                0.50027,                0.49973,             0.00025692,                0.51937,              0.0058093,               0.029905,                0.69476,                0.51863,                0.32314,               0.094078,                      1
                     70,                0.63716,                 0.3931,                 1.3438,                0.02896,                0.00045,                  5e-05,                0.82481,                0.83326,                0.86386,                0.72742,                0.64668,                0.39706,                 1.4541,                0.02748,                0.00039,                  5e-05,               0.003169,               0.003169,               0.003169,               0.038162,                0.45849,                0.49665,               0.052278,                0.14472,                0.51908,               0.003588,               0.048347,                0.51807,               0.045006,             9.3677e-05,              0.0017783,              -0.023473,                0.50174,                0.49826,             0.00035984,               0.028055,                0.51444,                 0.5425,               0.043959,                0.14636,                0.51043,               0.026227,                0.13803,                0.51904,               0.045031,             0.00027875,                0.12805,                0.50027,                0.49973,             0.00025783,                0.51868,              0.0055758,               0.030236,                0.69322,                0.51789,                0.32388,               0.093689,                      1
                     71,                0.63578,                0.39658,                 1.3449,                0.02891,                0.00045,                  5e-05,                0.82671,                0.83253,                0.86426,                0.72807,                0.64665,                0.39709,                  1.454,                0.02747,                0.00039,                  5e-05,                0.00307,                0.00307,                0.00307,               0.037324,                0.45485,                0.49218,               0.051052,                0.14328,                0.52084,              0.0036939,               0.048164,                0.51807,               0.045142,             0.00012667,              0.0018367,              -0.024262,                 0.5018,                 0.4982,             0.00036551,               0.027352,                 0.5128,                0.54015,               0.042899,                0.14502,                0.49446,               0.025936,                0.13634,                0.51904,               0.045151,             0.00026701,                 0.1281,                0.50027,                0.49973,             0.00025815,                0.51891,              0.0057114,               0.029996,                0.69243,                0.51943,                0.32415,               0.093617,                      1
                     72,                0.63377,                0.39068,                 1.3442,                0.02913,                0.00045,                  5e-05,                0.82766,                0.83338,                0.86428,                0.72807,                0.64669,                0.39682,                 1.4543,                0.02746,                0.00039,                  5e-05,               0.002971,               0.002971,               0.002971,               0.037783,                0.45462,                 0.4924,               0.051812,                0.14434,                0.52118,              0.0035412,               0.049359,                0.51807,               0.044885,             0.00012929,              0.0018606,               -0.02456,                0.50182,                0.49818,             0.00037152,               0.027357,                0.51225,                0.53961,                0.04323,                0.14595,                0.51983,               0.025188,                0.13842,                0.51905,               0.044889,             0.00028322,                0.12815,                0.50027,                0.49973,             0.00025895,                0.51855,              0.0057279,               0.029359,                 0.6903,                0.51818,                0.32349,               0.094002,                      1
                     73,                0.63111,                 0.3887,                 1.3477,                0.02884,                0.00045,                  5e-05,                0.82896,                0.83306,                0.86431,                0.72783,                0.64667,                0.39679,                 1.4543,                0.02745,                0.00039,                  5e-05,               0.002872,               0.002872,               0.002872,               0.036961,                0.45863,                0.49559,               0.050978,                0.14389,                0.51869,              0.0036476,               0.047216,                0.51807,               0.045083,             0.00011089,              0.0018843,              -0.024839,                0.50185,                0.49815,             0.00037793,               0.027393,                0.51776,                0.54515,                0.04329,                0.14614,                 0.5034,               0.027504,                0.13999,                0.51904,               0.045062,             0.00026555,                0.12828,                0.50027,                0.49973,              0.0002589,                0.51921,              0.0057123,               0.028989,                  0.691,                0.51898,                0.32453,               0.092907,                      1
                     74,                0.62912,                0.38769,                 1.3402,                0.02889,                0.00045,                  5e-05,                0.82821,                0.83226,                0.86439,                0.72815,                0.64654,                0.39677,                  1.454,                0.02744,                0.00039,                  5e-05,               0.002773,               0.002773,               0.002773,               0.037177,                0.45837,                0.49555,               0.051108,                0.14397,                0.51976,               0.003594,               0.047694,                0.51815,               0.044682,             0.00014821,              0.0019316,              -0.025462,                0.50189,                0.49811,             0.00038707,               0.027091,                0.51625,                0.54334,               0.042863,                0.14575,                0.51304,               0.027624,                0.14395,                0.51907,               0.044682,             0.00027925,                0.12832,                0.50028,                0.49972,             0.00025998,                0.51909,              0.0056822,               0.029604,                0.69436,                0.52007,                0.32534,               0.093599,                      1
                     75,                0.62913,                0.38532,                 1.3464,                0.02885,                0.00045,                  5e-05,                0.82773,                0.83285,                0.86451,                0.72842,                 0.6465,                 0.3968,                 1.4546,                0.02743,                0.00039,                  5e-05,               0.002674,               0.002674,               0.002674,               0.037376,                0.45901,                0.49638,               0.051323,                0.14437,                0.51983,              0.0035408,               0.048253,                0.51807,               0.044825,             0.00014378,              0.0019506,                -0.0257,                0.50191,                0.49809,             0.00039092,               0.027326,                0.51673,                0.54405,               0.043094,                0.14581,                0.53564,               0.027457,                0.14083,                0.51931,               0.044849,               0.000279,                0.12834,                0.50028,                0.49972,             0.00026112,                0.51954,              0.0056466,               0.029837,                0.69285,                0.52004,                0.32041,                 0.0935,                      1
                     76,                0.62605,                0.38367,                 1.3395,                0.02873,                0.00045,                  5e-05,                0.82698,                0.83326,                0.86423,                0.72813,                0.64656,                0.39665,                 1.4547,                0.02743,                0.00039,                  5e-05,               0.002575,               0.002575,               0.002575,               0.036935,                0.45959,                0.49653,               0.050841,                 0.1437,                0.52005,              0.0036602,               0.047795,                0.51807,                0.04501,             0.00013398,               0.001983,              -0.026133,                0.50194,                0.49806,             0.00039272,               0.026516,                 0.5172,                0.54372,               0.042237,                0.14524,                0.50706,               0.027179,                0.14111,                0.51935,               0.045021,             0.00026509,                0.12838,                0.50028,                0.49972,              0.0002615,                0.51953,              0.0058264,               0.028507,                0.69238,                0.52138,                0.32389,               0.093946,                      1
                     77,                0.62694,                0.38412,                 1.3335,                0.02881,                0.00045,                  5e-05,                0.83085,                0.82862,                 0.8642,                 0.7281,                0.64654,                0.39683,                 1.4547,                0.02742,                0.00039,                  5e-05,               0.002476,               0.002476,               0.002476,               0.037454,                0.46183,                0.49928,               0.051548,                0.14485,                0.52241,              0.0037068,               0.048645,                0.51832,               0.044748,             0.00018453,              0.0019958,              -0.026286,                0.50196,                0.49804,             0.00039508,               0.027281,                0.51756,                0.54484,               0.043148,                0.14617,                0.50856,               0.026201,                0.13949,                0.51953,               0.044759,             0.00016926,                0.12841,                0.50029,                0.49971,             0.00026212,                0.51918,              0.0060433,               0.028319,                0.69482,                 0.5188,                  0.321,                0.09512,                      1
                     78,                0.62538,                0.38138,                 1.3394,                0.02865,                0.00045,                  5e-05,                0.83082,                 0.8285,                0.86408,                0.72815,                0.64644,                0.39696,                 1.4548,                0.02741,                0.00039,                  5e-05,               0.002377,               0.002377,               0.002377,               0.037346,                0.46222,                0.49956,               0.051387,                0.14469,                0.51854,              0.0035692,               0.048612,                0.51822,               0.045007,             0.00020894,              0.0020298,              -0.026726,                0.50199,                0.49801,             0.00039578,               0.027133,                0.51902,                0.54615,               0.042975,                0.14604,                 0.5044,               0.025225,                0.13679,                0.51953,                0.04501,              0.0001563,                0.12855,                0.50029,                0.49971,             0.00026297,                0.51952,              0.0058841,               0.028086,                0.69379,                0.51841,                0.32037,                0.09436,                      1
                     79,                0.62666,                0.38192,                 1.3413,                0.02869,                0.00045,                  5e-05,                 0.8292,                0.82905,                0.86365,                0.72748,                0.64633,                0.39726,                  1.455,                 0.0274,                0.00039,                  5e-05,               0.002278,               0.002278,               0.002278,               0.037262,                0.46015,                0.49741,               0.051146,                0.14413,                0.52077,              0.0036284,               0.047683,                0.51813,               0.044836,              0.0001802,              0.0020522,              -0.027017,                0.50201,                0.49799,             0.00039819,                0.02698,                   0.52,                0.54698,               0.042754,                0.14599,                0.51942,               0.024811,                0.13381,                0.51953,               0.044823,             0.00015294,                0.12858,                0.50029,                0.49971,             0.00026347,                0.51931,              0.0059035,               0.027624,                0.69488,                0.52086,                0.32424,               0.093819,                      1
                     80,                0.62062,                0.38001,                 1.3368,                0.02861,                0.00045,                  5e-05,                0.82495,                0.83323,                0.86338,                0.72748,                0.64636,                0.39729,                 1.4551,                0.02739,                0.00039,                  5e-05,               0.002179,               0.002179,               0.002179,               0.036827,                0.46102,                0.49785,               0.050834,                  0.144,                0.52271,              0.0037903,               0.046474,                0.51855,               0.044756,             0.00014287,               0.002089,              -0.027507,                0.50205,                0.49795,             0.00040186,               0.026827,                0.51805,                0.54488,               0.042656,                0.14577,                0.52625,               0.025599,                0.13765,                0.51953,               0.044738,             0.00016669,                0.12861,                0.50029,                0.49971,             0.00026483,                0.51947,              0.0061239,               0.026411,                0.69385,                0.52052,                0.32064,               0.093756,                      1
                     81,                0.62047,                0.37657,                 1.3401,                0.02889,                0.00045,                  5e-05,                0.82603,                 0.8318,                0.86339,                0.72723,                0.64637,                0.39747,                 1.4551,                0.02738,                0.00039,                  5e-05,                0.00208,                0.00208,                0.00208,               0.037226,                0.46069,                0.49792,               0.051395,                0.14514,                0.52054,              0.0037387,               0.046405,                0.51855,               0.045128,             9.9426e-05,              0.0021067,              -0.027728,                0.50207,                0.49793,             0.00040674,               0.027013,                0.51733,                0.54435,               0.043008,                0.14625,                0.49453,               0.025662,                0.13617,                0.51953,               0.045141,             0.00019432,                0.12863,                0.50029,                0.49971,             0.00026542,                0.51888,              0.0060073,                0.02683,                0.69267,                0.51966,                0.32551,               0.093408,                      1
                     82,                0.62278,                0.37779,                 1.3323,                0.02878,                0.00045,                  5e-05,                  0.825,                0.83212,                  0.863,                0.72709,                0.64638,                 0.3977,                 1.4552,                0.02738,                0.00039,                  5e-05,               0.001981,               0.001981,               0.001981,               0.037142,                0.45993,                0.49707,               0.051159,                0.14446,                0.51818,               0.003759,               0.047153,                0.51816,               0.044867,             0.00015925,              0.0021377,              -0.028114,                 0.5021,                 0.4979,             0.00041155,               0.027034,                0.51718,                0.54422,               0.042882,                 0.1456,                0.50763,               0.026087,                0.13772,                0.51953,               0.044868,             0.00017913,                0.12877,                 0.5003,                 0.4997,             0.00026563,                0.51823,              0.0060554,               0.026839,                0.69198,                0.51936,                0.32051,                0.09374,                      1
                     83,                0.61646,                0.37191,                  1.329,                0.02882,                0.00045,                  5e-05,                0.82497,                0.83265,                0.86288,                0.72721,                0.64637,                 0.3978,                  1.455,                0.02737,                0.00039,                  5e-05,               0.001882,               0.001882,               0.001882,               0.036907,                0.46039,                0.49729,               0.051237,                0.14485,                0.51792,              0.0037302,                0.04683,                0.51807,               0.044983,             6.5994e-05,              0.0021546,              -0.028321,                0.50211,                0.49789,             0.00041537,                0.02677,                 0.5184,                0.54517,               0.042972,                 0.1467,                0.51775,               0.024997,                0.13474,                0.51953,               0.044973,             0.00017548,                0.12881,                 0.5003,                 0.4997,             0.00026613,                0.51818,              0.0061285,                0.02677,                0.69223,                0.51844,                0.32198,               0.094481,                      1
                     84,                0.61824,                0.37472,                 1.3355,                0.02867,                0.00045,                  5e-05,                0.82549,                0.83223,                0.86281,                0.72698,                0.64642,                0.39799,                 1.4551,                0.02736,                0.00039,                  5e-05,               0.001783,               0.001783,               0.001783,               0.036909,                0.45898,                0.49589,               0.050753,                0.14399,                0.52234,              0.0036244,               0.046817,                0.51807,               0.044706,             0.00011914,              0.0021767,              -0.028613,                0.50214,                0.49786,             0.00041742,                0.02666,                0.51799,                0.54465,               0.042367,                0.14544,                0.51183,               0.024051,                0.13317,                0.51953,               0.044713,             0.00018729,                0.12883,                 0.5003,                 0.4997,             0.00026698,                0.51956,              0.0060302,               0.026366,                0.69399,                0.52139,                0.32249,               0.093792,                      1
                     85,                0.61908,                0.37279,                 1.3347,                0.02874,                0.00045,                  5e-05,                0.82544,                0.83123,                0.86294,                0.72719,                0.64647,                 0.3978,                 1.4553,                0.02736,                0.00039,                  5e-05,               0.001684,               0.001684,               0.001684,               0.036436,                0.46071,                0.49714,               0.050454,                0.14442,                0.51794,              0.0036781,               0.046514,                0.51807,               0.044722,             6.2788e-05,              0.0022066,              -0.029006,                0.50217,                0.49783,             0.00042146,               0.026476,                 0.5174,                0.54387,               0.042282,                0.14546,                0.51226,               0.024001,                0.13119,                0.51953,               0.044726,             0.00021086,                0.12886,                 0.5003,                 0.4997,             0.00026815,                0.51928,               0.006019,               0.026614,                0.69312,                0.52172,                0.32257,               0.093581,                      1
                     86,                0.61313,                 0.3696,                 1.3344,                 0.0286,                0.00044,                  5e-05,                 0.8248,                 0.8316,                0.86264,                0.72705,                0.64653,                0.39787,                 1.4556,                0.02735,                0.00039,                  5e-05,               0.001585,               0.001585,               0.001585,               0.037304,                0.46546,                0.50276,               0.051548,                0.14579,                0.52057,              0.0036601,               0.046159,                0.51807,               0.044404,             8.9553e-05,              0.0022271,              -0.029277,                0.50219,                0.49781,             0.00042327,               0.026947,                0.52155,                 0.5485,               0.042971,                0.14651,                0.53221,               0.023764,                0.13365,                0.51953,               0.044407,             0.00023402,                0.12888,                 0.5003,                 0.4997,             0.00026869,                0.51895,              0.0060665,               0.025712,                0.69254,                 0.5223,                0.32549,               0.092811,                      1
                     87,                0.61097,                0.36668,                 1.3281,                 0.0287,                0.00045,                  5e-05,                0.82433,                0.83221,                 0.8624,                0.72697,                0.64653,                0.39802,                  1.456,                0.02734,                0.00039,                  5e-05,               0.001486,               0.001486,               0.001486,               0.036461,                0.46303,                0.49949,               0.050735,                0.14485,                0.51934,              0.0036307,               0.045754,                0.51807,               0.044691,              0.0001014,              0.0022416,              -0.029461,                 0.5022,                 0.4978,             0.00042466,               0.026496,                0.52055,                0.54705,               0.042629,                0.14636,                0.51789,               0.024034,                0.13124,                0.51953,               0.044695,             0.00023728,                0.12891,                0.50031,                0.49969,             0.00026919,                0.51906,              0.0060088,               0.025986,                0.69242,                0.52065,                0.32707,               0.093151,                      1
                     88,                0.61128,                 0.3684,                 1.3351,                0.02879,                0.00045,                  5e-05,                0.82945,                0.82911,                0.86232,                0.72686,                0.64661,                0.39806,                 1.4565,                0.02734,                0.00039,                  5e-05,               0.001387,               0.001387,               0.001387,               0.037187,                0.46026,                0.49744,               0.051217,                0.14486,                 0.5195,              0.0037203,               0.045824,                0.51807,                0.04451,             0.00013518,              0.0022618,              -0.029708,                0.50222,                0.49778,             0.00042678,               0.026927,                0.51823,                0.54516,               0.042802,                0.14616,                0.50682,               0.023693,                0.12974,                0.51953,               0.044533,             0.00024973,                0.12903,                0.50031,                0.49969,             0.00026878,                0.51918,              0.0060843,                 0.0262,                 0.6944,                0.52135,                0.32488,               0.093195,                      1
                     89,                0.60858,                0.36354,                 1.3365,                0.02872,                0.00045,                  5e-05,                0.83221,                0.82598,                0.86241,                0.72666,                0.64667,                0.39798,                  1.457,                0.02733,                0.00039,                  5e-05,               0.001288,               0.001288,               0.001288,               0.036505,                0.46239,                0.49889,               0.050817,                0.14485,                0.52157,               0.003745,               0.046395,                0.51807,               0.044724,             0.00015866,              0.0022807,              -0.029952,                0.50224,                0.49776,             0.00042901,               0.026632,                0.51912,                0.54575,               0.042763,                0.14633,                0.50732,               0.022787,                0.12808,                0.51991,               0.044721,             0.00024994,                0.12907,                0.50031,                0.49969,             0.00026868,                0.52007,              0.0061564,               0.025908,                0.69146,                0.52024,                0.32097,               0.094168,                      1
                     90,                0.60587,                0.36304,                 1.3289,                0.02847,                0.00045,                  5e-05,                 0.8318,                0.82591,                0.86285,                0.72732,                 0.6466,                0.39803,                 1.4574,                0.02732,                0.00039,                  6e-05,               0.001189,               0.001189,               0.001189,               0.036957,                0.46471,                0.50167,               0.051088,                0.14495,                0.52092,              0.0038044,                 0.0464,                0.51807,               0.044752,             7.6634e-05,              0.0023028,              -0.030245,                0.50226,                0.49774,             0.00042957,               0.026816,                0.52389,                0.55071,               0.042823,                 0.1466,                 0.5077,                0.02312,                0.12793,                0.51993,               0.044756,             0.00024833,                 0.1291,                0.50031,                0.49969,             0.00026869,                0.51904,              0.0062126,               0.026238,                0.69457,                0.52024,                0.32133,               0.094349,                      1
                     91,                0.60599,                 0.3602,                 1.3242,                0.02862,                0.00045,                  5e-05,                0.83696,                0.82182,                0.86263,                0.72703,                0.64669,                0.39805,                 1.4576,                0.02731,                0.00039,                  6e-05,                0.00109,                0.00109,                0.00109,               0.036506,                0.46392,                0.50042,                 0.0508,                0.14485,                 0.5192,              0.0037374,               0.046495,                0.51807,               0.044649,             6.6681e-05,              0.0023135,              -0.030389,                0.50227,                0.49773,             0.00042828,               0.026329,                0.52258,                0.54891,                 0.0425,                 0.1462,                0.51421,               0.023386,                0.12823,                0.51983,               0.044648,             0.00024667,                 0.1291,                0.50031,                0.49969,             0.00026865,                0.51924,              0.0061618,               0.025656,                 0.6944,                0.52094,                0.32219,               0.094348,                      1
                     92,                0.60527,                0.35787,                 1.3278,                0.02842,                0.00045,                  5e-05,                0.83751,                0.82089,                0.86235,                0.72732,                0.64666,                 0.3981,                 1.4579,                 0.0273,                0.00039,                  6e-05,               0.000991,               0.000991,               0.000991,               0.035966,                0.46555,                0.50152,               0.050188,                0.14417,                0.52153,              0.0036825,               0.046409,                0.51807,               0.044864,             8.3845e-05,              0.0023385,              -0.030727,                 0.5023,                 0.4977,             0.00042898,               0.026388,                0.52339,                0.54978,               0.042444,                0.14597,                0.52297,               0.022364,                0.12817,                0.51954,               0.044848,             0.00024635,                0.12913,                0.50031,                0.49969,             0.00026928,                0.51881,              0.0060502,               0.025552,                0.69122,                0.51946,                0.31914,               0.093205,                      1
                     93,                0.60252,                0.35552,                 1.3289,                0.02847,                0.00045,                  5e-05,                0.83821,                 0.8208,                0.86232,                0.72727,                0.64668,                0.39812,                 1.4582,                 0.0273,                0.00039,                  6e-05,               0.000892,               0.000892,               0.000892,               0.036155,                0.46591,                0.50207,               0.050386,                0.14468,                0.51969,              0.0038262,               0.046971,                0.51807,               0.045073,             3.9787e-05,              0.0023531,              -0.030919,                0.50231,                0.49769,             0.00043052,               0.026246,                0.52243,                0.54867,               0.042277,                0.14585,                0.52322,               0.022546,                0.12734,                0.51953,                0.04508,              0.0002286,                0.12915,                0.50031,                0.49969,             0.00026949,                0.51851,              0.0063702,               0.025539,                0.69297,                0.51791,                0.31767,               0.095328,                      1
                     94,                0.60263,                0.35709,                 1.3293,                0.02854,                0.00045,                  5e-05,                0.83665,                0.82163,                0.86207,                0.72733,                0.64671,                0.39814,                 1.4587,                0.02729,                0.00039,                  6e-05,               0.000793,               0.000793,               0.000793,               0.036259,                0.46529,                0.50155,               0.050633,                0.14506,                0.51716,              0.0037502,               0.045507,                0.51807,               0.045167,             1.2153e-05,               0.002363,              -0.031043,                0.50232,                0.49768,             0.00043199,               0.026283,                 0.5228,                0.54908,               0.042493,                0.14633,                0.53393,                0.02238,                0.12646,                0.51953,               0.045159,             0.00020613,                0.12917,                0.50031,                0.49969,             0.00026964,                0.51809,              0.0062015,               0.024852,                0.69439,                0.51921,                0.32391,                 0.0937,                      1
                     95,                0.60035,                0.35777,                 1.3229,                0.02828,                0.00045,                  5e-05,                0.83477,                 0.8233,                0.86182,                0.72706,                0.64674,                0.39813,                 1.4591,                0.02728,                0.00039,                  6e-05,               0.000694,               0.000694,               0.000694,               0.035453,                0.46668,                0.50213,               0.049659,                0.14389,                0.51871,              0.0038009,               0.045813,                0.51807,               0.044752,             1.0006e-05,               0.002375,              -0.031188,                0.50234,                0.49766,             0.00043281,               0.025956,                0.52383,                0.54979,               0.041972,                0.14559,                0.52023,               0.022133,                0.12518,                0.51953,               0.044742,             0.00019411,                0.12924,                0.50032,                0.49968,             0.00026965,                0.51805,               0.006285,               0.024772,                0.69302,                0.51946,                 0.3244,               0.094004,                      1
                     96,                0.59774,                0.35307,                 1.3184,                 0.0282,                0.00045,                  5e-05,                 0.8319,                0.82589,                0.86162,                0.72685,                0.64673,                0.39825,                 1.4594,                0.02728,                0.00039,                  6e-05,               0.000595,               0.000595,               0.000595,               0.035724,                0.46558,                0.50131,               0.049669,                0.14362,                0.51851,              0.0037275,                0.04631,                0.51807,                0.04498,               1.15e-05,              0.0023836,              -0.031291,                0.50234,                0.49766,             0.00043366,               0.026199,                0.52538,                0.55158,               0.042018,                0.14548,                0.52171,               0.021336,                0.12397,                0.51953,               0.045004,             0.00018826,                0.12931,                0.50032,                0.49968,             0.00026961,                0.51871,              0.0062253,               0.025111,                0.69223,                  0.519,                0.32114,               0.094185,                      1
                     97,                0.59516,                0.35098,                 1.3158,                0.02844,                0.00045,                  5e-05,                0.83161,                0.82654,                0.86175,                0.72681,                0.64675,                0.39812,                 1.4598,                0.02727,                0.00039,                  6e-05,               0.000496,               0.000496,               0.000496,               0.036235,                0.46594,                0.50218,               0.050652,                0.14491,                0.51975,              0.0038596,               0.044674,                0.51807,               0.044718,             3.9874e-06,              0.0023956,              -0.031452,                0.50236,                0.49764,             0.00043395,               0.026006,                0.52309,                 0.5491,               0.042256,                0.14612,                0.51656,               0.022037,                0.12342,                0.51953,               0.044734,             0.00019207,                0.12932,                0.50032,                0.49968,             0.00026956,                0.51862,              0.0061987,               0.024849,                0.69144,                0.51869,                0.32519,               0.093292,                      1
                     98,                0.59743,                 0.3513,                 1.3274,                0.02824,                0.00045,                  5e-05,                0.82564,                0.83241,                0.86132,                0.72655,                0.64674,                0.39823,                 1.4603,                0.02726,                0.00039,                  6e-05,               0.000397,               0.000397,               0.000397,                0.03579,                0.46491,                 0.5007,               0.049835,                0.14352,                0.51911,              0.0037247,               0.045856,                0.51807,               0.044948,             2.2259e-06,              0.0024131,               -0.03169,                0.50237,                0.49763,             0.00043462,               0.025968,                0.52375,                0.54972,               0.041874,                0.14525,                0.51275,               0.021638,                0.12314,                0.51953,               0.044956,             0.00018707,                0.12933,                0.50032,                0.49968,             0.00026968,                0.51899,              0.0062551,               0.024904,                0.69132,                0.52025,                0.32269,               0.094074,                      1
                     99,                0.59505,                 0.3499,                 1.3199,                0.02834,                0.00045,                  5e-05,                0.82437,                0.83352,                0.86105,                0.72657,                0.64679,                0.39831,                 1.4608,                0.02725,                0.00039,                  6e-05,               0.000298,               0.000298,               0.000298,               0.035737,                0.46566,                 0.5014,               0.049807,                0.14388,                0.51892,              0.0036699,               0.046176,                0.51807,               0.044967,             1.7744e-06,              0.0024192,              -0.031771,                0.50238,                0.49762,             0.00043466,               0.026007,                0.52407,                0.55008,               0.041893,                0.14546,                0.51279,               0.021075,                0.12195,                0.51953,               0.044956,              0.0001841,                0.12935,                0.50032,                0.49968,             0.00026975,                0.51864,              0.0062329,               0.024599,                0.69153,                0.51933,                0.32145,               0.093762,                      1
                    100,                0.59431,                0.35026,                 1.3181,                0.02861,                0.00045,                  5e-05,                0.82492,                0.83295,                0.86071,                0.72588,                0.64687,                0.39848,                 1.4614,                0.02725,                0.00039,                  6e-05,               0.000199,               0.000199,               0.000199,               0.036172,                0.46456,                0.50074,                0.05045,                0.14523,                0.51898,              0.0036992,               0.045342,                0.51807,               0.045015,             1.2107e-06,              0.0024209,              -0.031796,                0.50238,                0.49762,             0.00043525,               0.026247,                0.52247,                0.54872,               0.042385,                0.14624,                0.51412,               0.021217,                0.12185,                0.51953,               0.045028,             0.00018266,                0.12935,                0.50032,                0.49968,             0.00026979,                0.51845,              0.0061649,               0.024431,                0.69183,                0.51908,                0.32208,               0.093092,                      1
