                  epoch,         train/box_loss,         train/cls_loss,         train/dfl_loss,train/object_reliability_loss,   metrics/precision(B),      metrics/recall(B),       metrics/mAP50(B),    metrics/mAP50-95(B),           val/box_loss,           val/cls_loss,           val/dfl_loss,val/object_reliability_loss,                 lr/pg0,                 lr/pg1,                 lr/pg2,p2/P3_gate_direction_loss,    p2/P3_ir_win_recall,p2/P3_object_balanced_loss,p2/P3_object_calibrated_loss,p2/P3_object_hard_winner_loss,p2/P3_object_prompt_accuracy,p2/P3_object_prompt_correlation,p2/P3_object_prompt_mae,p2/P3_object_prompt_rgb, p2/P3_object_rank_loss,p2/P3_object_target_rgb,   p2/P3_rgb_win_recall,p2/P4_gate_direction_loss,    p2/P4_ir_win_recall,p2/P4_object_balanced_loss,p2/P4_object_calibrated_loss,p2/P4_object_hard_winner_loss,p2/P4_object_prompt_accuracy,p2/P4_object_prompt_correlation,p2/P4_object_prompt_mae,p2/P4_object_prompt_rgb, p2/P4_object_rank_loss,p2/P4_object_target_rgb,   p2/P4_rgb_win_recall,p2/object_cross_scale_consistency,p2/object_gate_raw_loss,p2/object_prompt_raw_loss,  p2/teacher_ir_quality,p2/teacher_relative_margin, p2/teacher_rgb_quality,p2/teacher_rgb_win_rate, p2/teacher_ir_win_rate,p2/teacher_majority_baseline,p2/object_reliability_warmup_factor
                      1,                 1.3082,                  1.503,                 1.5545,                 0.0201,                0.37302,                0.58664,                0.44445,                0.29008,                 1.1115,                0.90638,                 1.5456,                 0.0201,               0.070106,              0.0033215,              0.0033215,                      0,                0.95896,                0.69319,                0.69311,                0.69314,                0.70654,               0.035155,                 0.1581,                0.49987,                0.69314,                0.41359,               0.039507,                      0,                0.96348,                0.69315,                0.69251,                0.69312,                0.70864,               0.032944,                0.15763,                0.49872,                0.69311,                0.41359,               0.035216,             1.3801e-06,                      0,                0.86637,                0.57858,                0.31632,                0.47969,                0.27453,                0.72547,                0.72547,                    0.2
                      2,                 1.0733,                0.88624,                 1.4165,                0.04017,                0.57801,                 0.6875,                0.63668,                0.47281,                0.84507,                0.66124,                  1.489,                0.04015,                0.04004,               0.006589,               0.006589,                      0,                0.99998,                0.69311,                  0.692,                0.69311,                0.72839,               0.047129,                0.15749,                0.49774,                0.69308,                0.41238,             0.00016022,                      0,                      1,                0.69322,                0.68575,                0.69312,                0.72836,               0.074945,                  0.153,                0.48479,                0.69239,                0.41238,                      0,             0.00010049,                      0,                0.86559,                0.57974,                0.31685,                0.47904,                0.27164,                0.72836,                0.72836,                    0.4
                      3,                 0.8996,                0.69897,                 1.4078,                 0.0601,                0.64235,                 0.6684,                0.66045,                0.50203,                0.79853,                0.58852,                 1.5492,                 0.0601,              0.0099086,              0.0097904,              0.0097904,                      0,                      1,                0.69366,                0.68425,                0.69355,                0.73011,               0.060601,                0.15092,                0.48089,                0.69249,                0.41206,             4.4649e-05,                      0,                0.98983,                0.69318,                0.67769,                0.69179,                0.72791,                0.14555,                0.14699,                0.46879,                0.68844,                0.41206,               0.019407,             0.00013641,                      0,                0.86348,                0.58341,                0.31463,                0.48316,                 0.2699,                 0.7301,                 0.7301,                    0.6
                      4,                0.81657,                0.61051,                  1.428,                0.07806,                0.68603,                0.69514,                0.71117,                0.55008,                   0.77,                 0.5785,                 1.5638,                 0.0784,               0.009703,               0.009703,               0.009703,                      0,                0.99998,                0.69485,                0.67811,                0.69434,                0.73615,               0.068298,                0.14843,                0.46686,                0.69176,                0.41068,             0.00012423,                      0,                0.74367,                 0.6811,                0.66548,                0.63139,                0.66921,                0.29307,                0.16127,                0.46318,                0.62584,                0.41068,                0.46148,              0.0080948,                      0,                0.84183,                0.58712,                0.31808,                0.48547,                0.26387,                0.73613,                0.73613,                    0.8
                      5,                0.80175,                0.58597,                 1.4167,                 0.0954,                0.73827,                0.72947,                0.75726,                0.59731,                0.74206,                0.52006,                 1.4918,                0.09676,               0.009604,               0.009604,               0.009604,                      0,                0.99999,                0.69487,                0.67875,                0.69427,                0.72539,               0.076723,                0.14861,                0.46672,                0.69177,                0.41417,             0.00010208,                      0,                0.62709,                0.67881,                0.66931,                0.57135,                0.63852,                0.36777,                0.18351,                0.46509,                0.59357,                0.41417,                0.66873,               0.020117,                      0,                 0.8222,                0.57984,                0.31694,                0.48256,                0.27463,                0.72537,                0.72537,                      1
                      6,                0.78176,                0.56272,                 1.4035,                0.09464,                 0.7431,                0.72893,                0.76709,                0.59821,                0.75852,                0.52864,                   1.48,                0.09771,               0.009505,               0.009505,               0.009505,                      0,                      1,                0.69494,                0.67673,                0.69414,                0.73651,               0.096515,                0.14671,                0.46389,                  0.691,                0.41059,             0.00015257,                      0,                 0.6275,                0.67666,                0.66543,                0.55429,                0.64214,                0.39697,                0.18465,                0.46439,                0.57705,                0.41059,                0.68306,                0.02296,                      0,                0.81577,                0.58711,                0.31611,                0.48511,                0.26353,                0.73647,                0.73647,                      1
                      7,                0.77284,                0.55402,                 1.4002,                0.09446,                0.72971,                0.74753,                0.76743,                0.60987,                0.73248,                0.51272,                 1.4633,                0.09673,               0.009406,               0.009406,               0.009406,                      0,                0.99997,                0.69468,                0.67612,                0.69381,                0.72964,                0.11416,                0.14458,                0.46198,                0.69042,                0.41298,             0.00016344,                      0,                0.62954,                0.67681,                0.66597,                0.54797,                0.64612,                0.40394,                0.18528,                0.46533,                0.58707,                0.41298,                0.69086,                0.02379,                      0,                0.81338,                 0.5836,                0.31135,                0.48415,                0.27038,                0.72962,                0.72962,                      1
                      8,                0.76866,                0.54522,                 1.3974,                0.09382,                0.74882,                0.71274,                0.75446,                0.59823,                0.73242,                0.51232,                 1.4699,                 0.0949,               0.009307,               0.009307,               0.009307,                      0,                0.98912,                0.69335,                0.67332,                0.69113,                0.73397,                0.16143,                0.14624,                0.46017,                 0.6858,                0.40945,                0.02664,                      0,                0.63564,                0.67484,                  0.663,                0.53911,                0.65135,                 0.4129,                0.18682,                0.46101,                0.58267,                0.40945,                0.69493,               0.024627,                      0,                0.80793,                0.58339,                 0.3171,                0.47906,                0.26509,                0.73491,                0.73491,                      1
                      9,                0.76526,                0.54339,                 1.3958,                 0.0877,                 0.7614,                0.75593,                0.78413,                0.62977,                0.72085,                0.48862,                 1.4647,                0.09018,               0.009208,               0.009208,               0.009208,                      0,                0.64011,                0.68056,                0.66744,                0.61018,                0.63167,                0.32456,                0.16998,                0.46609,                0.63148,                0.41104,                 0.6082,                      0,                0.63948,                0.67663,                0.66599,                0.54113,                0.65382,                0.40697,                0.18718,                0.45976,                0.58403,                0.41104,                0.69375,               0.013978,                      0,                 0.7539,                0.58587,                0.31775,                 0.4845,                0.26432,                0.73568,                0.73568,                      1
                     10,                0.76352,                0.54015,                 1.3951,                0.08427,                 0.7556,                0.75631,                0.78936,                 0.6298,                0.72617,                 0.4885,                 1.4389,                0.08944,               0.009109,               0.009109,               0.009109,                      0,                0.66216,                0.68026,                0.66707,                0.57054,                0.65305,                0.37491,                0.17861,                0.45862,                0.60487,                0.41079,                0.62811,                      0,                  0.642,                0.67427,                0.66239,                0.53142,                0.65625,                0.42434,                0.18756,                0.46067,                0.57193,                0.41079,                0.69525,               0.011517,                      0,                0.72388,                0.58406,                0.31827,                0.48249,                0.26755,                0.73245,                0.73245,                      1
                     11,                0.75407,                0.52784,                 1.3946,                0.08376,                0.76555,                0.76835,                0.80392,                0.64449,                0.70745,                0.48106,                 1.4625,                0.08864,                0.00901,                0.00901,                0.00901,                      0,                0.66807,                0.68068,                0.66803,                0.56325,                0.65873,                0.37587,                0.17996,                0.45706,                0.60226,                0.41128,                0.63323,                      0,                0.64493,                0.67452,                0.66333,                0.53234,                0.65819,                0.42085,                0.18667,                0.45915,                0.56585,                0.41128,                0.69438,                0.01042,                      0,                0.71956,                0.58568,                0.31684,                  0.484,                0.26814,                0.73186,                0.73186,                      1
                     12,                0.75113,                0.52316,                 1.3886,                0.08366,                0.74645,                0.77187,                0.79271,                0.63345,                0.71022,                0.47603,                 1.5177,                 0.0881,               0.008911,               0.008911,               0.008911,                      0,                0.66141,                0.68393,                0.67323,                   0.56,                0.65609,                0.37294,                0.18186,                0.46098,                0.60347,                0.41254,                0.64171,                      0,                0.63874,                0.67767,                0.66822,                0.52972,                0.65576,                0.41598,                0.18907,                0.46346,                0.57526,                0.41254,                0.70179,               0.010369,                      0,                 0.7178,                0.58096,                0.31278,                0.48099,                0.26996,                0.73004,                0.73004,                      1
                     13,                0.74632,                0.51755,                 1.3939,                0.08369,                0.73238,                0.75227,                0.78075,                 0.6198,                0.72279,                0.50276,                 1.4965,                0.08952,               0.008812,               0.008812,               0.008812,                      0,                0.67705,                0.68502,                0.67026,                0.56148,                0.66374,                 0.3778,                0.18156,                0.45261,                0.60183,                0.40976,                0.62646,                      0,                0.64492,                0.67501,                0.66218,                0.53221,                0.65698,                0.42466,                0.18658,                0.45799,                0.57088,                0.40976,                0.69075,               0.010255,                      0,                0.71862,                 0.5842,                0.31812,                0.48102,                0.26312,                0.73688,                0.73688,                      1
                     14,                0.74347,                0.51816,                 1.3829,                0.08223,                0.75229,                0.77073,                0.79473,                0.64114,                0.69716,                0.46445,                 1.4765,                0.08763,               0.008713,               0.008713,               0.008713,                      0,                0.67456,                0.68336,                0.67061,                0.54727,                0.66619,                0.38988,                0.18181,                0.45418,                0.58734,                0.41092,                 0.6429,                      0,                0.64722,                0.67703,                0.66567,                0.52329,                0.66186,                0.42941,                0.18684,                0.45947,                0.56235,                0.41092,                0.70263,              0.0099612,                      0,                0.70652,                0.58655,                0.31289,                0.48549,                0.26434,                0.73566,                0.73566,                      1
                     15,                0.74084,                0.51179,                 1.3851,                0.08219,                0.78059,                0.80292,                0.82865,                0.67109,                0.69233,                0.45581,                 1.4527,                0.08734,               0.008614,               0.008614,               0.008614,                      0,                0.68049,                0.68359,                0.67081,                0.54756,                0.66745,                0.38785,                0.18318,                0.45086,                0.58779,                 0.4106,                0.63107,                      0,                0.65453,                0.67709,                0.66558,                0.52215,                0.66506,                0.42708,                0.18932,                 0.4558,                 0.5577,                 0.4106,                0.69446,               0.010003,                      0,                0.70635,                 0.5856,                0.31765,                0.48426,                0.26381,                0.73619,                0.73619,                      1
                     16,                0.74028,                0.51149,                 1.3809,                0.08242,                0.77793,                0.75635,                0.80714,                0.65246,                0.69521,                0.46587,                 1.4726,                 0.0872,               0.008515,               0.008515,               0.008515,                      0,                0.67116,                 0.6836,                0.67168,                0.55143,                0.66143,                0.38578,                0.18344,                0.45516,                0.58243,                0.41236,                0.63491,                      0,                0.64709,                0.67566,                0.66562,                0.52343,                0.66004,                0.42941,                0.18851,                0.46024,                0.55611,                0.41236,                0.69536,              0.0098067,                      0,                0.70951,                0.58123,                0.31533,                0.48155,                0.26825,                0.73175,                0.73175,                      1
                     17,                0.73699,                0.50552,                 1.3835,                0.08122,                0.76743,                0.73301,                0.79084,                0.62924,                 0.7209,                0.49252,                  1.494,                0.08897,               0.008416,               0.008416,               0.008416,                      0,                0.68182,                0.68111,                0.66928,                0.53776,                0.66959,                0.39492,                 0.1844,                0.45236,                0.58391,                0.41182,                0.63678,                      0,                0.65421,                0.67412,                0.66301,                0.51625,                0.66533,                0.43525,                0.18863,                0.45746,                0.55486,                0.41182,                0.69516,              0.0094973,                      0,                0.69739,                0.58096,                0.31421,                0.47986,                0.27155,                0.72845,                0.72845,                      1
                     18,                0.73099,                0.49965,                 1.3718,                0.08111,                0.81541,                0.78172,                0.84294,                0.68294,                0.69423,                0.44662,                 1.4627,                0.08699,               0.008317,               0.008317,               0.008317,                      0,                0.68425,                0.68027,                0.66436,                0.53946,                0.67149,                0.40338,                0.18316,                0.44875,                0.57345,                0.40969,                0.63607,                      0,                0.65911,                0.67452,                0.66062,                0.51731,                0.66848,                0.43635,                0.18863,                0.45506,                 0.5521,                0.40969,                0.69447,              0.0094197,                      0,                0.69786,                 0.5827,                0.32068,                0.47864,                0.26495,                0.73505,                0.73505,                      1
                     19,                0.73059,                0.49866,                  1.377,                0.08119,                 0.7889,                0.77865,                0.82772,                0.67093,                0.69227,                0.45261,                 1.4605,                0.08706,               0.008218,               0.008218,               0.008218,                      0,                0.68579,                0.68303,                0.66769,                0.53776,                0.67263,                0.39922,                0.18448,                0.44894,                0.58242,                0.41019,                0.63654,                      0,                0.65669,                 0.6751,                0.66154,                0.51627,                0.66754,                0.43802,                0.18869,                0.45569,                0.55894,                0.41019,                0.69727,              0.0093595,                      0,                0.69701,                0.58532,                0.31768,                0.48241,                0.26725,                0.73275,                0.73275,                      1
                     20,                0.72747,                0.49627,                 1.3747,                0.08124,                0.72306,                0.74222,                0.77145,                0.61885,                0.71021,                0.49983,                 1.5067,                0.08843,               0.008119,               0.008119,               0.008119,                      0,                0.67567,                0.68175,                0.67079,                0.53792,                 0.6662,                0.39373,                0.18492,                0.45401,                0.58437,                0.41197,                0.64052,                      0,                 0.6502,                0.67453,                  0.664,                0.51479,                0.66308,                0.43608,                0.18878,                0.45965,                0.55756,                0.41197,                0.69805,              0.0089843,                      0,                0.69734,                0.58195,                0.31557,                0.48117,                0.26921,                0.73079,                0.73079,                      1
                     21,                0.72812,                0.49318,                 1.3745,                0.08078,                0.78489,                0.81624,                0.84666,                0.68963,                0.68382,                0.43725,                  1.472,                0.08617,                0.00802,                0.00802,                0.00802,                      0,                 0.6843,                0.68282,                0.66995,                0.53488,                0.67104,                0.40002,                0.18604,                0.45088,                0.57506,                0.41286,                0.63583,                      0,                0.65587,                0.67637,                0.66475,                0.51283,                0.66727,                0.43881,                0.19058,                0.45816,                0.54839,                0.41286,                0.69754,              0.0092894,                      0,                0.69458,                0.57717,                0.31643,                0.47805,                 0.2735,                 0.7265,                 0.7265,                      1
                     22,                0.72279,                 0.4917,                 1.3781,                0.08083,                0.75981,                0.78347,                0.81096,                0.65995,                0.68643,                 0.4507,                 1.4754,                0.08812,               0.007921,               0.007921,               0.007921,                      0,                0.68288,                0.68272,                0.66992,                0.53421,                0.67282,                0.40336,                0.18318,                0.45099,                0.57393,                0.41166,                0.64509,                      0,                 0.6592,                 0.6771,                0.66468,                0.51457,                0.66936,                0.43729,                0.18853,                0.45515,                0.55546,                0.41166,                0.69739,              0.0089856,                      0,                0.69471,                0.58783,                0.31497,                0.48757,                0.26605,                0.73395,                0.73395,                      1
                     23,                0.72226,                0.48723,                 1.3828,                0.08116,                0.80088,                0.79352,                0.84207,                0.68822,                0.67975,                0.43544,                 1.4737,                0.08643,               0.007822,               0.007822,               0.007822,                      0,                0.68533,                0.68552,                0.67202,                0.53664,                0.67234,                0.39664,                0.18603,                0.44893,                 0.5854,                0.41033,                0.63675,                      0,                0.66235,                0.67727,                0.66509,                0.51288,                0.67024,                0.43447,                0.18968,                 0.4534,                0.56108,                0.41033,                0.69187,              0.0092296,                      0,                0.69615,                0.58385,                0.31669,                 0.4814,                0.26724,                0.73276,                0.73276,                      1
                     24,                0.72092,                 0.4881,                 1.3772,                0.08023,                0.82378,                0.76591,                 0.8349,                0.68267,                0.68266,                0.44001,                 1.4726,                0.08661,               0.007723,               0.007723,               0.007723,                      0,                0.67753,                 0.6829,                0.67264,                 0.5285,                0.66912,                0.40178,                0.18668,                0.45191,                0.57617,                0.41155,                 0.6458,                      0,                 0.6587,                0.67597,                0.66644,                0.50496,                0.66905,                0.43993,                0.19022,                0.45578,                0.55793,                0.41155,                0.69777,              0.0093251,                      0,                 0.6883,                0.58422,                 0.3137,                0.48391,                0.26505,                0.73495,                0.73495,                      1
                     25,                0.71772,                0.48364,                 1.3776,                0.08061,                0.80071,                0.79521,                0.84039,                0.68884,                0.67934,                 0.4346,                 1.4562,                0.08596,               0.007624,               0.007624,               0.007624,                      0,                0.68292,                0.68302,                0.67061,                0.53339,                 0.6722,                0.40186,                0.18554,                0.45257,                0.57302,                0.41361,                0.64343,                      0,                0.65576,                0.67745,                0.66655,                0.51023,                0.66894,                0.43767,                0.19131,                0.45971,                0.55087,                0.41361,                0.70435,              0.0090295,                      0,                0.69299,                0.58057,                0.31345,                 0.4822,                 0.2713,                 0.7287,                 0.7287,                      1
                     26,                0.71318,                0.48044,                 1.3715,                0.08073,                0.82156,                 0.7729,                0.84444,                0.68988,                0.67883,                0.43371,                 1.4462,                0.08586,               0.007525,               0.007525,               0.007525,                      0,                0.68481,                0.68494,                0.67104,                0.53307,                0.67159,                0.40117,                 0.1865,                0.44698,                0.57723,                0.41039,                 0.6346,                      0,                0.66375,                0.67809,                0.66559,                0.51203,                0.67016,                 0.4367,                0.19109,                0.45256,                 0.5545,                0.41039,                0.68808,              0.0087844,                      0,                0.69336,                0.58507,                0.31619,                0.48268,                0.26328,                0.73672,                0.73672,                      1
                     27,                0.70954,                0.47778,                 1.3804,                 0.0797,                0.81323,                0.80584,                0.85718,                0.70355,                0.67565,                0.42582,                 1.4575,                0.08638,               0.007426,               0.007426,               0.007426,                      0,                 0.6871,                0.68337,                0.67069,                0.52392,                0.67602,                0.41027,                0.18554,                0.44942,                0.57231,                0.41328,                0.64641,                      0,                0.66747,                 0.6773,                 0.6661,                0.50161,                0.67628,                0.44291,                0.19018,                0.45357,                0.55443,                0.41328,                0.69986,              0.0087015,                      0,                0.68377,                0.58501,                 0.3114,                 0.4865,                0.27219,                0.72781,                0.72781,                      1
                     28,                0.71106,                0.47722,                 1.3716,                0.08032,                  0.803,                0.79403,                 0.8448,                0.69614,                0.67392,                0.42879,                 1.4444,                0.08633,               0.007327,               0.007327,               0.007327,                      0,                0.68652,                0.68554,                0.67213,                0.52987,                0.67473,                0.40484,                0.18671,                0.44887,                 0.5685,                0.41045,                0.64235,                      0,                0.66427,                0.67935,                0.66657,                0.50927,                0.67247,                0.44084,                0.19101,                0.45453,                0.55237,                0.41045,                  0.695,              0.0087972,                      0,                0.69057,                0.58558,                 0.3148,                0.48364,                0.26691,                0.73309,                0.73309,                      1
                     29,                0.70664,                0.47271,                 1.3828,                 0.0794,                 0.8096,                0.81832,                0.85762,                0.70275,                 0.6731,                0.42284,                 1.4536,                0.08573,               0.007228,               0.007228,               0.007228,                      0,                0.68982,                0.68084,                0.66867,                0.52241,                0.67712,                 0.4136,                0.18614,                0.44929,                0.56902,                0.41262,                0.64304,                      0,                0.66618,                0.67479,                0.66381,                0.49973,                0.67452,                0.44904,                0.19077,                0.45517,                0.54703,                0.41262,                 0.6969,              0.0091475,                      0,                0.68161,                0.58216,                0.31659,                0.48273,                0.27145,                0.72855,                0.72855,                      1
                     30,                0.70934,                0.47456,                 1.3727,                0.08061,                0.80582,                0.80956,                0.85263,                 0.6994,                 0.6688,                0.42424,                 1.4517,                0.08589,               0.007129,               0.007129,               0.007129,                      0,                0.68635,                0.68464,                0.67145,                0.53154,                0.67378,                0.40089,                0.18653,                  0.448,                0.58152,                0.40999,                0.63873,                      0,                0.66608,                0.67782,                0.66553,                0.50864,                0.67337,                0.43932,                0.19039,                0.45312,                0.55916,                0.40999,                0.69372,              0.0087494,                      0,                0.69127,                0.58696,                0.31641,                0.48447,                0.26393,                0.73607,                0.73607,                      1
                     31,                0.70628,                0.46834,                 1.3805,                0.08012,                 0.8317,                0.81116,                0.86112,                0.70895,                0.66787,                0.41881,                 1.4632,                0.08569,                0.00703,                0.00703,                0.00703,                      0,                0.68887,                0.68493,                 0.6731,                0.52643,                0.67499,                0.40074,                0.18658,                0.44813,                0.57923,                0.41219,                0.63723,                      0,                0.66538,                0.67907,                0.66806,                0.50327,                0.67284,                0.43893,                 0.1912,                 0.4535,                0.56141,                0.41219,                0.69313,              0.0089633,                      0,                0.68656,                0.58494,                0.31166,                0.48516,                0.26876,                0.73124,                0.73124,                      1
                     32,                0.70635,                0.47093,                 1.3798,                0.08034,                0.81585,                0.82153,                  0.863,                0.71001,                0.66852,                0.41888,                 1.4449,                0.08568,               0.006931,               0.006931,               0.006931,                      0,                0.68952,                0.68585,                0.67192,                 0.5288,                 0.6744,                 0.4028,                0.18635,                0.44664,                0.57351,                0.41152,                 0.6333,                      0,                  0.667,                0.68011,                0.66742,                0.50952,                0.67125,                0.43575,                0.19057,                0.45188,                0.55472,                0.41152,                0.68281,              0.0084701,                      0,                0.68998,                0.58439,                0.31392,                 0.4837,                0.26886,                0.73114,                0.73114,                      1
                     33,                0.69996,                 0.4652,                 1.3777,                0.07957,                0.83665,                0.80706,                0.86698,                0.71372,                0.66682,                0.41578,                 1.4578,                0.08552,               0.006832,               0.006832,               0.006832,                      0,                0.68858,                0.68289,                0.67015,                0.52439,                0.67343,                0.40758,                0.18749,                0.44799,                0.56474,                0.41208,                0.63277,                      0,                0.67049,                0.67668,                0.66469,                0.50216,                 0.6755,                 0.4434,                0.19162,                0.45269,                0.54498,                0.41208,                0.68894,              0.0086009,                      0,                0.68407,                0.58181,                0.31676,                0.48126,                0.27149,                0.72851,                0.72851,                      1
                     34,                0.69813,                0.46203,                 1.3758,                0.08001,                0.81934,                0.81798,                0.85903,                0.70717,                0.66865,                0.41777,                 1.4502,                0.08532,               0.006733,               0.006733,               0.006733,                      0,                0.68998,                0.68662,                0.67431,                0.52716,                0.67811,                0.40243,                0.18753,                0.44743,                0.56864,                0.41202,                0.64558,                      0,                  0.674,                 0.6804,                0.66879,                0.50405,                0.67941,                0.43946,                0.19193,                0.45117,                0.54998,                0.41202,                0.69423,              0.0084123,                      0,                0.68757,                0.58284,                0.31387,                0.48265,                0.26744,                0.73256,                0.73256,                      1
                     35,                0.69912,                0.46146,                 1.3704,                 0.0787,                0.82403,                0.81708,                0.86263,                0.71145,                0.66725,                0.41475,                 1.4481,                0.08535,               0.006634,               0.006634,               0.006634,                      0,                0.68646,                0.68077,                0.67066,                 0.5166,                0.67668,                0.41336,                0.18911,                0.44894,                  0.557,                 0.4133,                0.65043,                      0,                0.66438,                0.67602,                0.66748,                0.49591,                0.67469,                0.44556,                0.19414,                0.45492,                 0.5341,                 0.4133,                0.70237,              0.0087308,                      0,                 0.6771,                0.58151,                0.31597,                 0.4826,                0.27132,                0.72868,                0.72868,                      1
                     36,                 0.6986,                0.45641,                 1.3717,                 0.0783,                0.80496,                0.83289,                0.86025,                0.71031,                0.66481,                0.41435,                 1.4512,                0.08529,               0.006535,               0.006535,               0.006535,                      0,                0.68322,                0.68162,                0.67151,                0.51378,                0.67422,                0.41739,                0.18851,                0.45068,                0.55508,                0.41522,                0.65066,                      0,                0.66312,                0.67391,                0.66512,                0.49113,                0.67371,                 0.4531,                0.19251,                0.45638,                0.53131,                0.41522,                0.70144,              0.0087595,                      0,                0.67358,                0.57927,                0.31241,                0.48306,                 0.2765,                 0.7235,                 0.7235,                      1
                     37,                0.69319,                0.45666,                 1.3746,                0.07923,                0.83377,                0.81915,                0.86456,                0.71254,                0.66468,                0.41306,                 1.4461,                0.08515,               0.006436,               0.006436,               0.006436,                      0,                0.69497,                0.68346,                0.66905,                0.52287,                0.68148,                0.41133,                 0.1874,                 0.4452,                0.55958,                0.41099,                0.64477,                      0,                0.67484,                0.67676,                0.66357,                0.49944,                0.68087,                0.44862,                0.19154,                0.45167,                0.53752,                0.41099,                 0.6973,              0.0085495,                      0,                0.68187,                0.58454,                0.31817,                0.48243,                0.26862,                0.73138,                0.73138,                      1
                     38,                0.69012,                0.45393,                 1.3739,                0.07986,                0.82982,                0.81448,                0.86517,                0.71372,                0.66538,                0.41173,                   1.45,                0.08518,               0.006337,               0.006337,               0.006337,                      0,                0.68947,                0.68543,                0.67344,                0.52565,                0.67558,                 0.4027,                 0.1867,                0.44789,                0.56689,                0.41328,                0.63832,                      0,                0.66561,                0.67879,                0.66881,                0.50364,                0.67377,                0.43961,                0.19095,                0.45415,                0.55034,                0.41328,                0.69565,              0.0086733,                      0,                0.68629,                0.58175,                0.31341,                0.48327,                 0.2717,                 0.7283,                 0.7283,                      1
                     39,                0.69162,                0.45408,                 1.3762,                0.07957,                0.83352,                0.82415,                 0.8715,                0.71909,                0.66334,                0.40874,                 1.4519,                0.08532,               0.006238,               0.006238,               0.006238,                      0,                0.68908,                0.68794,                0.67527,                0.52355,                0.67732,                0.40372,                0.18964,                0.44886,                0.56094,                0.41216,                0.64577,                      0,                0.67067,                0.68062,                0.66797,                0.50253,                0.67731,                0.44263,                0.19235,                0.45273,                 0.5431,                0.41216,                0.69512,              0.0087958,                      0,                0.68475,                0.58372,                0.31466,                0.48334,                0.27146,                0.72854,                0.72854,                      1
                     40,                0.69237,                0.45524,                 1.3711,                 0.0794,                0.82252,                0.82836,                0.86666,                0.71673,                0.66348,                0.40949,                 1.4484,                0.08526,               0.006139,               0.006139,               0.006139,                      0,                0.68946,                0.68443,                0.67127,                 0.5225,                0.67712,                0.41046,                0.18782,                0.44587,                  0.565,                0.40986,                0.64279,                      0,                0.66877,                0.67821,                0.66658,                0.49919,                0.67624,                0.44722,                0.19222,                0.45175,                0.54808,                0.40986,                0.69704,              0.0088572,                      0,                0.68215,                0.58742,                0.31765,                0.48473,                0.26443,                0.73557,                0.73557,                      1
                     41,                0.68615,                0.44595,                 1.3698,                0.07918,                0.83927,                0.80884,                0.86329,                0.71303,                0.66334,                0.40982,                 1.4479,                0.08501,                0.00604,                0.00604,                0.00604,                      0,                0.69044,                0.68333,                 0.6705,                0.52154,                0.67848,                0.41019,                0.18756,                0.44719,                0.56345,                0.41184,                0.64547,                      0,                  0.672,                0.67571,                0.66472,                0.49712,                0.67748,                0.44596,                0.19212,                0.45139,                0.54225,                0.41184,                0.69261,              0.0084997,                      0,                0.68054,                0.58246,                0.31521,                0.48126,                0.26603,                0.73397,                0.73397,                      1
                     42,                0.68799,                0.44755,                 1.3708,                0.07925,                0.82439,                0.83142,                0.86849,                0.71826,                 0.6625,                0.40566,                 1.4526,                0.08507,               0.005941,               0.005941,               0.005941,                      0,                0.69118,                0.68413,                0.67154,                0.52096,                0.67798,                0.40988,                0.18734,                0.44619,                0.56379,                0.41187,                0.64208,                      0,                 0.6729,                0.67814,                0.66688,                0.49783,                0.67818,                0.44541,                0.19249,                0.45099,                0.54854,                0.41187,                0.69253,              0.0083928,                      0,                0.68075,                0.58544,                 0.3152,                0.48478,                0.26885,                0.73115,                0.73115,                      1
                     43,                0.68244,                0.44479,                  1.374,                 0.0789,                 0.8293,                0.83462,                0.87194,                 0.7209,                0.66177,                0.40465,                 1.4511,                 0.0849,               0.005842,               0.005842,               0.005842,                      0,                0.68986,                0.68495,                0.67181,                0.51871,                0.67683,                0.41224,                0.18788,                0.44715,                0.56292,                0.41344,                0.64241,                      0,                0.67326,                0.67988,                0.66819,                0.49366,                0.67877,                0.44793,                0.19401,                0.45252,                0.53883,                0.41344,                0.69331,              0.0084739,                      0,                0.67801,                0.58142,                 0.3139,                0.48265,                0.27471,                0.72529,                0.72529,                      1
                     44,                 0.6847,                0.44343,                 1.3674,                0.07954,                0.83884,                0.82612,                0.87155,                0.72218,                0.66122,                0.40501,                 1.4509,                0.08497,               0.005743,               0.005743,               0.005743,                      0,                0.69123,                0.68561,                0.67154,                0.52266,                0.67637,                0.40948,                0.18777,                0.44586,                0.57397,                0.41158,                0.63575,                      0,                0.67973,                0.67779,                0.66476,                0.49866,                0.68041,                0.44645,                0.19087,                0.44835,                0.55261,                0.41158,                0.68229,              0.0083634,                      0,                0.68198,                0.58405,                0.31746,                0.48302,                0.26785,                0.73215,                0.73215,                      1
                     45,                0.68324,                0.44089,                 1.3705,                0.07871,                0.83383,                0.83043,                0.86978,                0.71928,                0.66077,                0.40483,                 1.4535,                0.08484,               0.005644,               0.005644,               0.005644,                      0,                 0.6892,                0.68357,                0.67152,                0.51625,                0.67645,                0.41367,                 0.1885,                 0.4466,                0.55834,                0.41241,                 0.6419,                      0,                0.67629,                  0.677,                0.66546,                 0.4952,                0.67858,                 0.4463,                0.19238,                0.45061,                0.54134,                0.41241,                0.68479,              0.0082787,                      0,                0.67661,                0.57972,                0.31417,                0.48003,                 0.2696,                 0.7304,                 0.7304,                      1
                     46,                0.68192,                0.44222,                 1.3744,                0.07842,                0.82762,                0.83147,                0.86984,                0.71939,                 0.6602,                0.40401,                 1.4568,                0.08482,               0.005545,               0.005545,               0.005545,                      0,                0.69237,                 0.6828,                0.67052,                0.51349,                0.68041,                0.41761,                0.18865,                0.44572,                0.55776,                0.40972,                0.64716,                      0,                0.67793,                0.67598,                0.66433,                0.49305,                0.68231,                0.45139,                0.19223,                0.45017,                0.54114,                0.40972,                0.69451,              0.0083626,                      0,                0.67379,                0.58536,                0.31761,                0.48212,                 0.2646,                 0.7354,                 0.7354,                      1
                     47,                0.68438,                 0.4399,                 1.3716,                0.07839,                0.83992,                0.81924,                0.86896,                0.71928,                0.66029,                0.40393,                 1.4558,                 0.0848,               0.005446,               0.005446,               0.005446,                      0,                0.69342,                0.68233,                0.67054,                0.51355,                0.68078,                0.41836,                0.18834,                0.44616,                0.55922,                0.41094,                0.64628,                      0,                0.67792,                0.67647,                0.66517,                0.49113,                0.68346,                0.45268,                 0.1927,                0.45068,                0.54161,                0.41094,                0.69859,              0.0084929,                      0,                0.67327,                0.58102,                0.31865,                0.47974,                0.26805,                0.73195,                0.73195,                      1
                     48,                0.68006,                0.44072,                 1.3668,                0.07847,                0.84261,                0.82116,                 0.8674,                0.71811,                0.65992,                0.40384,                 1.4524,                0.08484,               0.005347,               0.005347,               0.005347,                      0,                 0.6931,                0.68429,                0.67234,                0.51319,                0.68072,                0.41726,                0.18736,                  0.447,                0.56455,                0.41295,                0.64744,                      0,                0.67926,                 0.6775,                0.66628,                 0.4903,                0.68236,                0.45015,                0.19125,                0.44997,                0.54477,                0.41295,                 0.6907,              0.0080876,                      0,                0.67314,                0.58606,                0.31309,                  0.487,                0.27117,                0.72883,                0.72883,                      1
                     49,                0.67863,                0.43493,                 1.3686,                0.07905,                0.84135,                0.81911,                0.86665,                 0.7175,                0.65987,                0.40334,                 1.4552,                 0.0849,               0.005248,               0.005248,               0.005248,                      0,                0.68594,                0.68339,                0.67123,                0.51964,                0.67666,                0.41442,                0.18924,                0.44776,                0.56328,                0.41161,                0.65154,                      0,                0.67331,                 0.6758,                0.66523,                0.49621,                0.67898,                0.44766,                0.19288,                0.45145,                0.54417,                0.41161,                0.69434,              0.0082445,                      0,                0.67914,                0.58215,                0.31803,                0.48126,                0.26974,                0.73026,                0.73026,                      1
                     50,                0.67727,                0.43376,                 1.3687,                0.07899,                 0.8381,                 0.8232,                 0.8669,                0.71797,                0.65987,                0.40366,                 1.4552,                0.08496,               0.005149,               0.005149,               0.005149,                      0,                0.68797,                0.68626,                0.67331,                 0.5187,                0.67667,                0.41097,                 0.1877,                0.44791,                0.56805,                0.41274,                0.64633,                      0,                0.67539,                0.68089,                0.66767,                0.49192,                0.67935,                0.45106,                0.19197,                0.45122,                0.54749,                0.41274,                0.68997,              0.0087919,                      0,                0.67763,                0.58418,                 0.3128,                0.48509,                0.27145,                0.72855,                0.72855,                      1
                     51,                 0.6768,                0.43214,                 1.3638,                0.07946,                 0.8422,                0.82178,                0.86818,                0.71933,                0.65995,                0.40326,                 1.4549,                0.08495,                0.00505,                0.00505,                0.00505,                      0,                0.68993,                0.68591,                0.67278,                0.52352,                0.67574,                0.40544,                0.18844,                0.44457,                0.56184,                0.41012,                0.63658,                      0,                0.67399,                0.67816,                0.66673,                    0.5,                0.67759,                  0.442,                0.19195,                0.44905,                0.54488,                0.41012,                0.68751,              0.0084095,                      0,                0.68337,                0.58263,                0.31591,                0.47968,                0.26602,                0.73398,                0.73398,                      1
                     52,                0.67192,                0.42987,                 1.3717,                0.07921,                0.83366,                0.83429,                0.87012,                0.72203,                 0.6594,                0.40251,                 1.4542,                 0.0849,               0.004951,               0.004951,               0.004951,                      0,                0.68798,                0.68539,                0.67245,                0.52033,                0.67492,                0.40917,                0.18713,                0.44651,                 0.5685,                0.41231,                0.63978,                      0,                0.67391,                0.67947,                0.66584,                0.49651,                0.67778,                0.44701,                0.19107,                0.45126,                0.54508,                0.41231,                0.68817,              0.0084588,                      0,                0.67995,                0.58356,                0.31349,                0.48343,                0.27087,                0.72913,                0.72913,                      1
                     53,                0.67084,                0.42812,                 1.3621,                0.07879,                0.83881,                0.83088,                0.87027,                0.72192,                0.65912,                0.40234,                 1.4539,                0.08489,               0.004852,               0.004852,               0.004852,                      0,                0.69062,                0.68507,                0.67408,                0.51679,                0.67735,                0.41104,                0.18749,                0.44547,                0.56353,                 0.4119,                0.64098,                      0,                0.67724,                0.67788,                0.66712,                0.49155,                0.68051,                0.44954,                0.19166,                0.44889,                0.54627,                 0.4119,                0.68947,              0.0084356,                      0,                0.67632,                0.58515,                0.31468,                0.48529,                0.26742,                0.73258,                0.73258,                      1
                     54,                0.66672,                0.42599,                 1.3734,                0.07823,                0.83551,                0.83284,                 0.8698,                0.72195,                0.65853,                0.40178,                 1.4558,                0.08488,               0.004753,               0.004753,               0.004753,                      0,                0.69641,                0.68423,                0.67002,                0.51211,                0.68185,                0.41976,                0.18828,                0.44155,                0.55755,                0.41041,                0.64177,                      0,                 0.6815,                0.67926,                0.66662,                 0.4889,                0.68439,                0.45115,                0.19369,                 0.4462,                0.54491,                0.41041,                0.69235,              0.0083474,                      0,                 0.6716,                0.58605,                0.31481,                0.48323,                0.26647,                0.73353,                0.73353,                      1
                     55,                0.67141,                0.42653,                 1.3655,                 0.0787,                0.83394,                0.83504,                0.86948,                 0.7218,                0.65829,                0.40191,                 1.4556,                0.08485,               0.004654,               0.004654,               0.004654,                      0,                0.69428,                0.68622,                0.67419,                0.51594,                0.68107,                0.41326,                0.18876,                0.44499,                0.55806,                0.41189,                0.64494,                      0,                0.67761,                0.67918,                0.66815,                0.49364,                0.68091,                0.44915,                0.19236,                0.44981,                0.54091,                0.41189,                0.68993,              0.0082378,                      0,                0.67655,                0.58596,                 0.3159,                  0.486,                0.26781,                0.73219,                0.73219,                      1
                     56,                0.66445,                 0.4234,                 1.3644,                 0.0781,                0.83632,                0.83362,                0.86903,                0.72146,                0.65814,                0.40197,                 1.4554,                0.08483,               0.004555,               0.004555,               0.004555,                      0,                0.69739,                0.68205,                0.66753,                 0.5135,                0.68255,                0.42374,                0.18653,                0.44166,                0.55525,                0.41029,                0.64157,                      0,                0.68453,                0.67438,                0.66091,                0.48751,                0.68607,                0.45958,                0.19099,                0.44566,                0.53709,                0.41029,                 0.6903,              0.0082689,                      0,                0.67117,                 0.5877,                0.31877,                0.48535,                0.26589,                0.73411,                0.73411,                      1
                     57,                0.66578,                0.42297,                 1.3638,                0.07827,                0.83369,                0.83717,                0.86973,                0.72215,                0.65791,                0.40128,                 1.4561,                0.08482,               0.004456,               0.004456,               0.004456,                      0,                0.68767,                0.68374,                0.67328,                0.51321,                 0.6772,                0.41554,                0.18869,                0.44698,                0.55078,                0.41392,                0.64886,                      0,                0.67586,                0.67752,                0.66824,                0.49043,                0.67869,                0.44645,                0.19328,                   0.45,                0.53604,                0.41392,                0.68635,              0.0082199,                      0,                0.67352,                0.58264,                 0.3135,                0.48492,                0.26971,                0.73029,                0.73029,                      1
                     58,                0.66566,                 0.4205,                 1.3566,                0.07819,                0.83684,                0.83622,                0.86968,                0.72172,                0.65782,                0.40118,                  1.456,                0.08483,               0.004357,               0.004357,               0.004357,                      0,                0.69391,                 0.6866,                0.67405,                0.51194,                0.68208,                0.41868,                0.18775,                0.44382,                0.55788,                0.41047,                0.64905,                      0,                0.68087,                0.67961,                0.66806,                0.48708,                0.68538,                0.45354,                0.19297,                0.44779,                 0.5374,                0.41047,                0.69798,              0.0083222,                      0,                0.67167,                0.58767,                0.31373,                0.48561,                0.26365,                0.73635,                0.73635,                      1
                     59,                0.66761,                0.41975,                 1.3654,                0.07853,                 0.8372,                0.83406,                0.86895,                0.72134,                0.65773,                0.40126,                 1.4562,                0.08485,               0.004258,               0.004258,               0.004258,                      0,                 0.6894,                0.68525,                0.67312,                0.51581,                 0.6786,                0.41385,                0.18894,                0.44685,                0.56173,                 0.4131,                0.64973,                      0,                0.67171,                 0.6765,                0.66546,                0.48895,                0.67943,                0.45527,                0.19219,                0.45254,                0.53845,                 0.4131,                0.70006,              0.0084629,                      0,                 0.6745,                 0.5788,                0.31479,                0.47954,                0.27216,                0.72784,                0.72784,                      1
                     60,                0.65893,                0.41652,                 1.3539,                0.07797,                0.83514,                0.83577,                0.86917,                0.72105,                0.65753,                0.40108,                 1.4561,                0.08486,               0.004159,               0.004159,               0.004159,                      0,                0.69889,                0.68653,                0.67132,                0.51144,                0.68233,                0.41937,                0.18875,                0.44254,                0.55261,                0.41206,                0.63804,                      0,                0.68206,                0.67781,                0.66346,                0.48678,                 0.6832,                0.45633,                0.19229,                0.44767,                0.53365,                0.41206,                0.68625,              0.0082804,                      0,                0.67039,                0.58194,                0.31442,                0.48119,                0.27199,                0.72801,                0.72801,                      1
                     61,                0.66339,                0.41707,                 1.3543,                 0.0783,                0.82829,                0.84256,                0.86945,                0.72127,                0.65732,                0.40107,                 1.4556,                0.08485,                0.00406,                0.00406,                0.00406,                      0,                0.69483,                0.68475,                0.67154,                0.51374,                0.68108,                0.41777,                0.18817,                0.44392,                 0.5575,                0.41307,                0.64378,                      0,                0.68145,                0.67837,                0.66611,                0.48918,                0.68318,                0.45116,                0.19307,                0.44753,                0.53534,                0.41307,                0.68788,              0.0082845,                      0,                0.67298,                0.58173,                0.31413,                0.48241,                0.26936,                0.73064,                0.73064,                      1
                     62,                0.66128,                0.41746,                 1.3622,                0.07775,                0.82604,                0.84534,                0.86963,                0.72124,                0.65731,                  0.401,                 1.4557,                0.08485,               0.003961,               0.003961,               0.003961,                      0,                0.69718,                0.68484,                0.67123,                0.50861,                0.68381,                0.42428,                0.18884,                0.44391,                0.55397,                0.41245,                0.64798,                      0,                0.68777,                0.67902,                0.66582,                0.48362,                 0.6885,                0.45712,                0.19368,                 0.4471,                0.53968,                0.41245,                0.69044,              0.0082274,                      0,                0.66763,                0.58422,                0.31564,                0.48421,                0.27182,                0.72818,                0.72818,                      1
                     63,                0.65963,                0.41427,                 1.3625,                0.07859,                0.82939,                0.84515,                0.86957,                0.72181,                0.65715,                 0.4008,                 1.4553,                0.08482,               0.003862,               0.003862,               0.003862,                      0,                0.68992,                0.68554,                0.67175,                 0.5149,                 0.6792,                 0.4185,                 0.1886,                0.44447,                0.55978,                0.40987,                0.64936,                      0,                0.68036,                0.67824,                0.66511,                0.49312,                0.68289,                0.45009,                 0.1925,                0.44765,                0.54424,                0.40987,                0.68993,              0.0080766,                      0,                0.67502,                0.58494,                0.31756,                0.48197,                0.26437,                0.73563,                0.73563,                      1
                     64,                0.66114,                0.41572,                 1.3608,                0.07838,                0.82682,                0.84737,                0.86945,                0.72226,                0.65702,                 0.4011,                 1.4555,                 0.0848,               0.003763,               0.003763,               0.003763,                      0,                0.69692,                0.68532,                0.67334,                 0.5122,                0.68248,                 0.4145,                 0.1879,                0.44278,                0.56114,                0.40959,                0.64226,                      0,                0.68598,                0.67915,                0.66685,                0.49076,                 0.6859,                0.45086,                0.19156,                 0.4458,                0.54151,                0.40959,                0.68568,              0.0083469,                      0,                0.67285,                0.58672,                 0.3156,                0.48391,                0.26414,                0.73586,                0.73586,                      1
                     65,                0.65724,                 0.4094,                 1.3623,                0.07842,                0.83194,                0.84351,                0.86927,                0.72183,                0.65693,                0.40079,                 1.4562,                0.08478,               0.003664,               0.003664,               0.003664,                      0,                0.69283,                0.68812,                0.67282,                 0.5151,                0.67971,                0.41867,                0.18844,                0.44442,                0.55138,                0.41063,                0.64372,                      0,                0.68176,                0.68091,                0.66607,                0.49236,                0.68338,                0.45323,                0.19273,                0.44741,                0.53219,                0.41063,                0.68783,              0.0080923,                      0,                0.67516,                0.58161,                0.31629,                0.47945,                0.26726,                0.73274,                0.73274,                      1
                     66,                0.65526,                0.41049,                 1.3572,                0.07816,                0.83075,                0.84435,                 0.8693,                0.72217,                0.65676,                0.40037,                 1.4573,                0.08477,               0.003565,               0.003565,               0.003565,                      0,                0.69142,                0.68428,                0.67169,                0.51227,                0.68022,                0.41832,                0.18814,                0.44539,                0.55858,                0.41116,                0.64953,                      0,                0.67995,                0.67688,                0.66537,                0.48698,                0.68431,                0.45579,                0.19226,                0.44984,                0.53887,                0.41116,                 0.6963,              0.0082393,                      0,                0.67124,                0.58363,                0.31604,                0.48204,                0.26724,                0.73276,                0.73276,                      1
                     67,                 0.6547,                0.40657,                 1.3552,                0.07784,                0.83039,                0.84439,                0.86906,                0.72194,                0.65651,                0.40025,                 1.4582,                0.08476,               0.003466,               0.003466,               0.003466,                      0,                0.69185,                0.68295,                0.66969,                0.50928,                0.68069,                0.42418,                0.18915,                0.44502,                0.55925,                0.41054,                0.65028,                      0,                0.68229,                0.67551,                0.66275,                0.48507,                0.68549,                 0.4578,                0.19342,                0.44889,                0.53634,                0.41054,                 0.6942,              0.0082398,                      0,                0.66805,                0.58249,                 0.3167,                0.47922,                0.26844,                0.73156,                0.73156,                      1
                     68,                0.65283,                 0.4035,                  1.355,                 0.0774,                0.83147,                0.84489,                0.86942,                0.72231,                0.65654,                0.40029,                 1.4585,                0.08476,               0.003367,               0.003367,               0.003367,                      0,                0.69134,                0.68444,                0.67333,                0.50337,                0.68188,                0.42283,                 0.1902,                0.44631,                0.55948,                 0.4119,                0.65619,                      0,                0.68213,                0.67707,                0.66631,                0.47969,                0.68641,                0.45774,                0.19426,                 0.4499,                0.54234,                 0.4119,                0.69804,              0.0080534,                      0,                0.66323,                0.58515,                0.31703,                0.48456,                0.26925,                0.73075,                0.73075,                      1
                     69,                0.65103,                0.40413,                 1.3586,                0.07813,                0.83317,                0.84367,                0.86949,                0.72221,                0.65638,                0.40031,                 1.4594,                0.08475,               0.003268,               0.003268,               0.003268,                      0,                0.68939,                0.68534,                0.67483,                 0.5104,                0.67953,                0.41379,                0.18994,                0.44615,                0.56077,                0.41241,                0.65298,                      0,                0.67804,                0.67791,                0.66768,                0.48585,                0.68288,                0.45059,                0.19415,                0.45003,                0.54235,                0.41241,                 0.6959,              0.0081965,                      0,                0.67033,                0.58145,                0.31426,                0.48176,                0.27094,                0.72906,                0.72906,                      1
                     70,                0.64938,                0.40265,                 1.3498,                0.07751,                0.83747,                0.83887,                0.86968,                0.72262,                0.65626,                0.40024,                 1.4599,                0.08474,               0.003169,               0.003169,               0.003169,                      0,                0.69543,                 0.6842,                0.67195,                0.50624,                0.68317,                0.42355,                0.18968,                0.44283,                0.55048,                0.41119,                0.64942,                      0,                0.68246,                0.67576,                0.66456,                0.48426,                0.68495,                0.45605,                0.19327,                0.44661,                0.53135,                0.41119,                0.69178,              0.0078868,                      0,                0.66629,                0.58203,                0.31605,                0.48092,                0.26655,                0.73345,                0.73345,                      1
                     71,                0.64573,                0.39848,                 1.3534,                 0.0778,                0.83701,                0.83826,                0.86971,                0.72262,                0.65621,                0.40008,                 1.4602,                0.08474,                0.00307,                0.00307,                0.00307,                      0,                0.69192,                0.68529,                  0.674,                0.50791,                0.68062,                0.42157,                0.18893,                 0.4453,                0.55321,                0.41363,                 0.6502,                      0,                0.68133,                0.67992,                0.66914,                0.48539,                0.68325,                0.45183,                0.19386,                0.44736,                 0.5355,                0.41363,                0.68842,              0.0081409,                      0,                 0.6685,                0.58362,                 0.3116,                0.48557,                0.27086,                0.72914,                0.72914,                      1
                     72,                0.64677,                0.39689,                 1.3557,                0.07695,                0.83794,                0.83956,                0.86978,                0.72287,                0.65608,                0.39997,                 1.4608,                0.08472,               0.002971,               0.002971,               0.002971,                      0,                0.69385,                0.68123,                0.67039,                0.50134,                0.68211,                0.42974,                0.18869,                0.44452,                0.54889,                0.41209,                0.65028,                      0,                 0.6847,                0.67457,                0.66413,                0.47937,                0.68632,                0.45956,                0.19316,                0.44715,                0.52895,                0.41209,                0.69071,              0.0081489,                      0,                0.66109,                0.58005,                0.31622,                0.47982,                0.26942,                0.73058,                0.73058,                      1
                     73,                0.64313,                0.39492,                 1.3568,                0.07742,                0.84047,                0.83781,                0.86975,                0.72281,                0.65602,                0.39992,                 1.4611,                0.08472,               0.002872,               0.002872,               0.002872,                      0,                0.69578,                 0.6862,                0.67419,                0.50499,                0.68286,                 0.4221,                 0.1906,                0.44415,                0.55173,                0.41306,                0.64833,                      0,                0.68622,                0.68008,                0.66905,                0.48094,                0.68716,                0.45453,                0.19543,                0.44836,                0.53356,                0.41306,                0.68968,              0.0081042,                      0,                0.66509,                0.58327,                0.31457,                0.48445,                0.27223,                0.72777,                0.72777,                      1
                     74,                0.64056,                0.39508,                 1.3415,                0.07823,                0.83993,                0.83841,                0.87002,                0.72289,                0.65593,                0.39992,                 1.4614,                0.08471,               0.002773,               0.002773,               0.002773,                      0,                0.69361,                0.68708,                0.67471,                0.51287,                 0.6798,                0.41405,                0.18948,                0.44226,                 0.5517,                0.41108,                0.64161,                      0,                0.68419,                0.68086,                0.66883,                0.48941,                0.68521,                0.44809,                0.19397,                0.44564,                0.53294,                0.41108,                0.68803,              0.0080892,                      0,                0.67324,                0.58803,                0.31436,                0.48679,                0.26554,                0.73446,                0.73446,                      1
                     75,                0.64147,                0.39523,                  1.349,                0.07739,                0.84046,                0.83673,                0.86996,                0.72288,                0.65575,                0.39981,                 1.4617,                 0.0847,               0.002674,               0.002674,               0.002674,                      0,                0.69624,                0.68429,                0.67242,                0.50381,                0.68363,                0.42519,                0.18745,                0.44353,                0.55514,                0.41101,                0.64906,                      0,                0.68397,                 0.6786,                0.66668,                0.48166,                 0.6865,                0.45837,                0.19234,                0.44709,                0.53722,                0.41101,                0.69344,              0.0081551,                      0,                0.66405,                0.58642,                0.31421,                0.48478,                0.26724,                0.73276,                0.73276,                      1
                     76,                0.63716,                0.38971,                 1.3505,                0.07759,                0.84242,                0.83393,                0.86981,                0.72284,                0.65568,                0.39981,                 1.4622,                 0.0847,               0.002575,               0.002575,               0.002575,                      0,                0.70002,                0.68696,                 0.6736,                0.50562,                0.68474,                0.42078,                0.18948,                0.43857,                0.55645,                0.41055,                0.64229,                      0,                0.68826,                0.67979,                0.66654,                 0.4825,                0.68733,                0.45507,                0.19348,                0.44104,                0.53935,                0.41055,                0.68475,              0.0080611,                      0,                0.66572,                0.58707,                0.31338,                0.48498,                0.26469,                0.73531,                0.73531,                      1
                     77,                0.64094,                 0.3911,                 1.3503,                0.07716,                0.84375,                0.83464,                0.86996,                0.72319,                0.65566,                0.39961,                 1.4625,                0.08469,               0.002476,               0.002476,               0.002476,                      0,                0.68947,                0.68162,                0.67047,                0.50409,                0.68132,                0.43073,                0.18801,                0.44663,                0.54602,                 0.4106,                0.65849,                      0,                0.68088,                0.67548,                0.66481,                0.48134,                0.68531,                0.46099,                0.19296,                0.44923,                0.52726,                 0.4106,                0.69769,              0.0078958,                      0,                0.66365,                0.58632,                0.31692,                0.48467,                0.26337,                0.73663,                0.73663,                      1
                     78,                0.63651,                0.38791,                 1.3427,                0.07785,                0.84136,                0.83648,                0.87012,                0.72348,                0.65563,                0.39956,                 1.4628,                0.08467,               0.002377,               0.002377,               0.002377,                      0,                0.69419,                0.68735,                 0.6753,                0.50744,                0.68277,                0.41867,                0.18987,                0.44373,                0.55902,                 0.4114,                0.65157,                      0,                0.68647,                 0.6797,                0.66819,                0.48373,                0.68728,                0.45101,                 0.1945,                0.44587,                0.54295,                 0.4114,                0.68949,              0.0080827,                      0,                0.66777,                0.58252,                 0.3144,                0.48109,                0.26785,                0.73215,                0.73215,                      1
                     79,                0.63747,                0.38817,                 1.3479,                0.07745,                0.84335,                0.83368,                0.87007,                 0.7235,                0.65557,                0.39945,                 1.4633,                0.08466,               0.002278,               0.002278,               0.002278,                      0,                0.69085,                0.68584,                0.67613,                0.50401,                0.67984,                0.42023,                0.18939,                0.44554,                0.55551,                0.41345,                0.64999,                      0,                0.68033,                0.67841,                0.66967,                   0.48,                0.68342,                0.45274,                0.19378,                0.44885,                0.53894,                0.41345,                 0.6918,              0.0079097,                      0,                 0.6645,                0.58328,                0.31167,                0.48519,                0.26929,                0.73071,                0.73071,                      1
                     80,                0.62786,                0.38214,                  1.348,                0.07744,                0.84304,                0.83565,                0.87012,                0.72366,                 0.6556,                0.39927,                 1.4637,                0.08464,               0.002179,               0.002179,               0.002179,                      0,                0.69534,                0.68439,                0.67216,                0.50532,                0.68324,                0.41954,                0.18877,                0.44429,                0.55319,                0.41139,                0.65027,                      0,                0.68532,                0.67807,                0.66608,                0.48156,                0.68686,                0.45426,                0.19403,                 0.4472,                0.53624,                0.41139,                0.69104,               0.008011,                      0,                0.66494,                 0.5862,                0.31502,                0.48498,                0.26845,                0.73155,                0.73155,                      1
                     81,                0.63396,                0.38539,                 1.3413,                0.07716,                0.84248,                0.83628,                0.87005,                0.72341,                0.65571,                 0.3995,                  1.464,                0.08464,                0.00208,                0.00208,                0.00208,                      0,                0.69568,                0.68443,                0.67243,                0.50359,                0.68468,                0.42788,                0.18979,                0.44518,                0.55224,                0.41122,                0.65501,                      0,                0.68396,                0.67621,                0.66532,                0.47797,                0.68827,                0.46202,                0.19464,                0.44983,                0.53081,                0.41122,                0.69988,              0.0080311,                      0,                0.66257,                0.58167,                0.31836,                0.48029,                0.27065,                0.72935,                0.72935,                      1
                     82,                0.63228,                0.38385,                  1.335,                0.07735,                0.84229,                0.83742,                0.86996,                0.72319,                0.65568,                0.39949,                 1.4641,                0.08463,               0.001981,               0.001981,               0.001981,                      0,                0.69523,                0.68597,                0.67266,                0.50581,                0.68274,                0.42452,                0.18961,                0.44488,                0.54797,                0.41203,                0.64921,                      0,                0.68445,                0.67894,                0.66606,                0.48183,                0.68641,                0.45879,                0.19408,                0.44847,                0.52565,                0.41203,                0.69169,              0.0080327,                      0,                0.66543,                0.58197,                0.31514,                0.48148,                 0.2715,                 0.7285,                 0.7285,                      1
                     83,                0.62827,                0.38029,                 1.3421,                 0.0767,                0.84232,                0.83737,                0.87005,                0.72312,                 0.6557,                0.39938,                 1.4642,                0.08462,               0.001882,               0.001882,               0.001882,                      0,                0.69685,                0.68567,                0.67356,                0.50032,                0.68527,                0.42925,                0.19009,                0.44514,                0.54197,                0.41384,                0.65442,                      0,                 0.6862,                0.67859,                0.66671,                0.47505,                0.68936,                0.46387,                0.19471,                0.44939,                0.52532,                0.41384,                0.69776,              0.0081737,                      0,                0.65971,                0.58044,                0.31431,                0.48231,                0.27305,                0.72695,                0.72695,                      1
                     84,                0.63327,                0.38194,                 1.3446,                0.07728,                0.84283,                0.83549,                0.86984,                0.72333,                0.65581,                0.39947,                 1.4644,                0.08461,               0.001783,               0.001783,               0.001783,                      0,                0.69424,                0.68585,                0.67428,                0.50341,                0.68461,                0.42663,                   0.19,                0.44405,                 0.5512,                0.41141,                0.65811,                      0,                0.68885,                0.67979,                 0.6678,                0.48038,                0.69116,                 0.4569,                 0.1947,                0.44585,                 0.5325,                0.41141,                0.69752,              0.0080333,                      0,                0.66376,                0.58628,                0.31574,                0.48559,                0.26663,                0.73337,                0.73337,                      1
                     85,                0.62915,                0.37944,                 1.3415,                0.07734,                0.84388,                0.83381,                0.86962,                0.72318,                0.65578,                0.39971,                 1.4649,                 0.0846,               0.001684,               0.001684,               0.001684,                      0,                0.69893,                0.68468,                0.67083,                0.50544,                0.68388,                0.42694,                0.18762,                 0.4411,                0.54921,                0.41227,                0.64315,                      0,                0.69098,                0.67696,                0.66347,                0.48192,                 0.6887,                0.45852,                0.19189,                0.44336,                0.53226,                0.41227,                0.68254,              0.0078745,                      0,                 0.6647,                0.58181,                0.31433,                  0.482,                0.26978,                0.73022,                0.73022,                      1
                     86,                0.62302,                0.37433,                 1.3383,                0.07636,                 0.8458,                0.83202,                0.86977,                0.72296,                0.65576,                0.39975,                 1.4656,                0.08458,               0.001585,               0.001585,               0.001585,                      0,                0.69198,                0.68558,                0.67514,                0.49709,                0.68386,                0.42875,                0.19053,                0.44739,                 0.5396,                0.41422,                0.66238,                      0,                0.68483,                0.67904,                0.66836,                0.47237,                0.68943,                0.46381,                0.19503,                0.45073,                0.51917,                0.41422,                0.70161,              0.0081722,                      0,                0.65707,                0.58314,                0.31176,                0.48559,                0.27437,                0.72563,                0.72563,                      1
                     87,                0.62482,                0.37657,                 1.3388,                0.07719,                0.84639,                 0.8315,                0.86987,                0.72311,                0.65572,                0.39977,                 1.4661,                0.08456,               0.001486,               0.001486,               0.001486,                      0,                 0.6957,                0.68567,                0.67393,                0.50304,                0.68523,                 0.4248,                0.18939,                0.44416,                0.55075,                0.41214,                0.65647,                      0,                0.68721,                0.67929,                0.66771,                0.47938,                0.69023,                 0.4586,                0.19396,                0.44684,                0.53088,                0.41214,                0.69852,              0.0080669,                      0,                0.66311,                 0.5853,                  0.315,                 0.4855,                0.26668,                0.73332,                0.73332,                      1
                     88,                0.62359,                0.37484,                 1.3323,                0.07686,                 0.8455,                0.83189,                0.86989,                0.72312,                0.65569,                0.39986,                 1.4663,                0.08455,               0.001387,               0.001387,               0.001387,                      0,                0.69739,                0.68437,                0.67218,                0.50147,                0.68445,                0.42857,                0.18949,                0.44212,                0.54548,                0.41031,                0.64875,                      0,                0.69105,                0.67798,                0.66509,                0.47719,                0.69022,                0.46336,                0.19331,                0.44423,                0.52582,                0.41031,                 0.6879,              0.0079307,                      0,                0.66083,                0.58733,                0.31822,                0.48505,                0.26595,                0.73405,                0.73405,                      1
                     89,                0.62231,                0.37158,                 1.3367,                0.07752,                0.84562,                0.83115,                0.86955,                0.72293,                0.65564,                0.39997,                 1.4665,                0.08454,               0.001288,               0.001288,               0.001288,                      0,                0.69408,                0.68736,                0.67327,                0.50751,                0.68312,                 0.4256,                0.19069,                0.44644,                  0.549,                0.41323,                0.65428,                      0,                0.68565,                0.68059,                0.66771,                0.48154,                0.68868,                0.45636,                 0.1961,                0.44972,                0.52906,                0.41323,                0.69667,              0.0078777,                      0,                0.66671,                0.57726,                0.31581,                0.47765,                0.27518,                0.72482,                0.72482,                      1
                     90,                0.61836,                0.36928,                 1.3328,                0.07708,                 0.8456,                0.83238,                 0.8693,                0.72262,                0.65562,                0.39996,                 1.4666,                0.08453,               0.001189,               0.001189,               0.001189,                      0,                0.69841,                 0.6872,                0.67548,                0.50095,                0.68586,                0.42463,                0.18931,                0.44291,                0.55591,                0.41296,                0.65176,                      0,                0.68926,                0.68091,                0.67032,                0.47564,                0.69023,                0.45623,                0.19487,                  0.446,                0.53585,                0.41296,                0.69287,              0.0077743,                      0,                0.66095,                0.58554,                0.31351,                0.48708,                0.26905,                0.73095,                0.73095,                      1
                     91,                0.62288,                0.36989,                 1.3321,                0.07692,                0.84363,                0.83289,                0.86914,                0.72262,                0.65554,                0.40005,                 1.4668,                0.08452,                0.00109,                0.00109,                0.00109,                      0,                0.69305,                 0.6859,                0.67601,                0.49838,                0.68363,                0.42496,                0.19087,                0.44499,                0.55065,                0.41351,                0.65809,                      0,                0.68342,                0.68066,                0.67032,                0.47776,                0.68697,                0.45504,                0.19591,                0.44817,                0.53602,                0.41351,                0.69659,              0.0078465,                      0,                0.66004,                0.58326,                0.31167,                0.48493,                0.26951,                0.73049,                0.73049,                      1
                     92,                0.62104,                0.36811,                 1.3298,                0.07661,                0.84393,                0.83171,                0.86886,                0.72253,                 0.6556,                0.40021,                 1.4675,                0.08452,               0.000991,               0.000991,               0.000991,                      0,                0.69964,                0.68437,                0.67208,                0.49827,                0.68723,                0.43132,                0.18991,                0.44186,                0.54763,                0.41138,                0.65329,                      0,                0.69039,                0.67745,                0.66538,                0.47459,                 0.6906,                0.46334,                0.19478,                0.44401,                0.52838,                0.41138,                0.69118,              0.0078961,                      0,                0.65784,                0.58466,                0.31665,                0.48415,                0.26776,                0.73224,                0.73224,                      1
                     93,                0.61791,                0.36713,                 1.3302,                0.07667,                  0.844,                0.83125,                0.86857,                0.72203,                0.65571,                0.40043,                 1.4675,                 0.0845,               0.000892,               0.000892,               0.000892,                      0,                0.69152,                0.68698,                0.67585,                0.49941,                0.68342,                0.42788,                0.19135,                0.44802,                0.54352,                0.41435,                0.66217,                      0,                0.68467,                0.67974,                0.66902,                0.47397,                0.68787,                0.46202,                0.19617,                0.45082,                0.52289,                0.41435,                0.69626,              0.0079329,                      0,                0.65933,                0.57933,                0.31171,                0.48219,                0.27607,                0.72393,                0.72393,                      1
                     94,                0.61321,                0.36245,                 1.3301,                0.07631,                  0.844,                0.83247,                0.86848,                0.72195,                0.65569,                0.40049,                 1.4679,                0.08449,               0.000793,               0.000793,               0.000793,                      0,                0.69458,                0.68296,                0.67028,                0.49716,                0.68439,                0.43524,                0.19021,                 0.4446,                0.54303,                0.41164,                 0.6569,                      0,                0.68793,                0.67579,                 0.6636,                0.47232,                 0.6915,                0.46824,                0.19458,                0.44814,                0.52239,                0.41164,                0.70111,              0.0079441,                      0,                0.65589,                0.57992,                0.31764,                0.47861,                0.27041,                0.72959,                0.72959,                      1
                     95,                0.61106,                0.36115,                  1.329,                0.07642,                0.84444,                0.83204,                0.86829,                0.72168,                0.65575,                0.40039,                 1.4686,                0.08448,               0.000694,               0.000694,               0.000694,                      0,                0.69638,                0.68407,                0.67103,                0.49838,                0.68507,                 0.4348,                0.18924,                0.44162,                0.53972,                0.41145,                0.65389,                      0,                0.68793,                0.67685,                0.66462,                0.47419,                0.69011,                0.46523,                 0.1944,                0.44417,                0.52028,                0.41145,                0.69613,              0.0079701,                      0,                0.65754,                 0.5835,                0.31605,                0.48212,                0.26612,                0.73388,                0.73388,                      1
                     96,                0.60929,                0.36087,                 1.3274,                0.07681,                0.84325,                0.83207,                0.86811,                0.72175,                0.65575,                0.40045,                 1.4691,                0.08447,               0.000595,               0.000595,               0.000595,                      0,                0.69964,                0.68503,                0.67103,                0.50053,                 0.6864,                0.43024,                0.18926,                0.44063,                0.54697,                0.41014,                0.65011,                      0,                0.69178,                0.67838,                 0.6646,                0.47652,                0.69227,                 0.4623,                0.19445,                0.44383,                0.53161,                0.41014,                 0.6936,               0.007955,                      0,                0.65975,                0.58458,                0.31508,                0.48153,                0.26732,                0.73268,                0.73268,                      1
                     97,                0.61099,                0.36042,                 1.3197,                0.07665,                0.84408,                0.83215,                0.86798,                0.72179,                0.65576,                 0.4006,                 1.4693,                0.08447,               0.000496,               0.000496,               0.000496,                      0,                 0.6982,                0.68552,                0.67343,                0.49923,                0.68623,                0.42882,                0.18952,                0.44387,                0.54457,                0.41356,                0.65423,                      0,                0.68733,                0.67843,                0.66708,                0.47383,                0.69005,                0.46196,                0.19461,                0.44733,                0.52932,                0.41356,                0.69733,              0.0079379,                      0,                0.65859,                0.58191,                 0.3133,                0.48369,                0.27234,                0.72766,                0.72766,                      1
                     98,                0.60834,                0.35852,                 1.3284,                0.07653,                0.83896,                0.83625,                0.86762,                0.72173,                 0.6557,                0.40058,                 1.4697,                0.08447,               0.000397,               0.000397,               0.000397,                      0,                0.69734,                0.68497,                0.67295,                0.49795,                0.68735,                0.43124,                0.19036,                0.44403,                0.54268,                0.41277,                0.66053,                      0,                 0.6911,                0.67944,                0.66794,                0.47421,                0.69422,                 0.4605,                0.19549,                0.44661,                0.52615,                0.41277,                0.70259,              0.0077399,                      0,                0.65785,                0.58392,                0.31632,                0.48444,                0.27141,                0.72859,                0.72859,                      1
                     99,                0.61006,                0.35922,                 1.3254,                0.07676,                0.83901,                0.83756,                0.86744,                0.72168,                0.65576,                0.40062,                   1.47,                0.08447,               0.000298,               0.000298,               0.000298,                      0,                0.70117,                0.68471,                 0.6717,                0.49863,                0.68684,                0.43184,                0.18825,                0.44033,                0.55389,                0.40986,                0.64734,                      0,                0.69404,                0.67893,                0.66544,                0.47391,                0.69272,                0.46495,                0.19352,                  0.442,                0.53948,                0.40986,                0.68909,              0.0079254,                      0,                0.65779,                0.58592,                0.31741,                0.48333,                0.26625,                0.73375,                0.73375,                      1
                    100,                0.60768,                0.35661,                 1.3217,                0.07628,                0.83368,                0.84085,                0.86737,                0.72164,                0.65576,                0.40066,                 1.4702,                0.08446,               0.000199,               0.000199,               0.000199,                      0,                0.69725,                 0.6853,                0.67418,                0.49482,                0.68788,                0.43093,                0.19061,                0.44525,                0.54773,                0.41353,                0.66289,                      0,                0.68988,                0.67796,                0.66701,                 0.4693,                0.69352,                0.46504,                0.19541,                0.44807,                0.53266,                0.41353,                0.70322,              0.0080305,                      0,                0.65426,                0.58326,                0.31341,                0.48516,                0.27275,                0.72725,                0.72725,                      1
