                  epoch,         train/box_loss,         train/cls_loss,         train/dfl_loss,train/object_reliability_loss,   metrics/precision(B),      metrics/recall(B),       metrics/mAP50(B),    metrics/mAP50-95(B),           val/box_loss,           val/cls_loss,           val/dfl_loss,val/object_reliability_loss,                 lr/pg0,                 lr/pg1,                 lr/pg2,p2/P3_gate_direction_loss,    p2/P3_ir_win_recall,p2/P3_object_balanced_loss,p2/P3_object_calibrated_loss,p2/P3_object_hard_winner_loss,p2/P3_object_prompt_accuracy,p2/P3_object_prompt_correlation,p2/P3_object_prompt_mae,p2/P3_object_prompt_rgb, p2/P3_object_rank_loss,p2/P3_object_target_rgb,p2/P3_prompt_residual_gain,   p2/P3_rgb_win_recall,p2/P4_gate_direction_loss,    p2/P4_ir_win_recall,p2/P4_object_balanced_loss,p2/P4_object_calibrated_loss,p2/P4_object_hard_winner_loss,p2/P4_object_prompt_accuracy,p2/P4_object_prompt_correlation,p2/P4_object_prompt_mae,p2/P4_object_prompt_rgb, p2/P4_object_rank_loss,p2/P4_object_target_rgb,p2/P4_prompt_residual_gain,   p2/P4_rgb_win_recall,p2/P5_gate_direction_loss,    p2/P5_ir_win_recall,p2/P5_object_balanced_loss,p2/P5_object_calibrated_loss,p2/P5_object_hard_winner_loss,p2/P5_object_prompt_accuracy,p2/P5_object_prompt_correlation,p2/P5_object_prompt_mae,p2/P5_object_prompt_rgb, p2/P5_object_rank_loss,p2/P5_object_target_rgb,p2/P5_prompt_residual_gain,   p2/P5_rgb_win_recall,p2/object_cross_scale_consistency,p2/object_gate_raw_loss,p2/object_prompt_raw_loss,  p2/teacher_ir_quality,p2/teacher_relative_margin, p2/teacher_rgb_quality,p2/teacher_rgb_win_rate, p2/teacher_ir_win_rate,p2/teacher_majority_baseline,p2/object_reliability_warmup_factor
                      1,                 1.3152,                 1.4784,                 1.5567,                0.02345,                0.34848,                0.59038,                0.44739,                0.32674,                0.94088,                 0.9369,                 1.4504,                0.02344,               0.070106,              0.0033215,              0.0033215,                      0,                0.95891,                0.69318,                0.69311,                0.69314,                0.70651,               0.033803,                 0.1581,                0.49986,                0.69314,                0.41359,             3.9837e-07,               0.039535,                      0,                0.96348,                0.69315,                0.69249,                0.69312,                0.70864,               0.032878,                0.15761,                0.49869,                0.69311,                0.41359,             -3.335e-07,               0.035216,                      0,                0.96348,                0.69316,                0.69201,                0.69314,                0.70864,            -0.00013054,                0.15722,                0.49769,                0.69311,                0.41359,             1.0337e-07,               0.035216,             3.4618e-06,                      0,                 1.0107,                0.57858,                0.31632,                0.47969,                0.27453,                0.72547,                0.72547,                    0.2
                      2,                 1.0725,                0.88845,                 1.4169,                0.04686,                0.60385,                0.68547,                0.64958,                0.48389,                0.84213,                0.65138,                 1.4656,                0.04684,                0.04004,               0.006589,               0.006589,                      0,                0.99998,                0.69311,                0.69199,                0.69311,                0.72839,               0.049756,                0.15749,                0.49773,                0.69307,                0.41238,             7.2742e-06,             0.00016022,                      0,                      1,                0.69321,                0.68572,                0.69309,                0.72836,               0.078427,                0.15299,                0.48477,                0.69234,                0.41238,            -1.3347e-05,                      0,                      0,                      1,                0.69374,                 0.6841,                0.69377,                0.72836,               0.012764,                0.15183,                0.48032,                0.69298,                0.41238,            -4.5398e-06,                      0,             0.00013131,                      0,                 1.0097,                0.57974,                0.31685,                0.47904,                0.27164,                0.72836,                0.72836,                    0.4
                      3,                0.90013,                0.69953,                 1.4081,                0.07012,                0.63517,                0.67893,                0.67027,                0.51453,                0.79434,                0.58383,                 1.5914,                0.07009,              0.0099086,              0.0097904,              0.0097904,                      0,                      1,                0.69367,                0.68414,                0.69355,                0.73011,               0.061869,                0.15086,                0.48066,                0.69243,                0.41206,             1.0787e-05,             2.9766e-05,                      0,                0.98926,                0.69299,                0.67711,                0.69138,                 0.7279,                0.15672,                0.14673,                0.46804,                0.68759,                0.41206,            -1.5995e-05,               0.020925,                      0,                      1,                0.69422,                0.68145,                0.69413,                 0.7301,               0.016403,                0.14891,                0.47404,                 0.6929,                0.41206,            -5.4004e-06,                      0,             0.00013876,                      0,                 1.0074,                0.58341,                0.31463,                0.48316,                 0.2699,                 0.7301,                 0.7301,                    0.6
                      4,                0.81681,                0.61086,                 1.4287,                0.09128,                0.71143,                0.71976,                0.73576,                0.56754,                0.77361,                0.55503,                 1.5257,                 0.0915,               0.009703,               0.009703,               0.009703,                      0,                0.99999,                0.69489,                0.67787,                0.69435,                0.73616,                0.07156,                0.14831,                0.46628,                 0.6916,                0.41068,            -0.00051179,             0.00013976,                      0,                0.71442,                0.67956,                0.66388,                0.62684,                0.65886,                0.30691,                 0.1621,                0.46369,                 0.6234,                0.41068,             3.4353e-05,                0.50387,                      0,                0.99733,                 0.6944,                0.68139,                0.69392,                0.73573,               0.021356,                0.15013,                0.47417,                0.69245,                0.41068,            -1.3503e-05,              0.0059632,              0.0077368,                      0,                0.98419,                0.58712,                0.31808,                0.48547,                0.26387,                0.73613,                0.73613,                    0.8
                      5,                 0.8018,                0.58524,                 1.4169,                0.11201,                0.65104,                0.69319,                0.70094,                0.53576,                0.79116,                0.58532,                 1.5799,                0.11553,               0.009604,               0.009604,               0.009604,                      0,                0.99998,                0.69493,                0.67837,                0.69425,                 0.7254,               0.080887,                0.14843,                0.46581,                0.69152,                0.41417,             -0.0013839,             0.00016042,                      0,                0.62842,                0.67813,                 0.6687,                0.57015,                0.63887,                0.36812,                0.18321,                0.46449,                0.59511,                0.41417,             0.00096598,                0.66648,                      0,                0.93224,                0.69327,                0.68168,                0.69111,                0.70346,               0.071044,                0.15041,                0.47598,                0.68854,                0.41417,             3.6162e-05,               0.099224,               0.017445,                      0,                0.96526,                0.57984,                0.31694,                0.48256,                0.27463,                0.72537,                0.72537,                      1
                      6,                0.78143,                 0.5611,                 1.4058,                0.11019,                0.75514,                0.73719,                 0.7772,                0.61101,                0.74754,                0.51638,                 1.4717,                0.11286,               0.009505,               0.009505,               0.009505,                      0,                0.99998,                0.69495,                0.67655,                0.69408,                0.73653,                0.09672,                0.14662,                0.46351,                0.69079,                0.41059,             -0.0022098,             0.00027463,                      0,                0.62666,                 0.6759,                 0.6648,                0.55447,                0.64211,                0.39821,                0.18413,                0.46499,                0.57693,                0.41059,              0.0024333,                0.68528,                      0,                 0.7025,                0.68262,                0.67039,                0.63757,                 0.6513,                0.24471,                0.16119,                  0.472,                0.64178,                0.41059,            -0.00055342,                0.50822,               0.020478,                      0,                 0.9499,                0.58711,                0.31611,                0.48511,                0.26353,                0.73647,                0.73647,                      1
                      7,                0.77387,                0.55423,                  1.402,                0.10932,                0.73412,                0.73051,                0.75354,                0.59462,                0.74168,                0.53045,                 1.4788,                0.11226,               0.009406,               0.009406,               0.009406,                      0,                0.99988,                0.69468,                0.67596,                 0.6937,                0.72974,                0.11055,                0.14451,                0.46162,                0.69015,                0.41298,             -0.0029552,              0.0007726,                      0,                 0.6318,                0.67683,                0.66591,                0.54739,                0.64777,                0.40357,                0.18514,                0.46488,                0.58664,                0.41298,              0.0035845,                0.69086,                      0,                0.70505,                0.68608,                0.67077,                0.60077,                0.66707,                0.30875,                0.17394,                0.46609,                0.62639,                0.41298,             -0.0022323,                0.56459,               0.023945,                      0,                0.94116,                 0.5836,                0.31135,                0.48415,                0.27038,                0.72962,                0.72962,                      1
                      8,                0.76901,                0.54564,                 1.3971,                0.10662,                0.73319,                0.73513,                0.76663,                0.60678,                0.73563,                 0.5186,                 1.4662,                0.10847,               0.009307,               0.009307,               0.009307,                      0,                0.84876,                 0.6882,                0.67012,                0.66911,                 0.6898,                0.21605,                0.15292,                0.46407,                0.66671,                0.40945,             -0.0041302,                0.24913,                      0,                0.63514,                0.67498,                0.66314,                0.53901,                0.65039,                0.41308,                0.18711,                0.46139,                0.58099,                0.40945,              0.0064284,                0.69266,                      0,                0.70778,                0.68394,                0.66654,                0.58623,                0.67198,                0.33666,                0.17708,                 0.4624,                0.61134,                0.40945,              -0.003996,                0.57274,               0.023312,                      0,                0.91817,                0.58339,                 0.3171,                0.47906,                0.26509,                0.73491,                0.73491,                      1
                      9,                0.76486,                0.54331,                 1.3955,                0.10059,                0.71843,                0.75201,                0.75766,                0.60348,                0.74018,                0.52659,                 1.5151,                0.10781,               0.009208,               0.009208,               0.009208,                      0,                0.64372,                0.68085,                0.66872,                0.58878,                0.64082,                0.34914,                0.17562,                0.46208,                0.62292,                0.41104,            -0.00089345,                0.63274,                      0,                0.63991,                0.67551,                0.66488,                0.54103,                0.65397,                0.40928,                0.18615,                0.46027,                0.58192,                0.41104,              0.0072285,                0.69311,                      0,                0.71189,                0.68333,                0.66768,                0.57772,                0.67876,                0.34201,                0.17991,                0.45994,                0.60585,                0.41104,             -0.0079877,                0.58657,               0.017527,                      0,                0.86383,                0.58587,                0.31775,                 0.4845,                0.26432,                0.73568,                0.73568,                      1
                     10,                0.76331,                0.53913,                  1.397,                0.09795,                0.74403,                0.77386,                0.79605,                0.63515,                0.72283,                0.47874,                 1.4507,                 0.1045,               0.009109,               0.009109,               0.009109,                      0,                0.66443,                0.68069,                0.66772,                0.56621,                 0.6558,                0.37662,                0.18004,                0.45764,                0.60074,                0.41079,              0.0099075,                0.63215,                      0,                 0.6429,                0.67388,                0.66168,                0.52999,                0.65605,                0.42698,                 0.1866,                0.46047,                0.56809,                0.41079,              0.0094097,                0.69204,                      0,                0.71806,                 0.6824,                0.66608,                0.56019,                 0.6862,                 0.3682,                0.18196,                0.45988,                0.59468,                0.41079,              -0.010126,                0.59899,               0.017402,                      0,                0.84168,                0.58406,                0.31827,                0.48249,                0.26755,                0.73245,                0.73245,                      1
                     11,                0.75441,                0.52698,                 1.3957,                0.09759,                0.75316,                0.75252,                0.78478,                0.62576,                0.72117,                0.49026,                 1.5012,                0.10611,                0.00901,                0.00901,                0.00901,                      0,                0.66989,                0.68129,                0.66878,                0.56113,                0.65988,                0.37613,                0.18083,                 0.4564,                0.60128,                0.41128,               0.019156,                0.63259,                      0,                0.64521,                0.67364,                0.66213,                0.53231,                0.65802,                0.42383,                0.18527,                 0.4602,                 0.5676,                0.41128,               0.010302,                0.69299,                      0,                 0.7167,                0.68155,                0.66734,                0.55398,                0.68737,                0.37124,                0.18436,                0.45776,                0.58851,                0.41128,              -0.011571,                0.60733,               0.016818,                      0,                 0.8383,                0.58568,                0.31684,                  0.484,                0.26814,                0.73186,                0.73186,                      1
                     12,                0.75178,                0.52319,                  1.391,                0.09742,                0.73558,                0.73199,                0.76273,                0.60796,                0.73208,                0.51991,                 1.4968,                0.10525,               0.008911,               0.008911,               0.008911,                      0,                0.66441,                0.68469,                 0.6736,                0.55864,                 0.6581,                 0.3727,                0.18282,                0.46002,                0.59995,                0.41254,               0.029572,                0.64104,                      0,                 0.6373,                0.67673,                0.66712,                0.52915,                0.65495,                0.41819,                0.18835,                0.46355,                0.57493,                0.41254,               0.012057,                0.70268,                      0,                0.71035,                0.68675,                0.67343,                0.54869,                0.68408,                 0.3684,                0.18636,                0.46049,                 0.5911,                0.41254,              -0.012422,                0.61304,               0.017068,                      0,                0.83618,                0.58096,                0.31278,                0.48099,                0.26996,                0.73004,                0.73004,                      1
                     13,                0.74581,                0.51682,                 1.3954,                0.09721,                0.73914,                0.73883,                0.76954,                0.61379,                0.71996,                0.50444,                 1.4887,                  0.104,               0.008812,               0.008812,               0.008812,                      0,                0.68083,                0.68533,                 0.6705,                0.55805,                0.66617,                 0.3792,                0.18294,                0.45154,                0.59619,                0.40976,               0.042798,                 0.6251,                      0,                0.64998,                0.67594,                0.66265,                0.53052,                0.66018,                0.42521,                0.18677,                 0.4571,                0.56945,                0.40976,               0.013837,                0.68872,                      0,                0.71506,                0.68779,                0.67247,                 0.5474,                0.68688,                0.37453,                0.18848,                0.45471,                0.58587,                0.40976,              -0.012644,                0.60798,               0.016755,                      0,                0.83509,                 0.5842,                0.31812,                0.48102,                0.26312,                0.73688,                0.73688,                      1
                     14,                0.74366,                0.51809,                 1.3858,                0.09575,                0.73032,                0.78148,                0.78761,                0.63365,                0.70783,                0.47592,                  1.475,                0.10326,               0.008713,               0.008713,               0.008713,                      0,                0.67588,                0.68369,                0.67074,                0.54611,                0.66697,                0.39132,                0.18199,                0.45384,                0.58727,                0.41092,               0.049744,                0.64218,                      0,                0.65368,                0.67648,                0.66471,                0.52101,                 0.6654,                0.43178,                0.18585,                0.45844,                0.56155,                0.41092,               0.015473,                0.69801,                      0,                0.71685,                0.68866,                0.67409,                0.53727,                0.69151,                0.38453,                0.18771,                0.45593,                0.57715,                0.41092,              -0.012554,                0.62101,               0.016316,                      0,                0.82256,                0.58655,                0.31289,                0.48549,                0.26434,                0.73566,                0.73566,                      1
                     15,                0.73942,                0.51094,                 1.3873,                0.09547,                0.78233,                0.75132,                0.80514,                0.65125,                 0.6942,                0.46195,                 1.4489,                0.10225,               0.008614,               0.008614,               0.008614,                      0,                 0.6811,                0.68385,                0.67095,                0.54519,                0.66825,                0.38935,                0.18381,                0.44994,                0.58522,                 0.4106,               0.057879,                0.63238,                      0,                0.65624,                0.67667,                0.66475,                0.52013,                0.66677,                0.43088,                0.18881,                 0.4556,                0.55598,                 0.4106,               0.016737,                0.69616,                      0,                0.72239,                0.68839,                 0.6733,                0.53131,                0.69397,                0.39028,                0.18968,                0.45012,                0.56885,                 0.4106,              -0.012934,                0.61466,               0.016957,                      0,                0.82067,                 0.5856,                0.31765,                0.48426,                0.26381,                0.73619,                0.73619,                      1
                     16,                0.74003,                0.51017,                 1.3851,                0.09582,                0.76819,                0.74291,                0.78599,                0.63515,                0.69579,                0.47737,                 1.4842,                0.10197,               0.008515,               0.008515,               0.008515,                      0,                 0.6735,                0.68439,                0.67222,                0.54905,                 0.6634,                0.38647,                0.18458,                0.45387,                0.58037,                0.41236,               0.061175,                0.63582,                      0,                0.64954,                0.67558,                0.66527,                0.52174,                0.66104,                0.43005,                0.18828,                0.45892,                0.55587,                0.41236,                0.01498,                0.69243,                      0,                0.71131,                0.69068,                0.67815,                0.53427,                0.68813,                0.38684,                0.19141,                0.45622,                0.57026,                0.41236,              -0.012678,                0.62487,               0.016367,                      0,                0.82473,                0.58123,                0.31533,                0.48155,                0.26825,                0.73175,                0.73175,                      1
                     17,                0.73756,                0.50517,                 1.3841,                0.09458,                0.78781,                0.77269,                0.82069,                0.66057,                0.70162,                0.46735,                 1.4714,                0.10359,               0.008416,               0.008416,               0.008416,                      0,                0.68143,                0.68127,                0.66913,                0.53736,                0.66919,                0.39514,                0.18487,                0.45215,                0.58383,                0.41182,               0.065817,                0.63633,                      0,                0.65492,                0.67345,                0.66208,                 0.5149,                0.66528,                0.43647,                 0.1882,                0.45687,                0.55481,                0.41182,               0.014753,                0.69307,                      0,                0.71884,                0.68626,                0.67106,                0.52624,                 0.6928,                 0.3966,                0.19012,                0.45186,                0.56322,                0.41182,              -0.012755,                0.62296,               0.015872,                      0,                0.81223,                0.58096,                0.31421,                0.47986,                0.27155,                0.72845,                0.72845,                      1
                     18,                0.73117,                0.50047,                 1.3724,                0.09431,                0.82159,                0.77063,                0.84173,                0.68336,                0.68966,                0.44151,                 1.4601,                0.10152,               0.008317,               0.008317,               0.008317,                      0,                0.68517,                0.68099,                0.66532,                0.53771,                0.67209,                0.40375,                0.18378,                0.44814,                0.57359,                0.40969,               0.066384,                 0.6358,                      0,                0.66096,                0.67307,                0.65903,                0.51414,                0.66957,                0.44026,                0.18731,                0.45411,                 0.5538,                0.40969,                0.01746,                0.69346,                      0,                0.71944,                0.68752,                0.67094,                 0.5228,                0.69445,                0.39735,                 0.1926,                0.44926,                0.56936,                0.40969,               -0.01212,                0.62512,               0.016089,                      0,                0.81074,                 0.5827,                0.32068,                0.47864,                0.26495,                0.73505,                0.73505,                      1
                     19,                0.73028,                0.49845,                 1.3777,                0.09434,                0.79666,                0.78328,                0.82839,                0.67478,                0.68771,                0.44954,                 1.4595,                0.10161,               0.008218,               0.008218,               0.008218,                      0,                0.68658,                0.68334,                0.66779,                0.53649,                0.67425,                0.40044,                0.18492,                0.44829,                0.58235,                0.41019,               0.069331,                0.64045,                      0,                0.66118,                0.67393,                0.66015,                0.51236,                0.67104,                0.44226,                0.18789,                0.45474,                0.55724,                0.41019,               0.018875,                0.69807,                      0,                0.71934,                0.68829,                0.67114,                0.52123,                0.69563,                 0.4038,                0.19256,                0.44835,                0.57026,                0.41019,               -0.01149,                0.63061,                0.01563,                      0,                0.80959,                0.58532,                0.31768,                0.48241,                0.26725,                0.73275,                0.73275,                      1
                     20,                0.72791,                0.49614,                  1.377,                 0.0944,                0.73503,                0.74411,                0.77301,                0.61887,                0.71359,                0.48713,                 1.5061,                0.10335,               0.008119,               0.008119,               0.008119,                      0,                0.67786,                0.68285,                0.67167,                0.53651,                0.66672,                0.39333,                0.18542,                0.45266,                0.58261,                0.41197,               0.076754,                0.63649,                      0,                0.65206,                0.67506,                0.66433,                 0.5127,                0.66388,                0.43678,                0.18864,                0.45866,                0.55652,                0.41197,               0.017976,                0.69598,                      0,                0.71215,                0.68769,                0.67398,                 0.5192,                0.69188,                0.40294,                 0.1921,                0.45381,                0.56258,                0.41197,              -0.012156,                0.63686,               0.015542,                      0,                 0.8105,                0.58195,                0.31557,                0.48117,                0.26921,                0.73079,                0.73079,                      1
                     21,                0.72853,                0.49343,                 1.3742,                0.09381,                0.75371,                0.72364,                0.76672,                0.61096,                0.73384,                0.50012,                 1.5456,                0.10418,                0.00802,                0.00802,                0.00802,                      0,                0.68714,                0.68347,                0.67071,                0.53274,                 0.6732,                0.40137,                 0.1867,                0.45033,                0.57229,                0.41286,                0.08083,                0.63617,                      0,                0.65941,                0.67527,                0.66353,                 0.5109,                0.66893,                 0.4397,                0.18967,                0.45634,                0.54828,                0.41286,               0.017194,                0.69421,                      0,                0.71267,                0.68861,                0.67465,                0.51583,                0.69206,                0.40467,                0.19466,                0.45211,                0.55851,                0.41286,               -0.01188,                0.63732,               0.015539,                      0,                0.80662,                0.57717,                0.31643,                0.47805,                 0.2735,                 0.7265,                 0.7265,                      1
                     22,                0.72212,                0.49061,                 1.3809,                0.09387,                0.76007,                0.77627,                 0.8065,                0.65602,                0.68631,                0.45022,                 1.4871,                0.10207,               0.007921,               0.007921,               0.007921,                      0,                0.68396,                0.68217,                0.66929,                0.53307,                0.67313,                0.40503,                0.18307,                0.45062,                0.57227,                0.41166,               0.081661,                0.64327,                      0,                0.66363,                0.67677,                0.66414,                0.51229,                0.67163,                0.43844,                0.18824,                0.45375,                0.55298,                0.41166,               0.018301,                0.69371,                      0,                0.71702,                0.68945,                0.67462,                 0.5145,                0.69729,                0.40755,                 0.1925,                 0.4502,                0.55843,                0.41166,              -0.010501,                0.64288,                0.01537,                      0,                 0.8069,                0.58783,                0.31497,                0.48757,                0.26605,                0.73395,                0.73395,                      1
                     23,                0.72266,                0.48659,                 1.3861,                0.09413,                0.80539,                0.79834,                0.84026,                 0.6872,                0.67841,                0.43691,                 1.4552,                0.10122,               0.007822,               0.007822,               0.007822,                      0,                 0.6871,                0.68632,                0.67242,                0.53475,                0.67344,                0.39779,                0.18683,                0.44825,                0.58156,                0.41033,                 0.0826,                0.63599,                      0,                0.66897,                0.67803,                0.66482,                0.51038,                0.67421,                0.43628,                0.18957,                 0.4514,                0.55759,                0.41033,               0.019962,                0.68856,                      0,                0.71669,                0.69129,                0.67604,                0.51265,                0.69604,                0.40518,                0.19499,                0.44783,                 0.5664,                0.41033,              -0.010015,                 0.6394,               0.015903,                      0,                0.80771,                0.58385,                0.31669,                 0.4814,                0.26724,                0.73276,                0.73276,                      1
                     24,                0.71944,                0.48709,                 1.3782,                0.09301,                0.81743,                0.77767,                0.84073,                0.68696,                  0.679,                0.43857,                 1.4636,                0.10102,               0.007723,               0.007723,               0.007723,                      0,                0.68015,                0.68396,                0.67331,                0.52594,                0.67094,                0.40335,                0.18749,                0.45094,                0.57367,                0.41155,               0.081647,                0.64542,                      0,                0.66087,                0.67518,                0.66542,                0.50163,                0.67013,                0.44316,                0.18998,                0.45519,                0.55556,                0.41155,               0.022152,                0.69578,                      0,                0.71355,                0.68939,                0.67669,                0.50505,                0.69662,                0.41236,                0.19557,                0.44964,                0.55954,                0.41155,              -0.010404,                0.64966,               0.016126,                      0,                0.79788,                0.58422,                 0.3137,                0.48391,                0.26505,                0.73495,                0.73495,                      1
                     25,                0.71712,                0.48267,                 1.3795,                0.09365,                0.80604,                0.81629,                0.84864,                0.69511,                0.67711,                0.42984,                 1.4493,                0.10087,               0.007624,               0.007624,               0.007624,                      0,                0.68351,                0.68393,                0.67106,                0.53179,                0.67282,                0.40351,                0.18608,                0.45266,                0.56994,                0.41361,               0.086373,                0.64411,                      0,                0.66182,                0.67768,                0.66591,                0.50936,                0.67153,                0.43691,                 0.1908,                0.45796,                0.55008,                0.41361,               0.024426,                 0.6976,                      0,                0.70999,                0.69064,                0.67719,                0.51257,                0.69381,                0.40557,                0.19547,                0.45136,                0.55723,                0.41361,             -0.0094495,                0.65034,               0.015022,                      0,                 0.8053,                0.58057,                0.31345,                 0.4822,                 0.2713,                 0.7287,                 0.7287,                      1
                     26,                0.71255,                0.47945,                 1.3763,                0.09393,                0.81512,                0.80221,                0.85636,                0.70186,                0.67477,                0.42584,                 1.4505,                0.10048,               0.007525,               0.007525,               0.007525,                      0,                0.68946,                0.68542,                 0.6709,                0.53332,                0.67409,                0.40059,                0.18645,                 0.4461,                0.57522,                0.41039,               0.086236,                0.63109,                      0,                0.66739,                 0.6773,                 0.6639,                0.51148,                0.67081,                0.43771,                0.19014,                0.45099,                0.55348,                0.41039,               0.023917,                 0.6804,                      0,                0.71223,                0.69045,                0.67609,                0.51428,                0.69257,                0.40684,                0.19553,                 0.4474,                0.56011,                0.41039,             -0.0076217,                0.63754,               0.015131,                      0,                0.80707,                0.58507,                0.31619,                0.48268,                0.26328,                0.73672,                0.73672,                      1
                     27,                 0.7091,                0.47681,                 1.3807,                0.09257,                0.82223,                0.82194,                0.86137,                0.70596,                0.67168,                0.42159,                 1.4591,                0.10171,               0.007426,               0.007426,               0.007426,                      0,                0.68875,                0.68376,                0.67062,                0.52371,                0.67738,                  0.412,                0.18526,                0.44949,                0.57121,                0.41328,               0.084814,                0.64697,                      0,                0.67215,                0.67715,                0.66464,                0.49891,                0.67884,                 0.4481,                0.18941,                0.45293,                0.55253,                0.41328,               0.021479,                0.69675,                      0,                0.71412,                0.69064,                0.67599,                0.50049,                0.69944,                0.42231,                0.19525,                0.45101,                0.55689,                0.41328,             -0.0078805,                0.66019,               0.015428,                      0,                0.79418,                0.58501,                 0.3114,                 0.4865,                0.27219,                0.72781,                0.72781,                      1
                     28,                 0.7111,                0.47657,                 1.3751,                0.09325,                0.82428,                0.79594,                0.85086,                0.69996,                0.67378,                0.42592,                  1.457,                0.10014,               0.007327,               0.007327,               0.007327,                      0,                0.68976,                0.68674,                0.67262,                0.52906,                0.67755,                 0.4048,                0.18718,                0.44832,                0.56689,                0.41045,               0.091086,                0.64403,                      0,                0.67331,                0.68032,                0.66697,                0.50628,                0.67774,                0.44075,                0.19129,                0.45243,                0.54859,                0.41045,               0.022606,                 0.6899,                      0,                0.72203,                0.69307,                0.67677,                0.50616,                0.70103,                0.41562,                0.19521,                0.44659,                0.55867,                0.41045,             -0.0065999,                0.64334,               0.015206,                      0,                0.80171,                0.58558,                 0.3148,                0.48364,                0.26691,                0.73309,                0.73309,                      1
                     29,                0.70746,                0.47329,                 1.3847,                0.09216,                0.82525,                0.81116,                0.86083,                0.70705,                0.67131,                0.42179,                 1.4545,                0.10053,               0.007228,               0.007228,               0.007228,                      0,                0.69237,                0.68159,                0.66878,                0.52159,                0.67934,                0.41464,                0.18628,                0.44881,                 0.5672,                0.41262,               0.092675,                0.64434,                      0,                0.66954,                0.67391,                0.66255,                0.49734,                0.67643,                0.45122,                0.18999,                0.45441,                0.54522,                0.41262,               0.022896,                0.69491,                      0,                0.71377,                0.68812,                0.67524,                0.49744,                0.69888,                0.42313,                0.19716,                0.44957,                 0.5511,                0.41262,             -0.0044501,                0.65892,               0.015448,                      0,                0.79123,                0.58216,                0.31659,                0.48273,                0.27145,                0.72855,                0.72855,                      1
                     30,                0.70957,                0.47423,                 1.3739,                0.09347,                0.81217,                0.82182,                0.85803,                0.70455,                0.66833,                0.42232,                 1.4469,                0.10018,               0.007129,               0.007129,               0.007129,                      0,                0.68834,                0.68508,                0.67161,                0.52939,                0.67566,                0.40222,                0.18708,                0.44717,                0.57857,                0.40999,               0.092541,                0.64031,                      0,                0.67126,                0.67688,                 0.6643,                0.50641,                 0.6756,                0.44034,                 0.1893,                0.45118,                0.56077,                0.40999,               0.022816,                0.68771,                      0,                0.71071,                0.69115,                0.67693,                0.50457,                0.69592,                0.41559,                0.19612,                0.44837,                0.56425,                0.40999,             -0.0042699,                0.65468,               0.014984,                      0,                0.80133,                0.58696,                0.31641,                0.48447,                0.26393,                0.73607,                0.73607,                      1
                     31,                0.70523,                0.46674,                 1.3808,                0.09287,                0.82841,                0.81893,                0.86288,                0.71104,                0.66762,                0.41677,                 1.4588,                0.10018,                0.00703,                0.00703,                0.00703,                      0,                0.69124,                0.68504,                0.67286,                0.52428,                0.67688,                0.40242,                 0.1868,                0.44717,                0.57643,                0.41219,               0.093528,                0.63781,                      0,                0.67233,                0.67883,                0.66699,                0.50081,                0.67593,                0.43955,                0.19081,                0.45133,                0.55934,                0.41219,               0.022717,                0.68572,                      0,                0.71441,                0.69222,                0.67856,                0.50038,                0.69855,                0.41482,                0.19667,                0.44832,                0.56145,                0.41219,             -0.0032138,                0.65541,               0.015346,                      0,                0.79585,                0.58494,                0.31166,                0.48516,                0.26876,                0.73124,                0.73124,                      1
                     32,                0.70445,                0.46896,                 1.3821,                0.09319,                0.81471,                0.81191,                0.85469,                0.70512,                  0.667,                0.41802,                 1.4529,                0.09984,               0.006931,               0.006931,               0.006931,                      0,                0.69125,                0.68608,                0.67201,                0.52689,                0.67654,                0.40474,                0.18652,                0.44608,                0.57099,                0.41152,               0.093331,                0.63657,                      0,                 0.6713,                0.67995,                0.66638,                 0.5071,                0.67395,                0.43748,                0.19018,                0.45085,                0.55484,                0.41152,               0.024056,                0.68116,                      0,                0.71215,                0.69147,                0.67759,                0.50424,                0.69582,                0.41461,                 0.1962,                0.44639,                0.56175,                0.41152,              -0.004902,                0.65139,               0.014728,                      0,                 0.8001,                0.58439,                0.31392,                 0.4837,                0.26886,                0.73114,                0.73114,                      1
                     33,                0.70006,                0.46492,                  1.381,                0.09225,                0.82853,                0.81348,                0.85998,                0.70936,                0.66689,                0.41608,                 1.4599,                0.10001,               0.006832,               0.006832,               0.006832,                      0,                0.69137,                0.68339,                0.67026,                0.52244,                0.67571,                0.40996,                0.18782,                  0.447,                0.56293,                0.41208,               0.090538,                0.63367,                      0,                0.67151,                0.67601,                0.66369,                0.49881,                0.67566,                0.44712,                 0.1911,                0.45184,                0.54663,                0.41208,               0.022235,                 0.6868,                      0,                0.71076,                0.68892,                0.67534,                0.49763,                0.69514,                 0.4211,                0.19797,                0.44732,                0.54939,                0.41208,             -0.0032191,                0.65323,               0.015338,                      0,                0.79266,                0.58181,                0.31676,                0.48126,                0.27149,                0.72851,                0.72851,                      1
                     34,                0.69715,                0.46112,                 1.3765,                0.09284,                0.80989,                0.82188,                0.85782,                0.70742,                0.66711,                0.41465,                 1.4543,                0.09986,               0.006733,               0.006733,               0.006733,                      0,                0.69089,                0.68719,                 0.6746,                0.52526,                0.67865,                0.40492,                0.18769,                0.44685,                0.56874,                0.41202,               0.092338,                0.64513,                      0,                0.67668,                0.67916,                0.66705,                0.50217,                0.68044,                0.44153,                0.19037,                0.44958,                0.55164,                0.41202,                0.01898,                0.69072,                      0,                0.71313,                0.69311,                0.67948,                0.49967,                0.70053,                0.41766,                0.19814,                0.44733,                0.55796,                0.41202,             -0.0023939,                0.66601,               0.015157,                      0,                0.79717,                0.58284,                0.31387,                0.48265,                0.26744,                0.73256,                0.73256,                      1
                     35,                0.69853,                0.45977,                 1.3702,                0.09138,                0.82566,                0.82176,                0.86215,                0.71139,                0.66536,                 0.4133,                  1.449,                0.09974,               0.006634,               0.006634,               0.006634,                      0,                 0.6901,                0.68139,                0.67038,                0.51624,                0.67926,                0.41565,                0.18887,                0.44875,                0.55652,                 0.4133,               0.093949,                0.65012,                      0,                0.66872,                0.67547,                0.66658,                0.49309,                0.67799,                0.44727,                 0.1938,                0.45392,                0.53329,                 0.4133,               0.015917,                0.70287,                      0,                0.70854,                0.68796,                0.67704,                0.49245,                0.69748,                0.42625,                  0.199,                0.44982,                0.53827,                 0.4133,             -0.0013175,                0.66778,               0.015059,                      0,                0.78609,                0.58151,                0.31597,                 0.4826,                0.27132,                0.72868,                0.72868,                      1
                     36,                0.69899,                0.45583,                 1.3716,                 0.0908,                0.83416,                0.82133,                0.86627,                0.71507,                0.66447,                0.41166,                 1.4541,                0.09967,               0.006535,               0.006535,               0.006535,                      0,                0.68471,                0.68141,                0.67076,                0.51234,                0.67563,                0.42029,                0.18792,                0.45065,                0.55296,                0.41522,               0.095809,                0.65187,                      0,                0.66718,                 0.6748,                0.66548,                0.48923,                0.67622,                0.45321,                0.19213,                0.45528,                0.53189,                0.41522,               0.015662,                0.69987,                      0,                0.70691,                0.68795,                0.67677,                0.48562,                0.69681,                0.43342,                 0.1986,                0.45091,                0.53232,                0.41522,            -0.00060984,                 0.6704,               0.015273,                      0,                0.78102,                0.57927,                0.31241,                0.48306,                 0.2765,                 0.7235,                 0.7235,                      1
                     37,                0.69356,                0.45669,                 1.3768,                0.09191,                 0.8323,                0.82492,                0.86998,                0.71709,                0.66339,                 0.4081,                  1.458,                0.09961,               0.006436,               0.006436,               0.006436,                      0,                0.70009,                0.68395,                0.66904,                0.52109,                0.68412,                0.41231,                0.18758,                0.44397,                0.55922,                0.41099,               0.098296,                0.64063,                      0,                0.67969,                0.67635,                0.66273,                0.49725,                0.68327,                0.44895,                 0.1913,                0.44994,                0.53791,                0.41099,               0.015843,                0.69301,                      0,                0.71667,                0.68978,                0.67505,                0.49529,                0.70277,                0.42541,                 0.1978,                0.44573,                0.54325,                0.41099,            -0.00034768,                0.66494,               0.014905,                      0,                0.79056,                0.58454,                0.31817,                0.48243,                0.26862,                0.73138,                0.73138,                      1
                     38,                0.68996,                0.45336,                  1.377,                0.09261,                0.82999,                 0.8237,                0.86593,                0.71506,                0.66376,                0.40901,                  1.455,                0.09938,               0.006337,               0.006337,               0.006337,                      0,                0.68984,                0.68553,                0.67362,                  0.524,                0.67663,                0.40421,                0.18708,                0.44814,                0.56591,                0.41328,                0.10043,                0.64124,                      0,                0.67018,                0.67913,                0.66841,                0.50231,                0.67584,                0.43957,                0.19055,                0.45318,                0.54817,                0.41328,               0.014919,                0.69098,                      0,                0.71122,                0.69107,                0.67858,                0.49736,                0.69828,                0.41945,                 0.1975,                0.44852,                0.54491,                0.41328,            -5.0114e-05,                0.66362,               0.015041,                      0,                0.79591,                0.58175,                0.31341,                0.48327,                 0.2717,                 0.7283,                 0.7283,                      1
                     39,                0.69161,                0.45309,                 1.3798,                0.09224,                0.83452,                0.82194,                0.86567,                0.71441,                0.66345,                0.40935,                 1.4573,                0.09942,               0.006238,               0.006238,               0.006238,                      0,                0.68997,                0.68733,                0.67427,                0.52281,                0.67781,                0.40593,                0.18926,                0.44889,                0.56192,                0.41216,                0.10203,                0.64518,                      0,                0.67507,                 0.6798,                0.66625,                0.49993,                0.67899,                0.44713,                0.19155,                0.45177,                0.53746,                0.41216,               0.015193,                0.68948,                      0,                0.71423,                0.69297,                0.67889,                0.49367,                0.70178,                0.42401,                0.19946,                0.44806,                 0.5407,                0.41216,             0.00047658,                0.66839,               0.015146,                      0,                0.79365,                0.58372,                0.31466,                0.48334,                0.27146,                0.72854,                0.72854,                      1
                     40,                0.69201,                0.45419,                 1.3732,                0.09213,                0.83015,                0.81191,                0.85808,                0.70881,                 0.6642,                0.41146,                 1.4545,                0.09912,               0.006139,               0.006139,               0.006139,                      0,                0.69196,                0.68529,                 0.6713,                0.52125,                 0.6789,                0.41304,                0.18771,                0.44553,                0.56361,                0.40986,                0.10208,                0.64256,                      0,                0.67279,                0.67774,                0.66522,                0.49811,                0.67824,                0.44791,                0.19171,                0.45001,                0.54544,                0.40986,               0.015015,                0.69341,                      0,                0.71286,                0.69146,                0.67709,                0.49503,                0.70054,                0.42658,                0.19835,                0.44572,                0.54737,                0.40986,              0.0024826,                0.66627,               0.014964,                      0,                0.79157,                0.58742,                0.31765,                0.48473,                0.26443,                0.73557,                0.73557,                      1
                     41,                0.68616,                0.44528,                  1.374,                0.09176,                0.83468,                 0.8085,                0.86133,                0.71148,                0.66263,                0.40868,                 1.4617,                0.09916,                0.00604,                0.00604,                0.00604,                      0,                0.69361,                0.68337,                 0.6701,                0.51956,                0.67997,                0.41263,                0.18745,                 0.4465,                0.56018,                0.41184,                0.10035,                0.64233,                      0,                0.67641,                0.67484,                0.66308,                0.49512,                0.67995,                0.44987,                 0.1904,                0.45073,                0.54118,                0.41184,               0.014679,                0.68971,                      0,                0.71079,                0.68887,                0.67581,                0.49281,                0.69996,                0.42679,                0.19836,                0.44802,                0.54434,                0.41184,              0.0029786,                0.67009,               0.015088,                      0,                0.78865,                0.58246,                0.31521,                0.48126,                0.26603,                0.73397,                0.73397,                      1
                     42,                0.68747,                0.44599,                 1.3749,                0.09192,                0.82955,                0.82195,                0.86404,                0.71469,                0.66096,                 0.4059,                 1.4606,                0.09935,               0.005941,               0.005941,               0.005941,                      0,                0.69393,                0.68408,                0.67101,                0.52016,                0.67856,                0.41151,                0.18717,                0.44494,                0.56265,                0.41187,                0.10283,                0.63676,                      0,                0.67378,                0.67713,                 0.6653,                0.49515,                0.67833,                0.44883,                0.19173,                0.45101,                 0.5462,                0.41187,               0.011771,                0.69072,                      0,                0.70785,                0.68985,                 0.6771,                 0.4929,                0.69548,                0.42514,                0.19835,                0.44702,                0.54947,                0.41187,              0.0015787,                0.66181,               0.014736,                      0,                0.78946,                0.58544,                 0.3152,                0.48478,                0.26885,                0.73115,                0.73115,                      1
                     43,                0.68217,                 0.4444,                 1.3717,                0.09153,                0.83268,                0.81615,                0.86146,                0.71233,                0.65982,                0.40779,                 1.4531,                0.09934,               0.005842,               0.005842,               0.005842,                      0,                0.69291,                 0.6859,                0.67238,                0.51829,                0.67801,                0.41319,                0.18812,                 0.4469,                0.56084,                0.41344,                0.10294,                0.63868,                      0,                0.67481,                0.67917,                0.66671,                0.49226,                0.67863,                0.45039,                0.19317,                0.45158,                0.53892,                0.41344,               0.011457,                0.68869,                      0,                0.71037,                0.69092,                0.67896,                0.48658,                0.69968,                0.43041,                0.20092,                0.44948,                0.53788,                0.41344,                0.00261,                0.67147,               0.015308,                      0,                0.78663,                0.58142,                 0.3139,                0.48265,                0.27471,                0.72529,                0.72529,                      1
                     44,                0.68458,                0.44269,                 1.3701,                0.09218,                0.82401,                0.82834,                0.86235,                0.71444,                0.65884,                0.40701,                 1.4531,                0.09936,               0.005743,               0.005743,               0.005743,                      0,                0.69341,                0.68521,                0.67087,                0.52168,                0.67825,                0.41116,                 0.1876,                0.44615,                0.57137,                0.41158,                0.10412,                0.63681,                      0,                0.68231,                0.67659,                0.66323,                0.49746,                0.68187,                0.44609,                0.19064,                0.44693,                 0.5526,                0.41158,                0.01235,                0.68068,                      0,                 0.7166,                0.69042,                 0.6762,                0.48953,                0.70188,                0.42963,                0.19898,                0.44168,                0.55049,                0.41158,              0.0059656,                0.66165,               0.015106,                      0,                0.79045,                0.58405,                0.31746,                0.48302,                0.26785,                0.73215,                0.73215,                      1
                     45,                0.68476,                0.44085,                 1.3741,                 0.0914,                0.83053,                0.82687,                0.86363,                0.71477,                0.65974,                0.40629,                 1.4554,                0.09918,               0.005644,               0.005644,               0.005644,                      0,                0.69041,                0.68389,                0.67123,                0.51613,                0.67677,                0.41496,                0.18847,                0.44655,                0.55691,                0.41241,                0.10296,                 0.6398,                      0,                0.67682,                0.67566,                 0.6641,                0.49347,                0.67861,                0.44738,                0.19216,                0.44985,                0.54164,                0.41241,                0.01341,                0.68346,                      0,                0.71469,                0.68917,                0.67573,                0.48922,                0.70027,                0.42962,                 0.1986,                0.44588,                0.54489,                0.41241,              0.0078316,                 0.6612,               0.015008,                      0,                0.78548,                0.57972,                0.31417,                0.48003,                 0.2696,                 0.7304,                 0.7304,                      1
                     46,                0.68216,                0.44162,                 1.3733,                0.09097,                0.83881,                0.82643,                0.86671,                 0.7177,                0.65978,                0.40519,                 1.4566,                0.09913,               0.005545,               0.005545,               0.005545,                      0,                0.69606,                0.68325,                0.67017,                0.51287,                0.68275,                0.41849,                0.18844,                0.44488,                0.55659,                0.40972,                0.10399,                0.64577,                      0,                0.68148,                0.67547,                0.66309,                0.49042,                0.68384,                0.45458,                0.19171,                0.44934,                0.53919,                0.40972,               0.014016,                 0.6904,                      0,                0.71565,                0.68973,                0.67625,                 0.4853,                0.70379,                0.43289,                0.19968,                0.44494,                0.54391,                0.40972,              0.0074846,                0.67082,               0.014906,                      0,                 0.7814,                0.58536,                0.31761,                0.48212,                 0.2646,                 0.7354,                 0.7354,                      1
                     47,                0.68556,                0.44128,                 1.3697,                0.09089,                0.84177,                0.82479,                 0.8671,                0.71797,                   0.66,                0.40489,                 1.4547,                0.09913,               0.005446,               0.005446,               0.005446,                      0,                0.69662,                0.68292,                0.67063,                0.51326,                0.68272,                0.41835,                0.18851,                0.44559,                 0.5594,                0.41094,                0.10465,                0.64477,                      0,                0.68352,                0.67539,                0.66364,                0.48826,                0.68569,                0.45468,                0.19211,                0.44834,                0.54056,                0.41094,               0.011569,                0.69159,                      0,                0.71562,                0.68859,                0.67587,                0.48099,                0.70407,                0.43767,                 0.2004,                0.44583,                  0.537,                0.41094,              0.0064805,                0.67255,               0.015258,                      0,                0.78033,                0.58102,                0.31865,                0.47974,                0.26805,                0.73195,                0.73195,                      1
                     48,                 0.6799,                0.44077,                 1.3681,                0.09113,                0.83268,                0.83363,                0.86793,                0.71852,                 0.6595,                0.40533,                 1.4537,                0.09913,               0.005347,               0.005347,               0.005347,                      0,                0.69547,                 0.6847,                0.67202,                0.51343,                0.68263,                0.41817,                 0.1871,                0.44641,                0.56393,                0.41295,                0.10026,                0.64813,                      0,                0.68523,                0.67782,                0.66541,                 0.4889,                0.68532,                0.45172,                0.19097,                0.44846,                0.54501,                0.41295,                 0.0116,                0.68559,                      0,                0.71987,                 0.6921,                0.67791,                0.48399,                0.70416,                0.43123,                0.19905,                0.44301,                0.54438,                0.41295,              0.0056685,                0.66193,               0.015011,                      0,                0.78162,                0.58606,                0.31309,                  0.487,                0.27117,                0.72883,                0.72883,                      1
                     49,                0.67827,                0.43533,                 1.3667,                0.09175,                0.83529,                0.83383,                0.86828,                0.71957,                0.65925,                0.40414,                 1.4542,                0.09916,               0.005248,               0.005248,               0.005248,                      0,                0.69158,                0.68408,                0.67091,                0.51927,                0.67953,                0.41525,                0.18883,                0.44707,                0.56307,                0.41161,                0.10063,                0.64693,                      0,                0.67701,                  0.676,                0.66444,                0.49547,                 0.6811,                0.44838,                0.19268,                0.45129,                 0.5447,                0.41161,               0.011021,                0.69217,                      0,                 0.7073,                0.68808,                0.67708,                0.48665,                0.69894,                0.43247,                0.20032,                0.44853,                0.54667,                0.41161,              0.0075742,                0.67628,               0.014813,                      0,                0.78784,                0.58215,                0.31803,                0.48126,                0.26974,                0.73026,                0.73026,                      1
                     50,                0.67566,                0.43362,                 1.3692,                0.09144,                0.83225,                0.83575,                0.86712,                 0.7179,                0.65964,                0.40433,                 1.4553,                0.09915,               0.005149,               0.005149,               0.005149,                      0,                0.69071,                0.68643,                0.67289,                0.51617,                0.67874,                0.41469,                 0.1871,                0.44694,                0.56869,                0.41274,               0.099617,                0.64664,                      0,                0.67733,                0.67942,                0.66606,                0.49026,                0.68078,                0.45166,                0.19171,                0.45051,                0.54734,                0.41274,               0.011194,                0.69004,                      0,                0.71401,                0.69216,                0.67752,                0.48285,                 0.7027,                0.43593,                0.19853,                0.44714,                0.54524,                0.41274,              0.0097205,                0.67233,                0.01494,                      0,                 0.7839,                0.58418,                 0.3128,                0.48509,                0.27145,                0.72855,                0.72855,                      1
                     51,                  0.677,                0.43126,                  1.366,                0.09198,                0.82962,                0.83223,                0.86613,                0.71724,                0.65966,                0.40402,                 1.4555,                0.09913,                0.00505,                0.00505,                0.00505,                      0,                0.69257,                0.68631,                0.67281,                0.52146,                0.67816,                0.40816,                0.18821,                 0.4443,                0.55951,                0.41012,               0.098665,                 0.6384,                      0,                0.67785,                0.67773,                0.66554,                0.49736,                0.67951,                0.44312,                0.19243,                0.44707,                0.54113,                0.41012,               0.011577,                 0.6841,                      0,                0.70703,                0.69094,                0.67855,                0.48997,                0.69639,                0.42684,                0.19979,                0.44422,                0.54596,                0.41012,              0.0085988,                0.66701,                0.01532,                      0,                0.79096,                0.58263,                0.31591,                0.47968,                0.26602,                0.73398,                0.73398,                      1
                     52,                0.67188,                0.42882,                 1.3759,                0.09178,                0.83146,                0.82919,                0.86575,                0.71807,                0.65924,                0.40341,                 1.4568,                0.09906,               0.004951,               0.004951,               0.004951,                      0,                0.68809,                0.68517,                0.67196,                0.51831,                0.67503,                0.41227,                  0.187,                0.44665,                0.56712,                0.41231,               0.098741,                0.63986,                      0,                0.67354,                0.67856,                0.66453,                0.49566,                0.67696,                0.44811,                0.19121,                0.45114,                0.54731,                0.41231,              0.0089844,                0.68616,                      0,                0.71273,                0.69097,                0.67663,                0.48712,                0.70056,                0.43241,                0.19787,                0.44674,                0.54532,                0.41231,              0.0099885,                0.66779,               0.014859,                      0,                0.78751,                0.58356,                0.31349,                0.48343,                0.27087,                0.72913,                0.72913,                      1
                     53,                0.66947,                0.42492,                 1.3691,                0.09127,                0.82789,                0.83235,                0.86629,                0.71847,                0.65868,                0.40312,                 1.4575,                0.09907,               0.004852,               0.004852,               0.004852,                      0,                0.69276,                0.68576,                0.67414,                0.51583,                0.67833,                0.41276,                0.18744,                0.44526,                0.56161,                 0.4119,                0.10052,                0.63879,                      0,                0.68055,                  0.678,                0.66664,                0.48889,                0.68151,                0.45035,                0.19158,                0.44762,                0.54273,                 0.4119,              0.0066221,                0.68414,                      0,                 0.7133,                0.69109,                0.67818,                0.48275,                0.70131,                0.43618,                0.19881,                 0.4452,                 0.5446,                 0.4119,               0.010745,                0.66848,               0.015151,                      0,                0.78347,                0.58515,                0.31468,                0.48529,                0.26742,                0.73258,                0.73258,                      1
                     54,                0.66615,                0.42527,                 1.3721,                0.09062,                0.83317,                  0.826,                0.86667,                0.71905,                0.65833,                0.40319,                 1.4573,                0.09908,               0.004753,               0.004753,               0.004753,                      0,                0.69919,                0.68416,                0.66917,                0.51057,                0.68385,                0.42279,                0.18771,                0.44106,                0.55531,                0.41041,                0.10017,                0.64165,                      0,                0.68341,                 0.6775,                0.66431,                0.48674,                0.68471,                0.45364,                 0.1929,                0.44525,                 0.5453,                0.41041,              0.0066455,                0.68828,                      0,                 0.7106,                0.68937,                0.67552,                0.48006,                0.70055,                0.43969,                 0.2001,                0.44349,                0.54533,                0.41041,                0.01264,                0.67287,               0.015049,                      0,                0.77767,                0.58605,                0.31481,                0.48323,                0.26647,                0.73353,                0.73353,                      1
                     55,                0.67089,                0.42609,                 1.3652,                0.09118,                0.82743,                0.83296,                0.86717,                0.71979,                0.65796,                0.40303,                 1.4574,                0.09908,               0.004654,               0.004654,               0.004654,                      0,                0.69671,                0.68594,                0.67354,                0.51482,                0.68199,                0.41615,                0.18808,                0.44429,                0.55708,                0.41189,                0.10319,                0.64172,                      0,                0.68386,                0.67773,                0.66617,                 0.4915,                0.68413,                0.45186,                0.19126,                0.44788,                0.53899,                0.41189,              0.0059787,                0.68487,                      0,                0.71537,                0.69078,                0.67911,                0.48269,                 0.7032,                0.43642,                0.19889,                0.44434,                0.54213,                0.41189,               0.013525,                0.66991,               0.015205,                      0,                0.78357,                0.58596,                 0.3159,                  0.486,                0.26781,                0.73219,                0.73219,                      1
                     56,                0.66417,                 0.4232,                 1.3628,                0.09053,                0.83017,                0.82953,                 0.8673,                 0.7191,                0.65765,                0.40306,                 1.4561,                0.09906,               0.004555,               0.004555,               0.004555,                      0,                0.70046,                 0.6826,                0.66769,                0.51237,                0.68444,                0.42624,                0.18631,                0.44123,                0.55473,                0.41029,                0.10218,                0.64021,                      0,                0.68638,                0.67388,                0.66017,                0.48616,                0.68743,                0.46033,                0.19089,                0.44517,                0.53588,                0.41029,              0.0051999,                0.69031,                      0,                0.71853,                0.68761,                 0.6732,                0.47871,                0.70715,                0.44632,                0.19836,                0.44327,                0.53541,                0.41029,               0.015002,                0.67573,               0.014949,                      0,                0.77776,                 0.5877,                0.31877,                0.48535,                0.26589,                0.73411,                0.73411,                      1
                     57,                0.66613,                0.42297,                 1.3614,                0.09066,                0.83204,                0.83004,                0.86797,                0.71964,                0.65742,                0.40285,                 1.4568,                0.09903,               0.004456,               0.004456,               0.004456,                      0,                0.68984,                0.68292,                0.67239,                0.51145,                0.67829,                0.41832,                0.18805,                0.44685,                0.54811,                0.41392,                0.10049,                0.64701,                      0,                 0.6791,                 0.6774,                0.66786,                0.48903,                0.68074,                0.44636,                0.19383,                0.44888,                0.53601,                0.41392,              0.0031742,                0.68519,                      0,                 0.7096,                0.69047,                0.68017,                0.48009,                 0.7009,                0.43471,                0.20047,                0.44689,                0.53269,                0.41392,                0.01644,                0.67734,               0.014876,                      0,                0.78005,                0.58264,                 0.3135,                0.48492,                0.26971,                0.73029,                0.73029,                      1
                     58,                0.66499,                0.41858,                 1.3606,                0.09059,                0.82727,                0.83344,                0.86823,                0.72031,                0.65703,                0.40245,                 1.4583,                0.09904,               0.004357,               0.004357,               0.004357,                      0,                0.69453,                0.68634,                0.67339,                0.51022,                0.68258,                0.42136,                0.18749,                0.44383,                0.55577,                0.41047,               0.097756,                 0.6492,                      0,                0.68372,                0.67858,                0.66644,                0.48652,                0.68625,                 0.4542,                 0.1926,                0.44668,                0.53812,                0.41047,              0.0035275,                 0.6933,                      0,                0.71551,                0.69118,                0.67762,                0.47778,                0.70621,                0.44121,                0.19923,                0.44301,                0.53864,                0.41047,               0.016685,                0.68024,               0.014744,                      0,                0.77795,                0.58767,                0.31373,                0.48561,                0.26365,                0.73635,                0.73635,                      1
                     59,                0.66674,                0.41912,                 1.3645,                0.09095,                 0.8264,                0.83186,                0.86774,                 0.7197,                 0.6569,                0.40253,                 1.4584,                0.09905,               0.004258,               0.004258,               0.004258,                      0,                0.69235,                0.68538,                0.67253,                0.51421,                0.67974,                 0.4164,                0.18856,                0.44614,                0.56079,                 0.4131,               0.098399,                0.64603,                      0,                0.67542,                0.67698,                 0.6657,                0.48749,                0.68115,                  0.453,                0.19334,                0.45063,                0.53607,                 0.4131,              0.0046108,                0.69648,                      0,                0.70916,                0.68984,                 0.6773,                0.48013,                0.70066,                0.43938,                0.20035,                  0.448,                0.53744,                 0.4131,               0.016616,                0.67795,               0.015299,                      0,                0.78111,                 0.5788,                0.31479,                0.47954,                0.27216,                0.72784,                0.72784,                      1
                     60,                0.65857,                0.41536,                 1.3539,                0.09014,                0.82552,                0.83458,                0.86828,                 0.7204,                0.65668,                 0.4022,                  1.458,                0.09903,               0.004159,               0.004159,               0.004159,                      0,                0.69953,                0.68586,                0.67052,                0.50863,                0.68326,                 0.4243,                0.18805,                0.44247,                0.55261,                0.41206,               0.099634,                0.63973,                      0,                0.68239,                 0.6764,                0.66211,                0.48387,                0.68357,                0.45907,                0.19191,                0.44701,                0.53364,                0.41206,              0.0049348,                0.68674,                      0,                0.71631,                0.69046,                0.67578,                0.47416,                0.70496,                0.44507,                0.20037,                0.44213,                0.52996,                0.41206,                0.01691,                0.67458,               0.014997,                      0,                0.77449,                0.58194,                0.31442,                0.48119,                0.27199,                0.72801,                0.72801,                      1
                     61,                0.66304,                0.41669,                 1.3551,                0.09077,                0.81602,                0.84466,                0.86878,                0.72115,                0.65643,                0.40202,                 1.4578,                0.09899,                0.00406,                0.00406,                0.00406,                      0,                0.69744,                 0.6847,                0.67096,                0.51265,                0.68232,                0.41981,                 0.1877,                0.44325,                0.55738,                0.41307,               0.099174,                 0.6413,                      0,                 0.6864,                0.67757,                0.66477,                0.48796,                0.68542,                0.45206,                0.19234,                 0.4462,                0.53434,                0.41307,              0.0055788,                0.68274,                      0,                 0.7147,                0.69175,                0.67868,                0.47964,                0.70376,                0.43751,                0.20111,                0.44456,                0.53545,                0.41307,               0.017525,                0.67407,               0.015082,                      0,                0.77986,                0.58173,                0.31413,                0.48241,                0.26936,                0.73064,                0.73064,                      1
                     62,                0.66029,                0.41568,                 1.3611,                0.09002,                  0.817,                0.84381,                0.86837,                0.72089,                0.65634,                0.40224,                 1.4577,                0.09897,               0.003961,               0.003961,               0.003961,                      0,                0.69745,                0.68499,                0.67106,                0.50723,                0.68376,                0.42618,                0.18853,                0.44409,                 0.5542,                0.41245,               0.099345,                 0.6471,                      0,                0.69055,                0.67762,                0.66429,                0.48161,                0.68998,                0.45854,                0.19341,                0.44572,                0.53574,                0.41245,              0.0070565,                0.68847,                      0,                0.72177,                0.69008,                0.67617,                0.47196,                0.71063,                0.44605,                0.20086,                0.44423,                0.53503,                0.41245,               0.017645,                0.68079,               0.014907,                      0,                0.77273,                0.58422,                0.31564,                0.48421,                0.27182,                0.72818,                0.72818,                      1
                     63,                0.66006,                0.41453,                 1.3653,                0.09104,                 0.8211,                0.84035,                 0.8683,                0.72161,                0.65629,                0.40232,                 1.4579,                0.09894,               0.003862,               0.003862,               0.003862,                      0,                 0.6923,                0.68457,                0.67042,                0.51379,                0.68084,                0.42108,                0.18788,                0.44459,                0.55696,                0.40987,                0.09841,                0.64896,                      0,                0.67817,                0.67759,                0.66393,                 0.4913,                0.68128,                0.45208,                0.19264,                0.44704,                0.54411,                0.40987,              0.0077518,                0.68993,                      0,                0.71136,                0.69044,                0.67589,                0.48151,                0.70335,                 0.4403,                0.20027,                0.44414,                0.54216,                0.40987,               0.018622,                0.68106,               0.015212,                      0,                0.78177,                0.58494,                0.31756,                0.48197,                0.26437,                0.73563,                0.73563,                      1
                     64,                0.66047,                0.41376,                 1.3641,                0.09078,                0.81933,                0.84142,                 0.8678,                0.72125,                0.65627,                0.40251,                 1.4579,                0.09893,               0.003763,               0.003763,               0.003763,                      0,                0.69749,                0.68534,                0.67254,                0.51115,                0.68306,                0.41848,                0.18708,                0.44257,                  0.561,                0.40959,               0.096362,                0.64287,                      0,                0.68597,                0.67835,                0.66543,                0.48821,                  0.686,                0.45304,                0.19165,                0.44504,                0.54154,                0.40959,              0.0085724,                0.68609,                      0,                0.71595,                0.69134,                0.67764,                0.47748,                0.70535,                0.44166,                0.19957,                0.44259,                0.54063,                0.40959,               0.018805,                0.67583,               0.015059,                      0,                0.77886,                0.58672,                 0.3156,                0.48391,                0.26414,                0.73586,                0.73586,                      1
                     65,                0.65707,                0.40801,                 1.3643,                0.09084,                 0.8226,                0.83736,                0.86754,                0.72121,                0.65632,                0.40259,                 1.4585,                0.09891,               0.003664,               0.003664,               0.003664,                      0,                0.69451,                0.68865,                0.67254,                0.51472,                0.68124,                 0.4209,                0.18847,                0.44412,                0.54989,                0.41063,               0.095613,                0.64487,                      0,                0.68192,                0.67951,                0.66421,                0.49115,                0.68356,                0.45452,                0.19289,                0.44732,                0.52971,                0.41063,              0.0059408,                0.68804,                      0,                0.70996,                0.69103,                0.67617,                0.47715,                0.70342,                0.44572,                0.20068,                0.44474,                0.53419,                0.41063,               0.019455,                0.68549,               0.014956,                      0,                  0.782,                0.58161,                0.31629,                0.47945,                0.26726,                0.73274,                0.73274,                      1
                     66,                0.65463,                0.41008,                 1.3555,                0.09053,                0.82425,                0.83664,                0.86729,                0.72122,                0.65626,                0.40248,                 1.4585,                0.09889,               0.003565,               0.003565,               0.003565,                      0,                0.69408,                0.68464,                0.67158,                0.51072,                0.68257,                0.42102,                0.18784,                0.44474,                0.55789,                0.41116,               0.097084,                0.65101,                      0,                0.68367,                0.67636,                0.66403,                0.48627,                0.68545,                0.45556,                  0.192,                0.44771,                0.53842,                0.41116,              0.0051619,                0.69034,                      0,                0.71229,                0.68867,                0.67614,                0.47488,                0.70396,                0.44376,                0.20036,                0.44507,                0.53664,                0.41116,               0.020159,                0.68113,               0.014999,                      0,                0.77715,                0.58363,                0.31604,                0.48204,                0.26724,                0.73276,                0.73276,                      1
                     67,                0.65497,                0.40699,                 1.3525,                0.09006,                0.82484,                0.83686,                0.86708,                0.72124,                0.65621,                 0.4023,                 1.4587,                0.09888,               0.003466,               0.003466,               0.003466,                      0,                0.69395,                0.68324,                0.66958,                0.50818,                0.68208,                0.42597,                0.18872,                0.44484,                0.55857,                0.41054,                0.09777,                0.64975,                      0,                 0.6838,                 0.6745,                0.66164,                0.48171,                0.68604,                0.45934,                 0.1934,                 0.4476,                0.53338,                0.41054,              0.0051502,                0.69213,                      0,                0.71348,                0.68955,                0.67635,                0.47157,                0.70442,                0.44377,                0.20295,                0.44314,                0.53147,                0.41054,               0.019957,                0.67974,               0.015231,                      0,                0.77287,                0.58249,                 0.3167,                0.47922,                0.26844,                0.73156,                0.73156,                      1
                     68,                0.65275,                0.40328,                 1.3543,                0.08973,                0.82551,                0.83502,                0.86721,                0.72123,                0.65615,                0.40234,                 1.4587,                0.09887,               0.003367,               0.003367,               0.003367,                      0,                0.69324,                0.68464,                0.67307,                0.50295,                0.68316,                0.42468,                0.18945,                0.44625,                0.55758,                 0.4119,               0.098418,                0.65582,                      0,                0.68419,                0.67593,                0.66435,                0.47926,                0.68715,                0.45817,                0.19357,                0.44923,                0.54194,                 0.4119,              0.0074045,                0.69517,                      0,                0.71502,                0.68841,                 0.6766,                0.46809,                 0.7066,                0.44708,                0.20093,                 0.4452,                0.53957,                 0.4119,               0.021791,                0.68377,               0.015037,                      0,                 0.7688,                0.58515,                0.31703,                0.48456,                0.26925,                0.73075,                0.73075,                      1
                     69,                0.64961,                0.40385,                 1.3576,                 0.0904,                0.82423,                0.83525,                0.86696,                0.72128,                0.65611,                0.40228,                  1.459,                0.09889,               0.003268,               0.003268,               0.003268,                      0,                0.69028,                0.68474,                0.67381,                0.50891,                0.68074,                 0.4181,                 0.1888,                0.44698,                0.56036,                0.41241,                 0.1001,                0.65506,                      0,                0.67882,                0.67741,                0.66764,                0.48269,                0.68441,                 0.4518,                0.19486,                 0.4496,                0.53901,                0.41241,              0.0065398,                0.69946,                      0,                0.71282,                0.69249,                0.68032,                0.47377,                0.70489,                0.43713,                0.20272,                0.44439,                0.53861,                0.41241,               0.021798,                0.68355,               0.015062,                      0,                0.77542,                0.58145,                0.31426,                0.48176,                0.27094,                0.72906,                0.72906,                      1
                     70,                0.64866,                0.40179,                 1.3478,                0.08977,                0.82671,                0.83394,                0.86721,                0.72176,                0.65612,                0.40216,                 1.4592,                0.09888,               0.003169,               0.003169,               0.003169,                      0,                0.69642,                0.68467,                0.67177,                0.50507,                0.68349,                0.42592,                0.18946,                0.44294,                0.55017,                0.41119,                0.10197,                 0.6479,                      0,                0.68585,                0.67531,                0.66399,                0.48116,                0.68607,                0.45687,                0.19385,                0.44532,                0.52956,                0.41119,              0.0057437,                0.68666,                      0,                 0.7204,                0.69073,                0.67714,                0.47309,                0.70864,                0.44404,                0.20096,                0.44071,                0.52821,                0.41119,               0.021967,                0.67628,               0.014937,                      0,                0.77146,                0.58203,                0.31605,                0.48092,                0.26655,                0.73345,                0.73345,                      1
                     71,                0.64565,                 0.3979,                 1.3528,                0.09015,                0.82875,                0.83094,                0.86722,                0.72168,                0.65605,                0.40193,                 1.4595,                0.09888,                0.00307,                0.00307,                0.00307,                      0,                0.69401,                0.68572,                0.67394,                0.50715,                0.68215,                0.42451,                0.18821,                0.44519,                0.55221,                0.41363,                0.10179,                0.65023,                      0,                0.68598,                0.67802,                0.66652,                0.48403,                0.68643,                0.45395,                0.19278,                 0.4461,                0.53347,                0.41363,              0.0056947,                0.68765,                      0,                0.71262,                0.69233,                0.68031,                 0.4726,                0.70431,                0.44532,                0.20072,                0.44446,                0.53625,                0.41363,               0.022349,                0.68194,               0.015107,                      0,                0.77442,                0.58362,                 0.3116,                0.48557,                0.27086,                0.72914,                0.72914,                      1
                     72,                0.64657,                0.39695,                 1.3535,                0.08915,                0.82979,                0.83066,                0.86716,                 0.7218,                 0.6561,                0.40185,                 1.4598,                0.09888,               0.002971,               0.002971,               0.002971,                      0,                  0.695,                0.68218,                0.67098,                 0.5008,                0.68328,                0.42979,                0.18902,                0.44409,                0.54875,                0.41209,                0.10122,                0.65152,                      0,                0.68629,                0.67388,                0.66337,                0.47643,                 0.6872,                0.46104,                0.19322,                0.44625,                0.52915,                0.41209,              0.0054111,                0.68966,                      0,                0.71929,                0.68742,                0.67548,                0.46504,                0.70861,                 0.4506,                0.20091,                0.44204,                0.52711,                0.41209,               0.022068,                0.67966,               0.015053,                      0,                0.76544,                0.58005,                0.31622,                0.47982,                0.26942,                0.73058,                0.73058,                      1
                     73,                0.64214,                0.39349,                 1.3599,                0.08956,                0.83028,                0.83025,                0.86717,                 0.7219,                0.65608,                0.40185,                 1.4603,                0.09888,               0.002872,               0.002872,               0.002872,                      0,                0.69707,                0.68639,                0.67419,                0.50389,                0.68435,                0.42426,                0.19035,                0.44437,                 0.5499,                0.41306,                0.10226,                0.65032,                      0,                0.68626,                0.67837,                0.66737,                0.47761,                0.68799,                0.45799,                0.19494,                0.44745,                0.53221,                0.41306,              0.0054292,                0.69263,                      0,                0.71761,                0.69106,                0.67947,                0.46561,                0.70797,                0.45014,                0.20188,                0.44321,                0.53339,                0.41306,               0.022624,                0.68219,               0.015259,                      0,                0.76902,                0.58327,                0.31457,                0.48445,                0.27223,                0.72777,                0.72777,                      1
                     74,                0.63987,                0.39392,                  1.344,                0.09056,                0.83091,                0.83002,                0.86708,                0.72182,                0.65605,                0.40171,                 1.4608,                0.09888,               0.002773,               0.002773,               0.002773,                      0,                0.69537,                0.68731,                0.67419,                0.51133,                0.68184,                0.41795,                0.18892,                0.44225,                0.55032,                0.41108,                0.10026,                0.64441,                      0,                0.68493,                0.68065,                0.66815,                0.48711,                0.68578,                0.44998,                 0.1943,                0.44528,                 0.5321,                0.41108,              0.0050479,                0.68814,                      0,                0.71424,                0.69486,                0.68081,                0.47597,                0.70391,                0.44061,                0.20122,                0.44081,                0.53205,                0.41108,               0.022368,                0.67536,                0.01479,                      0,                  0.779,                0.58803,                0.31436,                0.48679,                0.26554,                0.73446,                0.73446,                      1
                     75,                0.64184,                0.39398,                 1.3484,                0.08955,                0.83233,                0.82863,                0.86722,                0.72201,                  0.656,                0.40155,                 1.4611,                0.09887,               0.002674,               0.002674,               0.002674,                      0,                0.69999,                0.68506,                0.67232,                0.50258,                0.68655,                0.42731,                0.18735,                0.44273,                0.55463,                0.41101,                0.10038,                 0.6497,                      0,                0.68791,                0.67847,                0.66616,                0.47915,                0.68894,                0.45888,                0.19265,                0.44544,                0.53652,                0.41101,              0.0041015,                0.69177,                      0,                0.71803,                0.69102,                0.67793,                0.46389,                0.71036,                0.45192,                0.20054,                0.44288,                0.53516,                0.41101,               0.022847,                0.68934,               0.014907,                      0,                 0.7679,                0.58642,                0.31421,                0.48478,                0.26724,                0.73276,                0.73276,                      1
                     76,                0.63643,                0.38958,                 1.3509,                0.08994,                0.83286,                0.82948,                0.86736,                0.72189,                 0.6559,                0.40155,                 1.4615,                0.09887,               0.002575,               0.002575,               0.002575,                      0,                0.70104,                0.68669,                0.67267,                0.50552,                0.68518,                0.42324,                0.18878,                0.43848,                0.55651,                0.41055,                 0.1014,                0.64113,                      0,                0.69058,                0.67822,                0.66484,                0.48103,                0.68927,                 0.4558,                0.19331,                0.44063,                0.53909,                0.41055,               0.005732,                0.68562,                      0,                0.71793,                0.69223,                0.67763,                0.46892,                0.70789,                0.44863,                0.20094,                0.43938,                0.53857,                0.41055,               0.023571,                0.68003,               0.014983,                      0,                0.77126,                0.58707,                0.31338,                0.48498,                0.26469,                0.73531,                0.73531,                      1
                     77,                0.64025,                0.39067,                  1.351,                0.08932,                0.83397,                0.82775,                0.86747,                0.72198,                0.65578,                0.40149,                 1.4619,                0.09885,               0.002476,               0.002476,               0.002476,                      0,                0.69188,                0.68238,                0.67054,                0.50376,                0.68238,                0.43243,                0.18774,                0.44629,                0.54679,                 0.4106,                0.10092,                0.65579,                      0,                0.68268,                0.67422,                0.66296,                0.47813,                0.68613,                0.46381,                0.19255,                0.44786,                0.52593,                 0.4106,              0.0038565,                0.69576,                      0,                0.71089,                0.68749,                0.67606,                0.46394,                0.70489,                 0.4565,                0.20009,                0.44397,                0.52677,                 0.4106,               0.023726,                 0.6881,                0.01485,                      0,                0.76771,                0.58632,                0.31692,                0.48467,                0.26337,                0.73663,                0.73663,                      1
                     78,                 0.6358,                0.38643,                 1.3448,                 0.0901,                0.83727,                0.82631,                0.86732,                0.72216,                0.65575,                0.40133,                 1.4624,                0.09886,               0.002377,               0.002377,               0.002377,                      0,                0.69889,                 0.6879,                0.67488,                0.50644,                0.68596,                0.42157,                0.18918,                0.44318,                0.55935,                 0.4114,               0.099117,                0.65061,                      0,                 0.6916,                0.67912,                0.66655,                0.48112,                0.69054,                0.45317,                0.19417,                0.44452,                0.54271,                 0.4114,              0.0030136,                0.68765,                      0,                0.71762,                0.69129,                0.67816,                0.46823,                0.70813,                0.44715,                0.20161,                0.44174,                0.53619,                 0.4114,               0.023896,                0.68218,               0.015102,                      0,                0.77232,                0.58252,                 0.3144,                0.48109,                0.26785,                0.73215,                0.73215,                      1
                     79,                0.63738,                0.38768,                 1.3477,                0.08956,                0.83851,                0.82497,                0.86708,                0.72187,                0.65578,                0.40118,                 1.4628,                0.09885,               0.002278,               0.002278,               0.002278,                      0,                0.69302,                0.68594,                0.67586,                0.50326,                0.68202,                0.42165,                0.18912,                0.44581,                0.55453,                0.41345,               0.098869,                0.65216,                      0,                0.68599,                0.67854,                0.66921,                0.47692,                0.68697,                0.45363,                0.19413,                0.44711,                0.53563,                0.41345,              0.0018846,                0.68963,                      0,                0.71295,                0.68992,                 0.6803,                0.46236,                0.70595,                0.44896,                0.20093,                0.44384,                0.52994,                0.41345,               0.024125,                0.68695,               0.015101,                      0,                 0.7683,                0.58328,                0.31167,                0.48519,                0.26929,                0.73071,                0.73071,                      1
                     80,                0.62794,                0.38282,                 1.3453,                0.08967,                0.83884,                0.82385,                0.86696,                0.72178,                0.65567,                0.40123,                 1.4633,                0.09884,               0.002179,               0.002179,               0.002179,                      0,                0.69746,                 0.6849,                0.67222,                0.50434,                0.68495,                0.42198,                0.18854,                0.44432,                0.55265,                0.41139,               0.098399,                0.65084,                      0,                0.68887,                0.67813,                0.66532,                0.47992,                0.68895,                0.45517,                 0.1937,                0.44599,                0.53444,                0.41139,              0.0034243,                0.68916,                      0,                 0.7178,                0.69191,                0.67876,                0.46574,                0.70904,                0.44724,                0.20232,                0.44283,                0.53459,                0.41139,               0.024615,                0.68517,               0.015197,                      0,                0.76958,                 0.5862,                0.31502,                0.48498,                0.26845,                0.73155,                0.73155,                      1
                     81,                0.63367,                 0.3842,                 1.3433,                0.08915,                0.84102,                0.82274,                0.86679,                0.72177,                 0.6556,                0.40126,                 1.4638,                0.09883,                0.00208,                0.00208,                0.00208,                      0,                 0.6963,                0.68399,                0.67151,                 0.5013,                0.68518,                0.43174,                0.18921,                0.44538,                0.55208,                0.41122,               0.096999,                 0.6552,                      0,                0.68372,                0.67474,                0.66387,                0.47566,                0.68826,                0.46554,                0.19412,                0.44958,                0.53018,                0.41122,              0.0036674,                 0.7005,                      0,                0.71405,                0.68908,                 0.6768,                0.46098,                0.70818,                0.45741,                0.20248,                0.44443,                0.52636,                0.41122,                0.02532,                0.69238,               0.015025,                      0,                0.76503,                0.58167,                0.31836,                0.48029,                0.27065,                0.72935,                0.72935,                      1
                     82,                0.63157,                0.38257,                 1.3379,                0.08961,                0.84152,                 0.8224,                0.86643,                0.72125,                0.65559,                0.40125,                 1.4643,                0.09883,               0.001981,               0.001981,               0.001981,                      0,                0.69632,                0.68632,                0.67241,                0.50577,                 0.6836,                0.42657,                0.18921,                0.44503,                0.54808,                0.41203,               0.097353,                0.64946,                      0,                0.68554,                0.67845,                0.66519,                0.48025,                0.68629,                0.45869,                0.19429,                0.44783,                0.52471,                0.41203,              0.0039225,                0.68831,                      0,                0.71665,                 0.6914,                0.67783,                0.46552,                0.70848,                0.45238,                0.20202,                0.44385,                0.52395,                0.41203,               0.026142,                0.68656,               0.015194,                      0,                 0.7706,                0.58197,                0.31514,                0.48148,                 0.2715,                 0.7285,                 0.7285,                      1
                     83,                0.62696,                 0.3791,                 1.3446,                0.08882,                 0.8432,                0.82136,                0.86662,                0.72143,                0.65551,                0.40112,                 1.4648,                0.09884,               0.001882,               0.001882,               0.001882,                      0,                0.69731,                0.68577,                 0.6731,                0.49978,                0.68593,                0.43156,                0.18972,                0.44542,                0.54096,                0.41384,               0.097494,                0.65564,                      0,                0.68586,                0.67915,                0.66722,                 0.4746,                0.68748,                0.46199,                 0.1959,                 0.4486,                0.52232,                0.41384,              0.0043901,                0.69177,                      0,                0.71773,                0.69081,                 0.6786,                0.45854,                0.71077,                0.45697,                0.20298,                0.44377,                0.52109,                0.41384,               0.025979,                0.69221,               0.015322,                      0,                0.76387,                0.58044,                0.31431,                0.48231,                0.27305,                0.72695,                0.72695,                      1
                     84,                0.63223,                0.38131,                 1.3464,                0.08937,                 0.8436,                0.82132,                0.86637,                0.72132,                0.65546,                0.40132,                  1.465,                0.09885,               0.001783,               0.001783,               0.001783,                      0,                0.69583,                0.68617,                0.67419,                0.50202,                0.68706,                0.42818,                 0.1898,                0.44387,                0.55018,                0.41141,               0.096715,                0.66294,                      0,                0.68958,                0.67973,                0.66742,                0.47818,                0.69163,                0.45787,                 0.1952,                0.44476,                0.53193,                0.41141,              0.0042705,                0.69725,                      0,                0.72181,                0.69218,                0.67845,                0.46144,                0.71429,                0.45482,                0.20216,                0.44041,                0.53024,                0.41141,               0.026222,                0.69362,               0.015192,                      0,                0.76723,                0.58628,                0.31574,                0.48559,                0.26663,                0.73337,                0.73337,                      1
                     85,                0.62868,                0.37893,                 1.3427,                0.08951,                0.84131,                0.82248,                0.86608,                0.72105,                0.65538,                0.40139,                 1.4655,                0.09885,               0.001684,               0.001684,               0.001684,                      0,                0.70134,                0.68485,                0.67033,                0.50452,                 0.6855,                0.42914,                 0.1874,                0.44071,                0.55098,                0.41227,               0.096511,                0.64264,                      0,                0.69137,                0.67669,                0.66242,                0.48076,                0.68899,                0.45999,                0.19218,                0.44288,                0.52901,                0.41227,              0.0039287,                0.68256,                      0,                0.72127,                0.69006,                0.67586,                0.46225,                0.71026,                0.45549,                0.20044,                0.43996,                0.53054,                0.41227,               0.025606,                0.68045,               0.015245,                      0,                0.76872,                0.58181,                0.31433,                  0.482,                0.26978,                0.73022,                0.73022,                      1
                     86,                0.62284,                0.37424,                 1.3339,                0.08825,                0.84225,                0.82074,                  0.866,                0.72131,                0.65527,                0.40127,                 1.4656,                0.09885,               0.001585,               0.001585,               0.001585,                      0,                0.69465,                0.68567,                0.67495,                0.49479,                0.68535,                0.43123,                0.19012,                0.44668,                0.53863,                0.41422,               0.096227,                0.66075,                      0,                 0.6853,                0.67812,                0.66747,                0.47049,                0.68874,                0.46393,                0.19529,                0.44971,                0.51694,                0.41422,              0.0041151,                0.69782,                      0,                0.72003,                0.69178,                0.67919,                0.45602,                0.71211,                0.45874,                0.20262,                0.44433,                0.51388,                0.41422,               0.025688,                0.69118,                0.01527,                      0,                0.75911,                0.58314,                0.31176,                0.48559,                0.27437,                0.72563,                0.72563,                      1
                     87,                0.62462,                 0.3773,                 1.3341,                0.08935,                0.84161,                0.82114,                  0.866,                0.72113,                0.65521,                 0.4012,                 1.4657,                0.09885,               0.001486,               0.001486,               0.001486,                      0,                0.69728,                0.68622,                0.67361,                0.50278,                0.68628,                0.42643,                0.18883,                0.44387,                0.55124,                0.41214,               0.095396,                0.65601,                      0,                 0.6886,                0.67849,                0.66689,                0.47708,                0.69063,                0.45957,                0.19442,                0.44633,                0.52827,                0.41214,              0.0034797,                0.69619,                      0,                0.71579,                0.69034,                0.67887,                0.46102,                0.70978,                0.45538,                0.20152,                0.44312,                0.52736,                0.41214,               0.025451,                0.69324,               0.015338,                      0,                0.76718,                 0.5853,                  0.315,                 0.4855,                0.26668,                0.73332,                0.73332,                      1
                     88,                0.62245,                0.37556,                 1.3296,                0.08887,                0.84273,                0.82123,                0.86595,                0.72129,                 0.6553,                0.40135,                 1.4657,                0.09884,               0.001387,               0.001387,               0.001387,                      0,                0.70032,                0.68505,                0.67214,                0.50045,                0.68638,                0.43031,                0.18934,                0.44137,                0.54486,                0.41031,               0.094387,                0.64791,                      0,                0.69144,                0.67658,                  0.664,                0.47411,                 0.6905,                0.46381,                0.19399,                0.44308,                0.52389,                0.41031,              0.0020274,                0.68792,                      0,                0.72467,                0.69001,                0.67628,                 0.4587,                0.71419,                0.45904,                0.20141,                0.43898,                 0.5237,                0.41031,               0.025625,                0.68524,               0.015281,                      0,                0.76365,                0.58733,                0.31822,                0.48505,                0.26595,                0.73405,                0.73405,                      1
                     89,                0.62141,                 0.3711,                 1.3348,                0.08967,                 0.8429,                0.82157,                0.86599,                0.72124,                0.65525,                0.40139,                 1.4657,                0.09883,               0.001288,               0.001288,               0.001288,                      0,                0.69515,                0.68682,                0.67254,                0.50654,                0.68382,                0.42736,                0.19021,                0.44681,                0.54755,                0.41323,               0.093568,                0.65398,                      0,                0.68426,                0.67975,                0.66678,                0.48008,                0.68762,                0.45809,                0.19647,                0.45026,                0.52877,                0.41323,              0.0028371,                0.69647,                      0,                0.71672,                0.69271,                0.67882,                0.46337,                0.71011,                0.45403,                0.20391,                0.44435,                0.52637,                0.41323,               0.025843,                0.69271,               0.015358,                      0,                0.77089,                0.57726,                0.31581,                0.47765,                0.27518,                0.72482,                0.72482,                      1
                     90,                0.61813,                0.36867,                 1.3334,                0.08914,                0.84375,                0.82052,                0.86572,                0.72108,                0.65521,                 0.4014,                 1.4658,                0.09882,               0.001189,               0.001189,               0.001189,                      0,                0.69992,                0.68743,                0.67526,                0.50005,                0.68724,                0.42672,                0.18909,                0.44251,                0.55639,                0.41296,               0.093206,                 0.6528,                      0,                 0.6923,                0.67943,                0.66818,                0.47269,                 0.6918,                0.45937,                0.19433,                0.44464,                0.53382,                0.41296,              0.0027838,                0.69044,                      0,                 0.7217,                0.69266,                0.68019,                0.45801,                0.71327,                0.45514,                0.20201,                0.44048,                0.53425,                0.41296,               0.026027,                0.69037,               0.014913,                      0,                0.76383,                0.58554,                0.31351,                0.48708,                0.26905,                0.73095,                0.73095,                      1
                     91,                0.62206,                0.36879,                 1.3337,                0.08897,                0.84496,                0.81933,                0.86558,                0.72094,                0.65537,                0.40161,                 1.4661,                 0.0988,                0.00109,                0.00109,                0.00109,                      0,                0.69313,                0.68629,                0.67637,                0.49719,                0.68464,                0.42687,                 0.1908,                 0.4457,                0.54947,                0.41351,                 0.0925,                0.66165,                      0,                0.68587,                0.67975,                0.66918,                0.47525,                0.68839,                0.45558,                0.19591,                0.44681,                0.53478,                0.41351,              0.0020472,                0.69525,                      0,                0.71446,                 0.6922,                0.68115,                0.45827,                0.70938,                0.45418,                0.20328,                0.44491,                 0.5295,                0.41351,               0.026404,                0.69563,               0.015036,                      0,                0.76313,                0.58326,                0.31167,                0.48493,                0.26951,                0.73049,                0.73049,                      1
                     92,                0.62005,                0.36889,                 1.3287,                0.08864,                0.84542,                 0.8174,                0.86574,                0.72115,                0.65533,                0.40171,                 1.4665,                 0.0988,               0.000991,               0.000991,               0.000991,                      0,                0.70193,                0.68541,                0.67248,                0.49646,                0.68921,                0.43398,                0.18979,                0.44124,                0.54734,                0.41138,               0.092115,                0.65442,                      0,                0.69081,                0.67909,                0.66685,                0.47265,                0.69102,                0.46329,                0.19597,                0.44365,                0.52948,                0.41138,              0.0018972,                0.69161,                      0,                0.72106,                0.69133,                0.67887,                0.45659,                0.71312,                 0.4576,                0.20301,                0.44069,                0.52695,                0.41138,               0.026383,                0.69141,               0.014992,                      0,                0.76056,                0.58466,                0.31665,                0.48415,                0.26776,                0.73224,                0.73224,                      1
                     93,                0.61733,                0.36558,                 1.3348,                0.08861,                  0.843,                0.81856,                0.86569,                0.72125,                0.65535,                0.40174,                 1.4669,                0.09879,               0.000892,               0.000892,               0.000892,                      0,                0.69153,                0.68645,                0.67488,                0.49816,                0.68332,                0.43096,                0.19053,                0.44811,                0.54257,                0.41435,               0.092303,                0.66181,                      0,                0.68442,                0.67861,                0.66802,                0.47168,                0.68782,                0.46246,                 0.1965,                0.45054,                0.52315,                0.41435,              0.0019588,                0.69675,                      0,                0.71902,                0.69224,                0.68004,                0.45496,                 0.7125,                0.45924,                0.20391,                0.44424,                 0.5181,                0.41435,               0.026412,                0.69538,                0.01511,                      0,                0.76165,                0.57933,                0.31171,                0.48219,                0.27607,                0.72393,                0.72393,                      1
                     94,                0.61258,                0.36229,                 1.3299,                0.08829,                0.84445,                0.81801,                0.86527,                0.72134,                0.65543,                0.40179,                 1.4672,                0.09878,               0.000793,               0.000793,               0.000793,                      0,                0.69766,                0.68343,                0.67029,                0.49605,                0.68638,                0.43656,                0.18983,                0.44445,                0.54242,                0.41164,               0.092299,                0.65594,                      0,                0.68863,                0.67518,                0.66307,                0.47086,                 0.6911,                0.46753,                0.19538,                 0.4469,                0.52439,                0.41164,              0.0024453,                0.69777,                      0,                0.71803,                0.68804,                0.67509,                0.45255,                0.71359,                0.46659,                0.20272,                0.44403,                0.52226,                0.41164,               0.026438,                0.70162,               0.015027,                      0,                0.75818,                0.57992,                0.31764,                0.47861,                0.27041,                0.72959,                0.72959,                      1
                     95,                0.61026,                0.36048,                 1.3293,                0.08837,                0.84525,                0.81675,                0.86507,                0.72088,                0.65541,                0.40193,                 1.4677,                0.09878,               0.000694,               0.000694,               0.000694,                      0,                0.69862,                0.68364,                 0.6701,                0.49703,                0.68693,                0.43776,                0.18853,                 0.4415,                  0.538,                0.41145,               0.091836,                0.65468,                      0,                0.68951,                0.67528,                0.66277,                0.47214,                0.69092,                0.46654,                0.19408,                0.44352,                0.51942,                0.41145,              0.0025485,                 0.6948,                      0,                0.72314,                0.69045,                0.67641,                0.45739,                 0.7142,                0.45933,                0.20199,                0.43846,                0.51958,                0.41145,                0.02653,                0.68955,               0.015081,                      0,                0.76006,                 0.5835,                0.31605,                0.48212,                0.26612,                0.73388,                0.73388,                      1
                     96,                0.60851,                0.35995,                 1.3274,                0.08881,                0.84916,                  0.814,                0.86472,                0.72083,                0.65543,                0.40211,                  1.468,                0.09877,               0.000595,               0.000595,               0.000595,                      0,                 0.7007,                0.68529,                0.67131,                0.49811,                0.68748,                 0.4324,                0.18921,                 0.4406,                 0.5458,                0.41014,               0.091674,                0.65126,                      0,                0.69429,                0.67814,                0.66392,                0.47556,                0.69268,                 0.4615,                0.19468,                0.44205,                0.53071,                0.41014,              0.0023124,                0.68826,                      0,                0.72199,                0.69147,                0.67629,                0.45806,                0.71412,                0.45943,                0.20221,                0.43904,                0.52857,                0.41014,               0.026774,                0.69256,               0.015136,                      0,                0.76233,                0.58458,                0.31508,                0.48153,                0.26732,                0.73268,                0.73268,                      1
                     97,                0.61049,                0.35984,                  1.321,                 0.0887,                0.84935,                0.81413,                0.86447,                0.72059,                0.65534,                0.40199,                 1.4683,                0.09876,               0.000496,               0.000496,               0.000496,                      0,                0.69873,                0.68689,                0.67443,                 0.4984,                0.68693,                0.43018,                0.18961,                0.44404,                0.54462,                0.41356,               0.091282,                0.65541,                      0,                0.69028,                0.67865,                0.66649,                0.47276,                 0.6917,                0.46261,                0.19483,                0.44655,                0.52807,                0.41356,               0.002341,                0.69547,                      0,                0.71894,                0.69118,                0.67846,                0.45425,                0.71308,                0.46063,                0.20241,                0.44149,                0.52243,                0.41356,                0.02689,                 0.6974,               0.015083,                      0,                0.76178,                0.58191,                 0.3133,                0.48369,                0.27234,                0.72766,                0.72766,                      1
                     98,                0.60787,                0.35782,                  1.327,                0.08854,                0.85047,                0.81296,                0.86433,                0.72032,                0.65546,                0.40213,                 1.4685,                0.09876,               0.000397,               0.000397,               0.000397,                      0,                0.69902,                 0.6863,                 0.6738,                0.49642,                0.68896,                0.43282,                 0.1906,                0.44388,                0.54286,                0.41277,               0.091252,                0.66197,                      0,                0.69346,                0.67814,                0.66631,                0.47238,                0.69497,                0.46052,                 0.1955,                0.44491,                0.52564,                0.41277,              0.0027799,                0.69902,                      0,                0.72256,                0.69202,                0.68071,                0.45564,                0.71588,                0.45614,                 0.2039,                0.44196,                0.52402,                0.41277,               0.026935,                0.69796,               0.014847,                      0,                0.76053,                0.58392,                0.31632,                0.48444,                0.27141,                0.72859,                0.72859,                      1
                     99,                0.60964,                0.35879,                 1.3254,                0.08868,                0.85151,                0.81215,                0.86402,                 0.7204,                0.65544,                0.40224,                 1.4688,                0.09875,               0.000298,               0.000298,               0.000298,                      0,                0.70192,                0.68563,                0.67213,                0.49675,                0.68824,                0.43424,                0.18855,                0.43995,                0.55102,                0.40986,                0.09141,                0.65052,                      0,                0.69568,                0.67742,                0.66441,                0.47202,                0.69349,                0.46507,                0.19371,                0.44141,                0.53793,                0.40986,              0.0032033,                0.68746,                      0,                0.72559,                 0.6914,                 0.6779,                0.45333,                0.71638,                0.46106,                0.20195,                0.43767,                0.53215,                0.40986,               0.026969,                0.69102,               0.015005,                      0,                 0.7597,                0.58592,                0.31741,                0.48333,                0.26625,                0.73375,                0.73375,                      1
                    100,                0.60678,                0.35586,                 1.3202,                0.08823,                 0.8508,                0.81228,                0.86385,                0.72016,                0.65545,                0.40235,                 1.4691,                0.09875,               0.000199,               0.000199,               0.000199,                      0,                0.69697,                0.68537,                0.67394,                 0.4941,                0.68811,                0.43343,                0.19008,                0.44594,                0.54782,                0.41353,                0.09119,                0.66448,                      0,                0.69178,                 0.6775,                0.66607,                0.46789,                0.69409,                0.46534,                0.19551,                 0.4463,                0.53188,                0.41353,               0.003048,                0.70026,                      0,                0.72026,                0.68941,                0.67861,                0.44802,                0.71507,                0.46239,                0.20328,                0.44387,                0.52891,                0.41353,               0.026879,                0.70125,               0.015103,                      0,                0.75613,                0.58326,                0.31341,                0.48516,                0.27275,                0.72725,                0.72725,                      1
