                  epoch,         train/box_loss,         train/cls_loss,         train/dfl_loss,train/object_reliability_loss,   metrics/precision(B),      metrics/recall(B),       metrics/mAP50(B),    metrics/mAP50-95(B),           val/box_loss,           val/cls_loss,           val/dfl_loss,val/object_reliability_loss,                 lr/pg0,                 lr/pg1,                 lr/pg2,p2/P3_class0_prompt_accuracy,p2/P3_class0_prompt_correlation,p2/P3_class1_prompt_accuracy,p2/P3_class1_prompt_correlation,p2/P3_class2_prompt_accuracy,p2/P3_class2_prompt_correlation,p2/P3_class3_prompt_accuracy,p2/P3_class3_prompt_correlation,p2/P3_class4_prompt_accuracy,p2/P3_class4_prompt_correlation,p2/P3_gate_direction_loss,    p2/P3_ir_win_recall,p2/P3_object_balanced_loss,p2/P3_object_calibrated_loss,p2/P3_object_class_winner_balanced_loss,p2/P3_object_hard_winner_loss,p2/P3_object_prompt_accuracy,p2/P3_object_prompt_correlation,p2/P3_object_prompt_mae,p2/P3_object_prompt_rgb, p2/P3_object_rank_loss,p2/P3_object_target_rgb,   p2/P3_rgb_win_recall,p2/P4_class0_prompt_accuracy,p2/P4_class0_prompt_correlation,p2/P4_class1_prompt_accuracy,p2/P4_class1_prompt_correlation,p2/P4_class2_prompt_accuracy,p2/P4_class2_prompt_correlation,p2/P4_class3_prompt_accuracy,p2/P4_class3_prompt_correlation,p2/P4_class4_prompt_accuracy,p2/P4_class4_prompt_correlation,p2/P4_gate_direction_loss,    p2/P4_ir_win_recall,p2/P4_object_balanced_loss,p2/P4_object_calibrated_loss,p2/P4_object_class_winner_balanced_loss,p2/P4_object_hard_winner_loss,p2/P4_object_prompt_accuracy,p2/P4_object_prompt_correlation,p2/P4_object_prompt_mae,p2/P4_object_prompt_rgb, p2/P4_object_rank_loss,p2/P4_object_target_rgb,   p2/P4_rgb_win_recall,p2/object_cross_scale_consistency,p2/object_gate_raw_loss,p2/object_prompt_raw_loss,  p2/teacher_ir_quality,p2/teacher_relative_margin, p2/teacher_rgb_quality,p2/teacher_rgb_win_rate, p2/teacher_ir_win_rate,p2/teacher_majority_baseline,p2/object_reliability_warmup_factor
                      1,                 1.3112,                   1.48,                 1.5647,                 0.0201,                0.34826,                0.60764,                0.45446,                0.31871,                0.96385,                0.90699,                 1.5121,                 0.0201,               0.070106,              0.0033215,              0.0033215,                0.69528,               0.035799,                0.75703,                0.06497,                0.81367,               0.006077,                0.75418,               0.064385,                0.77739,               0.061271,                      0,                0.96053,                0.69318,                 0.6931,                0.86642,                0.69314,                0.70729,               0.035209,                 0.1581,                0.49985,                0.69314,                0.41359,               0.038091,                0.69647,                0.03401,                0.75838,               0.045021,                0.81618,              -0.060711,                0.75549,               0.051046,                0.78123,               0.056834,                      0,                0.96348,                0.69315,                0.69241,                0.86618,                0.69312,                0.70864,               0.032921,                0.15754,                0.49852,                 0.6931,                0.41359,               0.035216,             1.8982e-06,                      0,                0.86634,                0.57858,                0.31632,                0.47969,                0.27453,                0.72547,                0.72547,                    0.2
                      2,                  1.072,                0.88233,                 1.4214,                0.04016,                0.59556,                0.68472,                0.63967,                0.47596,                 0.8692,                0.68352,                 1.4561,                0.04016,                0.04004,               0.006589,               0.006589,                 0.7171,               0.048577,                0.76763,               0.070333,                0.83725,              -0.015501,                0.76336,                0.10205,                0.80823,               0.066577,                      0,                0.99998,                0.69311,                0.69196,                0.86607,                0.69311,                 0.7284,               0.047627,                0.15746,                0.49767,                0.69307,                0.41238,             0.00018935,                0.71707,               0.076018,                0.76763,               0.070494,                0.83715,              -0.029163,                0.76336,                  0.111,                0.80812,               0.068027,                      0,                      1,                0.69326,                0.68546,                0.86439,                0.69316,                0.72836,               0.073751,                0.15282,                0.48414,                0.69237,                0.41238,                      0,              0.0001105,                      0,                0.86551,                0.57974,                0.31685,                0.47904,                0.27164,                0.72836,                0.72836,                    0.4
                      3,                0.89841,                0.69892,                 1.4078,                 0.0601,                0.64919,                0.63995,                0.65521,                0.49658,                0.80664,                0.61168,                 1.5907,                0.06019,              0.0099086,              0.0097904,              0.0097904,                0.71917,               0.062721,                0.76181,                0.08718,                0.82703,              0.0013926,                0.77771,                0.10643,                0.80416,               0.061531,                      0,                      1,                0.69368,                0.68414,                 0.8646,                0.69355,                0.73011,               0.061638,                0.15085,                0.48061,                0.69244,                0.41206,             2.9766e-05,                0.71756,                0.14425,                0.75733,                0.19715,                 0.8233,               0.085896,                0.76839,                0.18701,                0.79847,                0.16294,                      0,                 0.9892,                0.69342,                 0.6769,                0.86131,                0.69199,                0.72792,                0.14555,                0.14661,                0.46677,                 0.6884,                0.41206,               0.021149,              0.0001555,                      0,                 0.8635,                0.58341,                0.31463,                0.48316,                 0.2699,                 0.7301,                 0.7301,                    0.6
                      4,                0.81734,                0.61072,                 1.4296,                0.07852,                0.69117,                 0.7155,                 0.7197,                0.55236,                0.78059,                0.56223,                 1.5592,                0.07907,               0.009703,               0.009703,               0.009703,                0.72448,                0.06831,                0.76078,               0.082419,                0.84393,               0.014167,                0.78508,                0.12117,                0.82005,               0.088703,                      0,                0.99999,                 0.6953,                0.67674,                 0.8626,                0.69474,                0.73616,               0.067629,                0.14776,                 0.4632,                0.69155,                0.41068,             0.00013976,                0.67187,                0.26907,                 0.6723,                0.36468,                0.73275,                0.24713,                 0.6922,                0.28643,                0.72555,                  0.262,                      0,                0.77969,                0.68504,                0.66255,                0.81407,                0.64788,                0.67677,                0.27455,                0.15646,                0.45341,                0.64283,                0.41068,                0.38964,              0.0063903,                      0,                0.84643,                0.58712,                0.31808,                0.48547,                0.26387,                0.73613,                0.73613,                    0.8
                      5,                0.80283,                0.58669,                 1.4188,                0.09654,                0.73813,                0.70945,                0.75255,                0.58976,                0.75387,                0.54194,                  1.521,                0.09931,               0.009604,               0.009604,               0.009604,                0.71233,               0.072047,                  0.772,               0.098366,                0.83619,               0.027784,                0.77703,                0.15602,                0.81071,                0.13322,                      0,                0.99999,                0.69529,                0.67769,                0.86307,                0.69465,                0.72539,               0.072785,                0.14816,                0.46373,                0.69162,                0.41417,             0.00010208,                0.63516,                0.34143,                0.58595,                0.39638,                0.68172,                0.34216,                0.63872,                0.36546,                0.67774,                0.35416,                      0,                0.62962,                0.67797,                0.66412,                0.77062,                0.59323,                0.63607,                0.34668,                0.17624,                0.46127,                0.61383,                0.41417,                0.65311,               0.015508,                      0,                0.83226,                0.57984,                0.31694,                0.48256,                0.27463,                0.72537,                0.72537,                      1
                      6,                0.78134,                0.56209,                 1.4037,                  0.096,                0.72987,                0.68282,                0.73457,                0.57045,                0.76539,                0.55601,                 1.5203,                0.09914,               0.009505,               0.009505,               0.009505,                0.72483,               0.090222,                 0.7715,                0.13571,                0.83496,               0.064833,                  0.788,                0.17229,                  0.817,                0.10847,                      0,                0.99997,                0.69538,                0.67609,                0.86244,                0.69443,                0.73654,               0.092211,                0.14656,                0.46177,                0.69076,                0.41059,             0.00035091,                0.64388,                0.37407,                0.60135,                0.44629,                0.67472,                0.35871,                 0.6176,                0.36288,                0.65513,                0.37626,                      0,                0.63577,                0.67481,                0.65806,                0.76013,                0.57825,                0.64258,                0.37799,                0.17555,                0.45835,                0.59367,                0.41059,                0.66163,               0.017636,                      0,                0.82834,                0.58711,                0.31611,                0.48511,                0.26353,                0.73647,                0.73647,                      1
                      7,                0.77292,                0.55439,                 1.4021,                0.09527,                0.71922,                0.71481,                0.74253,                0.58534,                0.74573,                0.53343,                 1.5091,                0.09641,               0.009406,               0.009406,               0.009406,                0.71125,                 0.1349,                0.76143,                 0.1709,                0.82285,                0.10326,                0.77031,                0.23093,                0.81119,                0.18051,                      0,                0.96846,                0.69289,                0.67548,                0.85824,                0.69011,                0.72355,                0.13834,                0.14503,                0.46479,                0.68553,                0.41298,               0.062685,                0.62841,                0.38745,                0.60949,                0.45803,                0.70196,                0.35588,                0.65169,                0.40863,                0.69173,                0.39049,                      0,                0.61019,                 0.6738,                0.66118,                0.74629,                0.56892,                 0.6333,                0.39371,                0.17872,                0.46909,                0.60543,                0.41298,                0.69565,               0.019037,                      0,                0.82092,                 0.5836,                0.31135,                0.48415,                0.27038,                0.72962,                0.72962,                      1
                      8,                0.76846,                 0.5463,                 1.3961,                0.08924,                0.72554,                0.72949,                0.76087,                0.59964,                0.73881,                0.51899,                  1.466,                0.09428,               0.009307,               0.009307,               0.009307,                0.59764,                0.32201,                 0.5904,                0.42831,                0.67268,                0.34907,                 0.6422,                0.35621,                0.64763,                0.37531,                      0,                0.59229,                0.68062,                0.66496,                0.77986,                0.61718,                0.60293,                0.33286,                0.17277,                0.46835,                0.63747,                0.40945,                0.63242,                0.63791,                0.39445,                0.60972,                0.46955,                0.69691,                0.37076,                 0.6485,                0.39929,                0.66437,                0.40831,                      0,                0.62419,                0.67178,                 0.6562,                0.74258,                0.56362,                0.63986,                0.40038,                0.17921,                0.46054,                0.59972,                0.40945,                0.68332,               0.010946,                      0,                0.76744,                0.58339,                 0.3171,                0.47906,                0.26509,                0.73491,                0.73491,                      1
                      9,                0.76488,                0.54395,                 1.3938,                0.08861,                0.75152,                0.75866,                0.77588,                0.62249,                0.71823,                0.49159,                 1.4856,                0.09395,               0.009208,               0.009208,               0.009208,                0.62103,                0.33916,                 0.5977,                0.44759,                0.69152,                0.36199,                0.63349,                0.32523,                0.69188,                0.36842,                      0,                0.61815,                0.67889,                0.66374,                0.76908,                0.60093,                0.62537,                0.35198,                0.17234,                0.46407,                0.62909,                0.41104,                0.64547,                0.63343,                0.39294,                0.60625,                0.46255,                0.68611,                0.36036,                0.62383,                0.34945,                0.68853,                0.39283,                      0,                 0.6132,                0.67064,                0.65733,                0.74869,                0.56692,                0.63574,                 0.3987,                0.17865,                0.46565,                0.59866,                0.41104,                0.69849,              0.0085062,                      0,                0.76229,                0.58587,                0.31775,                 0.4845,                0.26432,                0.73568,                0.73568,                      1
                     10,                0.76318,                0.53941,                 1.3974,                0.08706,                0.73346,                0.77082,                0.78422,                  0.626,                0.72322,                0.49204,                 1.4487,                 0.0939,               0.009109,               0.009109,               0.009109,                0.63969,                 0.3647,                0.58815,                0.45537,                0.71557,                0.38018,                0.66262,                0.35518,                0.67973,                 0.3915,                      0,                0.64539,                0.67598,                0.65857,                0.75703,                0.58756,                0.64198,                0.37412,                0.17156,                0.45798,                 0.6131,                0.41079,                0.63266,                0.63934,                0.41156,                0.60172,                0.47237,                0.72083,                0.38921,                0.64515,                0.38235,                 0.6823,                 0.4282,                      0,                0.62353,                0.66956,                0.65413,                0.73489,                0.55487,                0.64228,                0.41706,                0.17925,                0.46165,                0.58794,                0.41079,                 0.6936,              0.0089335,                      0,                0.74965,                0.58406,                0.31827,                0.48249,                0.26755,                0.73245,                0.73245,                      1
                     11,                0.75266,                0.52715,                 1.3951,                0.08665,                0.76846,                0.77686,                0.79403,                0.63624,                0.70762,                0.47752,                 1.4801,                0.09314,                0.00901,                0.00901,                0.00901,                0.64984,                 0.3602,                0.60658,                0.45247,                0.71316,                0.38289,                0.65468,                0.38185,                0.67986,                0.40959,                      0,                0.65966,                 0.6791,                0.66017,                0.75125,                0.58672,                0.65123,                0.37006,                0.17241,                0.45519,                0.61635,                0.41128,                0.62821,                0.64218,                0.40685,                0.61291,                0.47265,                0.72157,                0.38026,                0.66262,                 0.4238,                0.68219,                0.42549,                      0,                0.62542,                0.67241,                0.65739,                0.73256,                0.55611,                0.64567,                0.41201,                0.17995,                0.46312,                0.59017,                0.41128,                0.70095,              0.0087758,                      0,                0.74502,                0.58568,                0.31684,                  0.484,                0.26814,                0.73186,                0.73186,                      1
                     12,                0.75135,                0.52212,                 1.3895,                0.08714,                0.73829,                0.77379,                0.78858,                0.63107,                0.70973,                0.48112,                 1.4836,                 0.0925,               0.008911,               0.008911,               0.008911,                 0.6556,                0.35688,                0.59438,                0.44235,                0.69568,                0.35003,                0.64103,                 0.3665,                0.67882,                0.38822,                      0,                0.66829,                0.68028,                0.66105,                0.75529,                0.58632,                0.65453,                 0.3625,                0.17146,                0.45297,                0.61593,                0.41254,                0.61731,                0.64547,                0.40394,                0.60596,                0.45984,                0.70006,                0.36195,                0.62989,                0.40092,                0.67646,                0.42433,                      0,                 0.6293,                0.67246,                0.65733,                0.73864,                0.55542,                0.64636,                0.40765,                0.17898,                0.46147,                0.59308,                0.41254,                0.69251,              0.0088196,                      0,                0.74974,                0.58096,                0.31278,                0.48099,                0.26996,                0.73004,                0.73004,                      1
                     13,                0.74619,                0.51777,                 1.3937,                0.08704,                0.78229,                0.74366,                0.80509,                0.63976,                0.70985,                0.48464,                 1.4739,                0.09286,               0.008812,               0.008812,               0.008812,                0.66357,                0.35901,                0.60678,                0.45453,                0.70543,                0.39095,                0.66834,                0.37041,                0.69488,                0.38241,                      0,                0.68701,                0.68043,                0.65673,                0.75544,                0.59056,                0.66359,                0.36672,                 0.1703,                 0.4462,                0.61376,                0.40976,                0.59802,                0.64257,                0.41006,                0.61615,                0.46693,                0.70575,                0.38964,                0.65862,                0.39904,                 0.6825,                0.41407,                      0,                0.63227,                 0.6721,                0.65289,                0.73679,                0.55984,                 0.6455,                0.41536,                0.17779,                0.45752,                0.59083,                0.40976,                0.68257,              0.0084198,                      0,                0.74922,                 0.5842,                0.31812,                0.48102,                0.26312,                0.73688,                0.73688,                      1
                     14,                0.74386,                0.51854,                 1.3814,                0.08571,                0.72168,                0.78158,                0.78048,                0.62953,                0.70198,                0.47267,                 1.4722,                0.09218,               0.008713,               0.008713,               0.008713,                 0.6663,                0.36963,                0.61027,                0.47739,                0.71718,                0.38398,                0.67065,                0.38072,                0.69777,                 0.4069,                      0,                0.68521,                0.67747,                 0.6574,                0.74345,                0.57623,                0.66678,                0.37913,                0.16978,                0.44919,                0.60169,                0.41092,                0.61548,                 0.6506,                0.41241,                0.61819,                0.48855,                0.71973,                0.37783,                0.64814,                0.39384,                0.69588,                0.43911,                      0,                0.63651,                 0.6726,                0.65756,                0.72808,                0.54717,                0.65343,                0.41894,                0.17901,                0.45997,                0.57777,                0.41092,                 0.7005,              0.0086003,                      0,                0.73833,                0.58655,                0.31289,                0.48549,                0.26434,                0.73566,                0.73566,                      1
                     15,                 0.7403,                0.51202,                 1.3877,                0.08646,                0.76845,                 0.7856,                0.81497,                0.66049,                0.69196,                0.45749,                 1.4581,                0.09247,               0.008614,               0.008614,               0.008614,                0.66593,                0.37049,                0.62041,                 0.4424,                0.71695,                0.34563,                0.66929,                0.36925,                0.69071,                0.40021,                      0,                0.68899,                0.67692,                0.65683,                0.75208,                0.57645,                0.66645,                0.37783,                0.17075,                0.44781,                 0.5992,                 0.4106,                0.60354,                0.65266,                0.41191,                0.62713,                0.45807,                0.72717,                0.35758,                0.65602,                0.37309,                0.69125,                0.43342,                      0,                0.64501,                 0.6728,                0.65628,                0.73523,                0.54874,                0.65565,                0.41637,                0.18001,                0.45658,                 0.5742,                 0.4106,                0.68533,              0.0087094,                      0,                0.74646,                 0.5856,                0.31765,                0.48426,                0.26381,                0.73619,                0.73619,                      1
                     16,                   0.74,                0.51163,                 1.3812,                0.08637,                0.77881,                0.77838,                0.81869,                0.66315,                 0.6928,                0.46003,                 1.4766,                0.09227,               0.008515,               0.008515,               0.008515,                0.66382,                0.36548,                0.60998,                0.45087,                0.71925,                0.37968,                0.66927,                 0.3984,                0.66927,                 0.3819,                      0,                0.68796,                0.67958,                 0.6588,                0.75244,                0.58063,                0.66355,                0.37092,                0.17209,                0.44707,                0.60007,                0.41236,                0.59697,                0.65014,                0.41381,                0.61828,                0.46801,                0.71979,                0.39478,                0.64739,                0.42902,                0.67916,                0.39159,                      0,                0.64145,                0.67388,                0.65808,                0.73124,                 0.5487,                0.65211,                0.41621,                0.18128,                0.45703,                0.57479,                0.41236,                0.68119,               0.008772,                      0,                0.74537,                0.58123,                0.31533,                0.48155,                0.26825,                0.73175,                0.73175,                      1
                     17,                0.73623,                0.50439,                 1.3866,                0.08567,                0.79926,                 0.7906,                0.82965,                0.66852,                  0.695,                0.45742,                 1.4679,                0.09267,               0.008416,               0.008416,               0.008416,                0.66609,                0.37821,                0.60781,                0.44439,                0.72646,                0.34801,                0.66289,                 0.3747,                0.69831,                0.38797,                      0,                0.68883,                0.67329,                0.65421,                0.74606,                0.56994,                0.66617,                0.38422,                 0.1707,                0.44857,                0.60202,                0.41182,                0.60537,                0.65203,                0.42038,                0.61589,                0.46183,                0.73134,                0.36358,                0.65608,                0.41026,                0.69831,                0.42249,                      0,                0.64135,                0.66917,                0.65384,                0.72231,                0.54182,                0.65473,                0.42414,                0.18006,                0.45767,                0.57362,                0.41182,                0.69062,              0.0085846,                      0,                0.73815,                0.58096,                0.31421,                0.47986,                0.27155,                0.72845,                0.72845,                      1
                     18,                0.73109,                0.49967,                 1.3702,                0.08473,                 0.8044,                0.77779,                0.83479,                0.67439,                0.69616,                0.45482,                 1.4558,                0.09176,               0.008317,               0.008317,               0.008317,                0.67213,                0.38298,                  0.624,                0.48603,                0.71918,                0.39967,                0.65774,                0.37526,                0.70739,                0.41726,                      0,                0.69494,                0.67415,                 0.6512,                0.73418,                0.56662,                0.67219,                 0.3943,                0.17225,                0.44321,                0.58953,                0.40969,                0.60908,                0.65818,                0.41923,                 0.6251,                0.48803,                0.72241,                0.39964,                0.63762,                0.41845,                0.69248,                0.42572,                      0,                0.65028,                0.67022,                0.65166,                0.72377,                0.54252,                0.65952,                0.42595,                0.18063,                0.45383,                0.56931,                0.40969,                0.68518,              0.0084288,                      0,                0.73071,                 0.5827,                0.32068,                0.47864,                0.26495,                0.73505,                0.73505,                      1
                     19,                0.72984,                0.49802,                 1.3773,                0.08575,                0.78037,                0.77927,                0.81395,                0.66153,                0.69558,                0.45958,                 1.4604,                0.09196,               0.008218,               0.008218,               0.008218,                0.67688,                 0.3821,                 0.6069,                0.46751,                0.72072,                0.35586,                0.66541,                0.39375,                0.69517,                0.40042,                      0,                0.70131,                0.67618,                0.65288,                0.74484,                0.56932,                0.67537,                0.38711,                0.17173,                0.44154,                 0.5978,                0.41019,                0.60426,                0.65819,                0.42493,                0.61036,                0.49217,                0.72774,                0.36435,                0.67205,                0.42505,                0.68726,                0.41171,                      0,                0.64753,                0.66994,                0.65201,                0.72882,                0.54204,                0.65994,                0.42823,                 0.1801,                0.45479,                0.57498,                0.41019,                0.69398,              0.0085243,                      0,                 0.7395,                0.58532,                0.31768,                0.48241,                0.26725,                0.73275,                0.73275,                      1
                     20,                  0.728,                0.49725,                 1.3745,                0.08578,                0.77337,                0.78495,                 0.8122,                0.65922,                0.68842,                 0.4544,                 1.4875,                 0.0922,               0.008119,               0.008119,               0.008119,                0.66891,                0.37592,                0.59626,                0.44299,                0.69917,                0.36743,                0.64752,                0.35128,                0.68834,                 0.4031,                      0,                0.68624,                0.67586,                0.65685,                0.74677,                0.56827,                0.66666,                0.38015,                0.17269,                0.44954,                0.59965,                0.41197,                 0.6135,                0.65124,                0.42261,                0.59707,                0.47475,                0.71068,                0.37514,                0.64963,                0.38659,                0.68587,                0.42523,                      0,                0.63552,                0.67029,                0.65551,                0.72492,                0.53959,                0.65204,                0.42467,                0.18147,                0.46025,                0.57561,                0.41197,                0.69689,               0.008441,                      0,                0.73948,                0.58195,                0.31557,                0.48117,                0.26921,                0.73079,                0.73079,                      1
                     21,                0.72866,                0.49511,                 1.3705,                0.08516,                0.82024,                0.79389,                0.84843,                0.69129,                0.68168,                0.43928,                 1.4665,                0.09186,                0.00802,                0.00802,                0.00802,                0.67202,                0.37818,                0.62644,                0.47484,                0.71576,                0.37626,                0.64837,                0.36967,                 0.7074,                0.40759,                      0,                0.69786,                 0.6749,                0.65463,                0.74243,                0.56735,                  0.672,                0.38563,                0.17291,                0.44506,                0.58936,                0.41286,                 0.6033,                 0.6557,                0.41892,                0.62604,                0.49395,                0.72387,                0.38412,                0.65157,                0.40345,                0.69552,                 0.4385,                      0,                 0.6446,                 0.6727,                0.65696,                0.72094,                0.54054,                0.65794,                0.42407,                0.18249,                0.45692,                0.56589,                0.41286,                0.69337,              0.0086465,                      0,                0.73527,                0.57717,                0.31643,                0.47805,                 0.2735,                 0.7265,                 0.7265,                      1
                     22,                0.72251,                0.49243,                 1.3769,                0.08483,                0.77502,                0.78126,                0.81416,                0.66209,                 0.6878,                0.45449,                 1.4676,                 0.0921,               0.007921,               0.007921,               0.007921,                0.68027,                0.38338,                0.62207,                0.48079,                0.71533,                0.40188,                0.66074,                0.39081,                0.70854,                0.39539,                      0,                 0.7056,                0.67613,                0.65453,                0.73657,                0.56287,                0.67913,                0.39177,                0.17126,                0.44071,                0.58925,                0.41166,                0.60611,                0.66677,                0.41912,                0.62656,                0.49324,                0.71865,                0.39421,                 0.6599,                0.41809,                0.70489,                0.41518,                      0,                0.66283,                0.67385,                 0.6547,                0.72232,                0.54186,                0.66798,                0.42424,                 0.1793,                 0.4487,                0.56945,                0.41166,                0.68221,              0.0081942,                      0,                0.73182,                0.58783,                0.31497,                0.48757,                0.26605,                0.73395,                0.73395,                      1
                     23,                0.72237,                0.48758,                 1.3816,                0.08497,                0.80183,                0.80636,                0.84533,                0.68957,                 0.6803,                0.43499,                 1.4679,                0.09177,               0.007822,               0.007822,               0.007822,                0.67842,                0.37789,                0.61205,                0.47077,                0.72644,                0.37882,                0.67459,                0.40519,                0.68313,                0.37565,                      0,                0.70351,                0.67649,                0.65559,                0.73775,                0.56397,                0.67684,                0.38388,                0.17315,                0.44201,                  0.598,                0.41033,                 0.6037,                0.66152,                0.42009,                0.62129,                0.48137,                0.73299,                0.38829,                0.66515,                0.42735,                0.68842,                0.41443,                      0,                 0.6555,                 0.6718,                0.65522,                0.71956,                0.53739,                0.66331,                0.42376,                0.18144,                0.45285,                0.57363,                0.41033,                0.68473,               0.008548,                      0,                0.73169,                0.58385,                0.31669,                 0.4814,                0.26724,                0.73276,                0.73276,                      1
                     24,                0.72033,                0.48736,                 1.3771,                0.08444,                0.80961,                0.78792,                0.84144,                0.68688,                0.68038,                0.43664,                  1.473,                0.09202,               0.007723,               0.007723,               0.007723,                0.67564,                0.38068,                0.60955,                0.47408,                0.72189,                0.38114,                0.66831,                0.37351,                0.71364,                0.41428,                      0,                0.70098,                0.67578,                0.65595,                0.73285,                0.55813,                0.67543,                0.38867,                0.17381,                0.44212,                0.59188,                0.41155,                0.60459,                0.65796,                0.42063,                0.62015,                0.49512,                0.71943,                0.38022,                0.66864,                0.41059,                0.70962,                0.43948,                      0,                0.65103,                0.67167,                0.65692,                0.71569,                0.53265,                0.66083,                0.42631,                0.18229,                0.45385,                0.57574,                0.41155,                0.68798,               0.008495,                      0,                0.72713,                0.58422,                 0.3137,                0.48391,                0.26505,                0.73495,                0.73495,                      1
                     25,                0.71706,                0.48373,                 1.3777,                0.08452,                0.80597,                0.81907,                 0.8485,                0.69582,                0.67781,                0.42995,                 1.4502,                0.09127,               0.007624,               0.007624,               0.007624,                0.67354,                  0.379,                 0.6241,                 0.4671,                 0.7258,                0.41622,                0.66827,                0.37719,                0.69619,                0.38019,                      0,                0.69576,                0.67724,                0.65752,                 0.7341,                0.56354,                0.67382,                0.38703,                0.17415,                0.44635,                0.58992,                0.41361,                0.61489,                0.65244,                0.42186,                0.62769,                0.49137,                0.72779,                0.41445,                0.65401,                0.39438,                 0.7004,                0.41046,                      0,                0.63798,                0.67072,                0.65663,                0.71776,                0.53697,                0.65599,                0.42702,                0.18199,                0.46127,                0.56912,                0.41361,                0.70436,              0.0085852,                      0,                0.72865,                0.58057,                0.31345,                 0.4822,                 0.2713,                 0.7287,                 0.7287,                      1
                     26,                0.71338,                0.48014,                 1.3742,                0.08533,                0.80749,                0.80632,                0.84776,                0.69615,                0.67614,                0.42862,                 1.4622,                0.09099,               0.007525,               0.007525,               0.007525,                0.67357,                0.37697,                0.60836,                0.45007,                0.72994,                0.36937,                0.67786,                0.36315,                0.69005,                0.41063,                      0,                0.70017,                0.67877,                0.65714,                0.74184,                0.56593,                0.67295,                0.38197,                0.17457,                0.44218,                0.59636,                0.41039,                0.59677,                0.65646,                0.41784,                0.60766,                0.47832,                0.72787,                0.37619,                0.67636,                0.39313,                0.68982,                0.44094,                      0,                0.64993,                0.67398,                0.65676,                 0.7229,                0.54028,                0.65822,                0.42173,                0.18287,                0.45365,                0.57325,                0.41039,                0.68141,              0.0083552,                      0,                0.73553,                0.58507,                0.31619,                0.48268,                0.26328,                0.73672,                0.73672,                      1
                     27,                0.70985,                0.47767,                 1.3805,                0.08433,                0.81723,                0.82508,                0.85683,                0.70274,                0.67305,                0.42614,                 1.4477,                0.09117,               0.007426,               0.007426,               0.007426,                0.67755,                0.38323,                0.61769,                0.47937,                0.72459,                0.38983,                0.67488,                0.36019,                0.71685,                0.43521,                      0,                  0.706,                0.67609,                0.65556,                 0.7338,                0.55698,                0.67758,                0.39187,                0.17267,                0.44022,                0.58894,                0.41328,                0.60161,                0.66894,                0.42139,                0.62815,                  0.498,                0.73126,                0.40352,                0.66876,                0.40109,                0.70694,                0.44774,                      0,                0.66599,                 0.6731,                0.65638,                0.71276,                0.52931,                0.67063,                0.42747,                0.18156,                0.44818,                0.57006,                0.41328,                0.68303,              0.0082534,                      0,                0.72679,                0.58501,                 0.3114,                 0.4865,                0.27219,                0.72781,                0.72781,                      1
                     28,                 0.7114,                0.47745,                 1.3734,                 0.0852,                0.80463,                0.80163,                0.84407,                0.69491,                0.67452,                0.42898,                 1.4518,                0.09139,               0.007327,               0.007327,               0.007327,                0.67883,                0.38708,                0.61397,                0.45183,                0.72807,                0.36879,                0.66848,                 0.3864,                 0.7041,                0.41407,                      0,                0.70403,                0.67664,                0.65558,                0.74119,                0.55929,                0.67819,                0.39124,                0.17353,                0.44103,                0.58391,                0.41045,                0.60721,                0.66629,                0.41935,                0.62365,                 0.4686,                0.72356,                0.37276,                0.66128,                0.41087,                0.70311,                0.43383,                      0,                0.66409,                0.67595,                0.65721,                0.72643,                0.53881,                0.66772,                0.42253,                0.18216,                0.44894,                0.56876,                0.41045,                0.67768,              0.0079249,                      0,                0.73627,                0.58558,                 0.3148,                0.48364,                0.26691,                0.73309,                0.73309,                      1
                     29,                0.70709,                0.47381,                 1.3825,                0.08423,                0.82851,                0.82644,                0.86233,                 0.7076,                0.67162,                0.41886,                  1.453,                0.09115,               0.007228,               0.007228,               0.007228,                0.68219,                0.39169,                0.62937,                0.46073,                0.72621,                0.38659,                   0.67,                0.38586,                0.71712,                0.41211,                      0,                0.71491,                0.67399,                0.65256,                0.73304,                0.55458,                0.68202,                0.39905,                0.17286,                0.43789,                0.58639,                0.41262,                0.59377,                0.66885,                0.42984,                0.62988,                0.47716,                0.73102,                0.39201,                0.66862,                0.41561,                0.70927,                0.43512,                      0,                0.66702,                0.66989,                0.65306,                0.71327,                0.52842,                0.67062,                0.43452,                0.18052,                0.44872,                0.56573,                0.41262,                0.68029,              0.0085294,                      0,                0.72645,                0.58216,                0.31659,                0.48273,                0.27145,                0.72855,                0.72855,                      1
                     30,                 0.7088,                0.47338,                 1.3767,                 0.0848,                0.82291,                0.81587,                0.85676,                0.70324,                0.66852,                0.42119,                 1.4528,                 0.0911,               0.007129,               0.007129,               0.007129,                0.67721,                0.37971,                0.61901,                0.46069,                0.72987,                0.35995,                0.68102,                0.40249,                0.71367,                0.39275,                      0,                0.70406,                0.67805,                0.65727,                0.73563,                0.55964,                0.67764,                0.38659,                0.17528,                0.44054,                0.59677,                0.40999,                0.60399,                 0.6665,                0.42084,                0.62217,                0.48441,                0.73248,                0.37543,                0.67862,                0.41696,                0.71072,                 0.4116,                      0,                0.66632,                0.67372,                 0.6559,                0.71837,                0.53473,                0.66874,                0.42423,                0.18209,                0.44721,                0.57794,                0.40999,                0.67549,              0.0080397,                      0,                0.72988,                0.58696,                0.31641,                0.48447,                0.26393,                0.73607,                0.73607,                      1
                     31,                0.70596,                0.46808,                   1.38,                0.08407,                0.81765,                0.82723,                0.86058,                0.71024,                0.66833,                0.41963,                 1.4452,                0.09112,                0.00703,                0.00703,                0.00703,                0.67594,                0.37824,                0.60476,                0.47746,                0.72319,                0.37017,                0.68783,                0.40417,                0.70421,                0.43097,                      0,                0.70235,                0.67781,                0.65838,                0.72893,                0.55628,                0.67558,                0.38558,                0.17474,                0.44186,                0.59425,                0.41219,                0.60276,                0.66683,                0.42038,                0.60849,                0.49782,                0.73215,                0.37955,                 0.6862,                0.41227,                0.69993,                0.45031,                      0,                0.66369,                0.67383,                0.65793,                0.71067,                0.52983,                0.66823,                0.42438,                0.18219,                0.45012,                0.57897,                0.41219,                0.68058,               0.008327,                      0,                0.72284,                0.58494,                0.31166,                0.48516,                0.26876,                0.73124,                0.73124,                      1
                     32,                0.70621,                0.47008,                 1.3806,                0.08448,                0.80727,                0.83348,                0.85562,                0.70481,                0.66813,                0.41799,                 1.4566,                0.09142,               0.006931,               0.006931,               0.006931,                 0.6812,                 0.3764,                0.62377,                0.47117,                0.72331,                0.39745,                0.68088,                0.38017,                0.71615,                0.40513,                      0,                0.71264,                0.68174,                0.65895,                0.73302,                0.55911,                0.68114,                  0.384,                 0.1765,                0.43702,                0.58801,                0.41152,                0.59549,                0.66536,                0.41024,                0.62462,                0.50026,                0.71937,                0.39794,                0.67533,                0.40001,                0.70822,                0.41703,                      0,                0.66882,                0.68003,                0.66082,                0.71819,                0.53882,                 0.6672,                0.41578,                0.18399,                0.44538,                0.57443,                0.41152,                0.66282,              0.0079638,                      0,                0.72808,                0.58439,                0.31392,                 0.4837,                0.26886,                0.73114,                0.73114,                      1
                     33,                 0.7002,                0.46491,                 1.3769,                0.08416,                0.83396,                0.80312,                0.86071,                0.70903,                0.66755,                0.41556,                 1.4552,                0.09078,               0.006832,               0.006832,               0.006832,                0.67818,                0.38731,                0.61296,                0.49848,                0.72068,                0.36821,                0.66421,                0.36709,                0.70873,                0.41168,                      0,                0.70695,                0.67442,                 0.6543,                0.73217,                0.55353,                 0.6772,                0.39404,                0.17479,                0.44101,                0.58185,                0.41208,                0.59735,                0.66596,                0.42766,                0.62327,                0.51768,                0.72716,                0.37145,                0.65654,                0.39057,                0.70245,                0.43521,                      0,                0.66289,                0.67054,                0.65316,                0.71476,                0.53045,                0.66715,                0.43133,                0.18107,                0.44996,                0.56495,                0.41208,                 0.6786,              0.0079412,                      0,                0.72637,                0.58181,                0.31676,                0.48126,                0.27149,                0.72851,                0.72851,                      1
                     34,                  0.697,                0.46114,                 1.3781,                 0.0848,                0.80946,                0.82229,                0.85226,                0.70308,                0.66737,                0.41874,                 1.4503,                0.09103,               0.006733,               0.006733,               0.006733,                0.68049,                0.38003,                0.63713,                0.44693,                0.73623,                0.38436,                0.66872,                0.35673,                0.70687,                0.41197,                      0,                0.70888,                0.67865,                0.65854,                0.73792,                0.55666,                0.68085,                0.38619,                0.17516,                0.43982,                0.58662,                0.41202,                0.60407,                0.66678,                 0.4192,                0.64094,                0.46905,                0.73443,                0.37842,                0.67087,                0.37361,                0.70071,                0.45026,                      0,                0.66477,                0.67569,                0.65904,                0.71958,                0.53312,                 0.6692,                0.42271,                0.18314,                 0.4487,                0.56999,                0.41202,                0.68133,              0.0081577,                      0,                0.73181,                0.58284,                0.31387,                0.48265,                0.26744,                0.73256,                0.73256,                      1
                     35,                0.69845,                0.46021,                 1.3734,                0.08355,                0.81538,                0.82837,                0.85939,                0.70965,                0.66561,                0.41306,                 1.4592,                0.09102,               0.006634,               0.006634,               0.006634,                0.68026,                0.38758,                0.63646,                0.47456,                0.72628,                 0.4183,                0.66765,                0.38682,                0.68879,                 0.3765,                      0,                0.70589,                0.67377,                0.65527,                0.72782,                0.54981,                0.67974,                0.39343,                0.17665,                 0.4407,                0.57417,                 0.4133,                0.60952,                0.66749,                0.42015,                0.63141,                0.49743,                0.72842,                0.41184,                0.65583,                0.40592,                0.68304,                0.40592,                      0,                0.66255,                0.67208,                0.65791,                 0.7107,                0.52575,                0.66819,                0.42449,                0.18534,                0.44833,                0.55209,                 0.4133,                0.68335,               0.008097,                      0,                0.72211,                0.58151,                0.31597,                 0.4826,                0.27132,                0.72868,                0.72868,                      1
                     36,                0.69873,                0.45608,                 1.3733,                0.08365,                0.82091,                0.82503,                0.85984,                0.70998,                0.66608,                0.41462,                 1.4515,                0.09104,               0.006535,               0.006535,               0.006535,                0.67835,                0.39421,                0.60842,                0.45877,                0.74121,                0.37775,                 0.6824,                 0.4173,                0.70084,                0.43393,                      0,                0.70208,                0.67351,                0.65546,                0.73032,                 0.5467,                0.67799,                0.39969,                0.17629,                 0.4435,                 0.5681,                0.41522,                0.61496,                0.66642,                 0.4351,                0.61304,                0.48406,                0.73766,                0.37914,                0.67797,                0.42974,                0.69103,                0.45038,                      0,                0.65888,                0.66986,                0.65577,                0.71232,                0.51926,                0.66753,                0.43796,                0.18384,                0.45179,                0.54592,                0.41522,                0.69015,              0.0085155,                      0,                0.72432,                0.57927,                0.31241,                0.48306,                 0.2765,                 0.7235,                 0.7235,                      1
                     37,                0.69279,                0.45601,                  1.376,                0.08422,                0.81816,                0.83525,                0.86341,                0.71194,                0.66483,                0.41198,                 1.4543,                0.09085,               0.006436,               0.006436,               0.006436,                0.68221,                 0.3916,                0.63621,                0.45222,                0.73668,                0.39291,                0.67823,                0.37496,                0.70437,                0.39447,                      0,                0.70944,                0.67531,                0.65394,                0.73483,                0.55307,                0.68257,                0.39612,                0.17529,                0.43942,                 0.5761,                0.41099,                0.60941,                0.66936,                0.43039,                0.64359,                0.48175,                0.74188,                0.39502,                0.67902,                0.39468,                0.70799,                0.41098,                      0,                 0.6671,                0.67202,                0.65502,                0.71549,                0.52703,                0.67246,                0.43272,                0.18383,                0.44992,                0.55449,                0.41099,                0.68707,              0.0080559,                      0,                0.72838,                0.58454,                0.31817,                0.48243,                0.26862,                0.73138,                0.73138,                      1
                     38,                0.68912,                0.45258,                 1.3789,                0.08447,                0.82863,                0.81546,                0.85852,                0.70954,                0.66417,                0.41143,                 1.4593,                0.09053,               0.006337,               0.006337,               0.006337,                0.67962,                0.37334,                0.61427,                0.46589,                 0.7158,                0.36137,                0.67428,                0.37636,                0.69643,                0.40293,                      0,                0.70761,                 0.6786,                0.65981,                 0.7354,                 0.5579,                0.67802,                0.37912,                0.17607,                0.44093,                0.58533,                0.41328,                0.59871,                0.66474,                0.41433,                0.61229,                0.49221,                0.72111,                0.36257,                0.67684,                0.40749,                0.68755,                0.42343,                      0,                0.66058,                0.67701,                0.66249,                0.71587,                0.53203,                0.66522,                0.41782,                0.18498,                 0.4491,                0.56672,                0.41328,                0.67764,               0.008493,                      0,                0.72889,                0.58175,                0.31341,                0.48327,                 0.2717,                 0.7283,                 0.7283,                      1
                     39,                0.69117,                0.45308,                 1.3782,                0.08465,                0.83198,                0.82064,                0.86444,                 0.7139,                0.66306,                0.41057,                 1.4583,                0.09064,               0.006238,               0.006238,               0.006238,                0.68057,                0.37734,                0.61978,                0.45466,                0.73783,                 0.3778,                0.67693,                0.37305,                0.70002,                0.38591,                      0,                0.70853,                0.67986,                0.65902,                0.73722,                0.55537,                0.68028,                0.38354,                0.17799,                0.43992,                 0.5795,                0.41216,                0.60445,                0.67134,                0.42321,                0.62374,                0.47395,                0.73344,                0.36944,                0.68651,                0.38234,                0.70453,                 0.4288,                      0,                0.67143,                0.67661,                0.65861,                0.72136,                0.52975,                0.67292,                0.42621,                0.18419,                0.44603,                0.55892,                0.41216,                0.67689,              0.0083485,                      0,                0.73194,                0.58372,                0.31466,                0.48334,                0.27146,                0.72854,                0.72854,                      1
                     40,                0.69113,                0.45372,                 1.3764,                0.08407,                0.82463,                0.82465,                0.86067,                0.71199,                0.66318,                0.41059,                 1.4562,                0.09041,               0.006139,               0.006139,               0.006139,                0.67823,                0.38614,                0.63121,                0.47395,                0.73172,                0.38577,                0.67284,                0.40014,                 0.7019,                0.41682,                      0,                0.70415,                0.67557,                0.65484,                0.73208,                0.55245,                0.67854,                0.39447,                0.17572,                0.43923,                0.58146,                0.40986,                0.60729,                0.66275,                0.42576,                0.63675,                0.49167,                0.74441,                0.38285,                0.67478,                0.42692,                  0.695,                0.44289,                      0,                0.65875,                 0.6731,                0.65632,                0.71204,                0.53091,                0.66607,                 0.4309,                0.18322,                0.44818,                 0.5661,                0.40986,                0.68643,              0.0082518,                      0,                 0.7254,                0.58742,                0.31765,                0.48473,                0.26443,                0.73557,                0.73557,                      1
                     41,                 0.6868,                0.44671,                 1.3723,                0.08304,                0.82802,                 0.8251,                0.86145,                0.71231,                0.66327,                0.40961,                 1.4542,                0.09067,                0.00604,                0.00604,                0.00604,                0.68604,                0.37589,                0.61877,                0.46742,                0.72936,                0.39541,                0.69412,                0.38329,                0.70279,                0.44002,                      0,                0.71802,                 0.6817,                0.65917,                0.72232,                0.55394,                 0.6851,                0.38328,                0.17857,                0.43394,                0.58107,                0.41184,                0.59428,                0.67179,                0.41982,                0.62972,                0.47979,                0.74092,                0.38742,                0.69644,                 0.4059,                 0.6973,                0.46635,                      0,                0.67316,                0.67563,                0.65888,                0.70201,                0.52671,                0.67376,                0.42404,                0.18499,                0.44493,                0.55983,                0.41184,                0.67543,               0.008358,                      0,                0.71555,                0.58246,                0.31521,                0.48126,                0.26603,                0.73397,                0.73397,                      1
                     42,                0.68769,                 0.4468,                 1.3721,                0.08346,                0.82732,                0.82772,                0.86224,                0.71362,                0.66138,                0.40755,                 1.4547,                0.09064,               0.005941,               0.005941,               0.005941,                0.68009,                0.38042,                0.62149,                0.45774,                0.74429,                 0.3938,                0.66831,                0.40803,                0.70284,                0.39289,                      0,                0.70828,                0.67734,                0.65821,                0.72724,                0.55181,                0.67998,                 0.3867,                0.17729,                0.43907,                0.57882,                0.41187,                0.60301,                0.66574,                0.42114,                0.62618,                 0.4917,                0.74506,                0.40071,                0.67378,                0.43825,                 0.7075,                 0.4315,                      0,                0.66378,                0.67475,                0.65913,                0.70446,                0.52836,                0.66838,                0.42625,                 0.1849,                0.45059,                  0.566,                0.41187,                0.68091,              0.0080392,                      0,                0.71965,                0.58544,                 0.3152,                0.48478,                0.26885,                0.73115,                0.73115,                      1
                     43,                0.68233,                 0.4447,                 1.3751,                0.08288,                0.84267,                0.81034,                0.86137,                0.71307,                0.66043,                0.40647,                  1.455,                0.09071,               0.005842,               0.005842,               0.005842,                0.67621,                0.38126,                0.62299,                0.48025,                0.73667,                0.39175,                0.67809,                0.41278,                0.70928,                0.44164,                      0,                0.70579,                 0.6783,                0.65832,                0.72181,                0.55084,                0.67695,                0.38996,                 0.1779,                0.43914,                 0.5804,                0.41344,                 0.6008,                0.66398,                0.42331,                0.62679,                0.50056,                0.74798,                 0.3825,                0.68005,                0.43117,                0.71121,                0.46979,                      0,                0.66122,                0.67593,                0.66084,                0.69954,                0.52339,                0.66731,                 0.4293,                0.18688,                0.45084,                0.55603,                0.41344,                 0.6834,              0.0084614,                      0,                0.71438,                0.58142,                 0.3139,                0.48265,                0.27471,                0.72529,                0.72529,                      1
                     44,                0.68537,                0.44431,                 1.3679,                0.08418,                0.82711,                0.83257,                0.86388,                0.71534,                   0.66,                0.40626,                 1.4499,                0.09055,               0.005743,               0.005743,               0.005743,                0.67276,                0.38117,                0.63059,                0.47173,                 0.7304,                0.36176,                0.68037,                0.36978,                0.70181,                0.43649,                      0,                0.69819,                0.67819,                0.65813,                0.73287,                0.55429,                0.67399,                0.38852,                0.17798,                0.44236,                0.59142,                0.41158,                0.60785,                0.66623,                0.42224,                0.63372,                0.49916,                0.73519,                0.35974,                0.67675,                0.40084,                0.69297,                0.47808,                      0,                0.66764,                0.67452,                0.65715,                0.70965,                0.52927,                0.66844,                0.42654,                0.18404,                0.44661,                0.56726,                0.41158,                 0.6706,              0.0080016,                      0,                0.72513,                0.58405,                0.31746,                0.48302,                0.26785,                0.73215,                0.73215,                      1
                     45,                0.68413,                0.44216,                 1.3705,                0.08339,                0.81909,                0.83985,                0.86332,                0.71471,                0.66036,                 0.4059,                 1.4502,                0.09073,               0.005644,               0.005644,               0.005644,                0.67994,                0.38459,                0.63448,                 0.4914,                0.73819,                0.38528,                0.66981,                0.39453,                 0.7131,                0.41953,                      0,                0.71257,                0.67818,                0.65638,                0.72643,                 0.5499,                0.68062,                0.39293,                0.17717,                0.43398,                0.57772,                0.41241,                0.59404,                0.66983,                0.42388,                0.64216,                0.52312,                0.74071,                0.39111,                0.67243,                0.41807,                0.70567,                0.44546,                      0,                0.67558,                0.67236,                0.65489,                0.70566,                0.52312,                0.67237,                0.43025,                0.18346,                 0.4418,                0.56016,                0.41241,                0.66367,              0.0078587,                      0,                 0.7195,                0.57972,                0.31417,                0.48003,                 0.2696,                 0.7304,                 0.7304,                      1
                     46,                0.68287,                0.44382,                 1.3708,                0.08397,                0.83246,                0.82818,                  0.866,                0.71758,                0.66022,                 0.4052,                 1.4518,                0.09087,               0.005545,               0.005545,               0.005545,                0.68305,                0.39165,                0.63738,                0.46914,                0.75038,                0.38244,                0.66114,                0.36894,                0.69852,                0.41781,                      0,                0.70944,                0.67584,                0.65588,                0.73228,                0.54617,                0.68309,                0.39693,                0.17741,                0.43723,                0.57558,                0.40972,                0.60987,                0.67375,                0.42621,                0.64481,                0.49409,                0.73955,                0.38599,                0.66667,                0.39915,                0.69915,                0.44421,                      0,                0.67577,                0.67544,                0.65789,                0.71202,                0.52467,                0.67541,                0.43074,                0.18505,                0.44423,                0.56085,                0.40972,                0.67442,              0.0082407,                      0,                0.72553,                0.58536,                0.31761,                0.48212,                 0.2646,                 0.7354,                 0.7354,                      1
                     47,                 0.6845,                0.44039,                 1.3715,                 0.0836,                0.83723,                0.83008,                0.86649,                0.71846,                0.66012,                0.40421,                 1.4528,                0.09087,               0.005446,               0.005446,               0.005446,                0.68394,                0.38731,                0.62848,                0.46211,                0.74734,                0.36187,                0.67804,                0.36278,                 0.7042,                0.42545,                      0,                0.71414,                0.67676,                0.65664,                0.72974,                0.54761,                0.68432,                0.39351,                0.17796,                0.43564,                0.57524,                0.41094,                0.60287,                0.67622,                0.43067,                0.64419,                0.48503,                0.74926,                0.35883,                0.67389,                0.38603,                0.70484,                 0.4639,                      0,                0.67974,                0.67357,                0.65654,                0.70709,                 0.5196,                0.67863,                 0.4337,                0.18522,                0.44156,                0.55713,                0.41094,                0.67559,              0.0082544,                      0,                0.72219,                0.58102,                0.31865,                0.47974,                0.26805,                0.73195,                0.73195,                      1
                     48,                0.67942,                0.43964,                 1.3714,                0.08344,                0.83399,                0.83358,                0.86393,                0.71638,                0.65932,                0.40453,                 1.4534,                0.09069,               0.005347,               0.005347,               0.005347,                0.68046,                0.38571,                0.63307,                 0.4731,                 0.7244,                 0.3572,                0.67466,                0.42389,                0.71023,                0.42286,                      0,                0.70562,                0.67623,                0.65853,                0.72661,                0.54561,                0.68082,                  0.394,                0.17711,                0.44137,                0.58024,                0.41295,                0.61416,                0.67115,                0.42774,                0.63938,                 0.4924,                0.72997,                0.36926,                0.68486,                0.45249,                 0.7113,                0.44129,                      0,                  0.672,                0.67427,                 0.6587,                0.70622,                0.52027,                0.67384,                0.43273,                0.18402,                0.44658,                0.55889,                0.41295,                0.67876,              0.0081865,                      0,                0.71981,                0.58606,                0.31309,                  0.487,                0.27117,                0.72883,                0.72883,                      1
                     49,                0.67878,                0.43616,                 1.3645,                0.08419,                 0.8333,                0.82614,                0.86302,                0.71545,                0.65926,                0.40453,                 1.4532,                0.09065,               0.005248,               0.005248,               0.005248,                0.68405,                0.38582,                0.60762,                0.45873,                0.72696,                 0.3577,                0.66461,                 0.3742,                 0.7093,                0.40837,                      0,                0.71152,                0.67719,                0.65613,                0.73288,                0.55226,                0.68211,                0.38981,                0.17781,                0.43647,                0.57713,                0.41161,                0.60249,                0.66957,                0.42371,                0.60995,                0.46947,                 0.7263,                0.36034,                0.67341,                0.38893,                 0.7125,                0.42626,                      0,                0.66901,                0.67274,                0.65678,                0.71681,                 0.5276,                0.67026,                0.42519,                0.18475,                0.44494,                0.56167,                0.41161,                0.67364,              0.0075685,                      0,                0.72752,                0.58215,                0.31803,                0.48126,                0.26974,                0.73026,                0.73026,                      1
                     50,                 0.6761,                 0.4329,                   1.37,                0.08293,                0.82859,                0.82771,                0.86064,                0.71364,                0.65949,                0.40521,                 1.4546,                0.09072,               0.005149,               0.005149,               0.005149,                0.67863,                0.37963,                0.62555,                0.48589,                0.73075,                 0.3986,                0.67349,                0.38748,                0.72633,                0.43217,                      0,                0.70513,                0.68058,                0.66061,                0.71986,                0.54719,                0.67969,                0.38915,                0.17847,                0.43927,                0.58434,                0.41274,                0.61138,                0.66929,                0.42288,                0.63078,                0.50392,                0.73339,                0.41153,                0.68154,                0.40846,                0.71818,                0.44726,                      0,                0.66924,                0.67642,                0.65988,                0.70134,                0.52216,                0.67202,                0.42924,                0.18453,                  0.448,                0.56597,                0.41274,                 0.6795,              0.0080046,                      0,                0.71369,                0.58418,                 0.3128,                0.48509,                0.27145,                0.72855,                0.72855,                      1
                     51,                0.67663,                0.43128,                 1.3635,                0.08343,                0.82992,                0.82439,                0.86073,                0.71422,                0.65983,                0.40482,                  1.454,                0.09074,                0.00505,                0.00505,                0.00505,                0.68257,                0.37296,                0.63007,                0.48555,                0.75655,                0.39539,                0.66735,                0.37554,                0.71996,                0.43323,                      0,                0.71517,                0.68055,                0.65918,                0.72668,                0.55279,                0.68388,                0.38273,                0.17921,                0.43388,                0.57903,                0.41012,                0.59754,                0.67013,                0.41621,                0.62831,                0.50539,                  0.755,                0.39169,                0.66023,                0.39522,                0.71761,                 0.4583,                      0,                0.67454,                0.67653,                0.65992,                0.70592,                0.52606,                0.67299,                 0.4214,                0.18601,                0.44127,                0.56069,                0.41012,                0.66871,              0.0080342,                      0,                0.71976,                0.58263,                0.31591,                0.47968,                0.26602,                0.73398,                0.73398,                      1
                     52,                0.67183,                0.42876,                 1.3731,                0.08365,                0.83505,                0.82297,                0.86156,                0.71492,                0.65968,                0.40422,                 1.4534,                0.09069,               0.004951,               0.004951,               0.004951,                0.67612,                0.37381,                0.61622,                0.46606,                0.72705,                0.41239,                0.67586,                0.37834,                0.70588,                0.42412,                      0,                0.70248,                0.67847,                0.65931,                0.72824,                0.55282,                0.67586,                0.38195,                0.17762,                0.44138,                0.58652,                0.41231,                0.60421,                0.66791,                0.42051,                0.62544,                0.48912,                0.73346,                0.41416,                0.69185,                0.39977,                 0.7062,                0.44803,                      0,                0.66883,                0.67448,                 0.6575,                0.70512,                0.52661,                0.67012,                0.42557,                0.18351,                0.44845,                0.56581,                0.41231,                0.67359,              0.0078393,                      0,                0.72053,                0.58356,                0.31349,                0.48343,                0.27087,                0.72913,                0.72913,                      1
                     53,                 0.6701,                0.42653,                 1.3662,                0.08317,                0.83308,                0.82303,                0.86118,                0.71489,                0.65936,                0.40367,                 1.4536,                0.09063,               0.004852,               0.004852,               0.004852,                0.67978,                0.38286,                0.62284,                0.48159,                0.73907,                0.39267,                0.67377,                0.37501,                0.70576,                 0.4245,                      0,                  0.709,                0.67673,                0.65837,                0.72578,                0.54718,                0.68024,                0.39022,                0.17646,                0.43783,                0.58001,                 0.4119,                0.60143,                0.67015,                0.42502,                0.62923,                0.50788,                0.73821,                0.38699,                 0.6822,                0.41867,                0.70813,                0.45947,                      0,                0.67268,                0.67418,                0.65893,                0.69908,                0.52001,                0.67269,                0.42959,                0.18441,                0.44471,                0.56182,                 0.4119,                0.67273,              0.0080972,                      0,                0.71688,                0.58515,                0.31468,                0.48529,                0.26742,                0.73258,                0.73258,                      1
                     54,                0.66665,                0.42674,                 1.3717,                0.08385,                0.83345,                0.82424,                0.86198,                0.71592,                0.65916,                 0.4032,                  1.453,                0.09059,               0.004753,               0.004753,               0.004753,                0.68544,                0.39166,                0.61297,                0.46064,                0.74314,                0.37074,                 0.6829,                 0.4113,                0.69182,                0.39686,                      0,                0.71496,                0.67715,                0.65532,                0.73225,                0.54636,                 0.6842,                0.39469,                0.17778,                0.43358,                0.57291,                0.41041,                0.59953,                0.67337,                0.42918,                0.62595,                0.48284,                0.74274,                0.37443,                0.69751,                0.41802,                0.68758,                0.42163,                      0,                0.67567,                0.67519,                0.65753,                0.70911,                0.52124,                0.67483,                 0.4304,                0.18565,                 0.4417,                0.56316,                0.41041,                0.67252,               0.008048,                      0,                0.72453,                0.58605,                0.31481,                0.48323,                0.26647,                0.73353,                0.73353,                      1
                     55,                0.67184,                0.42677,                 1.3676,                0.08343,                0.83117,                 0.8276,                0.86121,                0.71556,                0.65891,                0.40319,                 1.4547,                0.09057,               0.004654,               0.004654,               0.004654,                0.68296,                0.37998,                 0.6234,                0.48919,                0.74563,                0.36869,                0.66427,                0.40693,                 0.7047,                0.42129,                      0,                0.71086,                0.68001,                0.66111,                0.72687,                0.54747,                0.68286,                0.38825,                0.17918,                0.43712,                0.57755,                0.41189,                0.60629,                0.67003,                0.42492,                0.63414,                0.50541,                0.74348,                0.38353,                0.67506,                0.42475,                0.70515,                0.43922,                      0,                0.67215,                0.67447,                0.65984,                0.70648,                0.52175,                0.67277,                0.42964,                0.18475,                0.44517,                0.55855,                0.41189,                0.67448,               0.008071,                      0,                0.72007,                0.58596,                 0.3159,                  0.486,                0.26781,                0.73219,                0.73219,                      1
                     56,                0.66389,                0.42246,                 1.3676,                0.08363,                0.83164,                0.82868,                0.86149,                0.71573,                 0.6586,                0.40264,                 1.4561,                 0.0906,               0.004555,               0.004555,               0.004555,                0.68885,                0.39181,                0.62537,                0.47635,                0.73325,                0.39249,                0.67672,                0.39425,                0.70598,                0.41882,                      0,                0.72082,                0.67548,                 0.6534,                0.73087,                0.54696,                0.68769,                0.39747,                0.17602,                0.43187,                0.57273,                0.41029,                 0.5962,                0.67913,                0.43401,                0.63298,                0.50031,                 0.7416,                 0.3888,                0.68928,                0.43175,                0.70567,                0.44721,                      0,                0.68372,                0.67084,                0.65247,                0.70731,                0.51886,                0.68056,                0.43737,                0.18309,                0.43823,                0.55333,                0.41029,                0.67181,              0.0077401,                      0,                0.72302,                 0.5877,                0.31877,                0.48535,                0.26589,                0.73411,                0.73411,                      1
                     57,                0.66525,                 0.4223,                 1.3648,                0.08329,                0.83369,                0.83112,                0.86187,                0.71671,                0.65852,                0.40209,                 1.4565,                0.09055,               0.004456,               0.004456,               0.004456,                 0.6826,                0.38317,                0.63708,                0.45538,                0.72112,                0.39134,                0.68464,                0.40282,                0.70408,                0.42145,                      0,                0.71103,                0.67866,                0.66002,                 0.7275,                0.54672,                0.68254,                 0.3898,                0.17858,                0.43662,                0.56724,                0.41392,                0.60541,                0.66869,                0.42162,                0.64302,                0.47765,                0.72188,                0.38151,                 0.6787,                0.43006,                0.69619,                 0.4487,                      0,                 0.6688,                0.67371,                0.65965,                0.70602,                0.52208,                0.67059,                0.42584,                0.18501,                0.44486,                0.55437,                0.41392,                0.67544,              0.0079931,                      0,                0.72034,                0.58264,                 0.3135,                0.48492,                0.26971,                0.73029,                0.73029,                      1
                     58,                0.66495,                0.41913,                 1.3589,                0.08275,                0.83555,                0.82996,                0.86237,                0.71702,                0.65814,                0.40202,                 1.4569,                0.09051,               0.004357,               0.004357,               0.004357,                0.68556,                0.38705,                0.61398,                 0.4764,                0.74378,                0.41227,                0.67814,                0.39834,                0.72439,                0.41737,                      0,                0.71501,                0.67976,                0.65887,                0.72112,                0.54497,                0.68565,                0.39351,                0.17745,                0.43417,                 0.5729,                0.41047,                0.60367,                 0.6775,                0.42834,                0.63491,                0.50421,                0.74594,                0.41528,                0.68632,                0.42678,                0.73314,                0.44554,                      0,                0.68288,                0.67573,                0.65784,                0.69954,                0.51989,                 0.6805,                0.43309,                0.18362,                0.43996,                0.55777,                0.41047,                0.67387,              0.0080251,                      0,                0.71393,                0.58767,                0.31373,                0.48561,                0.26365,                0.73635,                0.73635,                      1
                     59,                0.66738,                0.42011,                 1.3665,                0.08325,                0.84006,                0.82573,                0.86224,                 0.7169,                0.65787,                0.40158,                 1.4573,                 0.0905,               0.004258,               0.004258,               0.004258,                0.67987,                0.37862,                0.62289,                0.44621,                0.73068,                0.40698,                0.65934,                0.39144,                0.69347,                0.44064,                      0,                0.70246,                0.67975,                0.66136,                0.72508,                0.54805,                0.67869,                0.38695,                0.17982,                0.44039,                0.58265,                 0.4131,                0.61512,                0.67573,                 0.4309,                0.63316,                 0.4666,                0.73485,                0.40668,                0.65833,                0.39865,                 0.6904,                 0.4635,                      0,                0.67447,                0.67271,                0.65622,                0.70368,                0.52035,                0.67575,                0.43469,                0.18354,                0.44499,                0.55254,                 0.4131,                0.67917,              0.0082391,                      0,                0.71795,                 0.5788,                0.31479,                0.47954,                0.27216,                0.72784,                0.72784,                      1
                     60,                0.65874,                0.41593,                 1.3551,                0.08295,                0.84045,                 0.8272,                0.86266,                0.71733,                0.65787,                0.40149,                 1.4571,                0.09052,               0.004159,               0.004159,               0.004159,                 0.6875,                0.38517,                0.64127,                0.47924,                0.73824,                0.36364,                0.69616,                0.39763,                0.70955,                0.41081,                      0,                0.72162,                0.68063,                0.65842,                0.72272,                 0.5447,                0.68789,                 0.3926,                0.17974,                0.43066,                0.57235,                0.41206,                0.59759,                0.67316,                0.43125,                0.64142,                0.49273,                 0.7396,                0.35066,                0.70222,                0.41322,                0.70199,                0.44497,                      0,                0.67577,                0.67387,                0.65607,                0.70336,                0.51827,                0.67562,                0.43496,                0.18432,                0.44225,                0.55394,                0.41206,                0.67521,              0.0081076,                      0,                0.71626,                0.58194,                0.31442,                0.48119,                0.27199,                0.72801,                0.72801,                      1
                     61,                0.66278,                0.41644,                 1.3598,                0.08254,                0.83828,                0.82603,                0.86234,                0.71694,                0.65759,                0.40134,                 1.4575,                0.09049,                0.00406,                0.00406,                0.00406,                0.68379,                0.38336,                0.61754,                 0.4698,                0.74101,                0.37177,                0.68531,                0.41946,                0.69654,                0.45349,                      0,                0.71183,                0.67949,                0.65905,                0.72078,                0.54667,                 0.6832,                0.39011,                0.17914,                0.43519,                0.57399,                0.41307,                0.60556,                0.67223,                0.42232,                 0.6346,                0.48758,                 0.7456,                0.37587,                0.68831,                0.44643,                0.70318,                0.48892,                      0,                0.67716,                0.67654,                0.65885,                0.69437,                0.52224,                0.67469,                0.42788,                0.18543,                0.44089,                 0.5533,                0.41307,                0.66801,              0.0078654,                      0,                0.71198,                0.58173,                0.31413,                0.48241,                0.26936,                0.73064,                0.73064,                      1
                     62,                0.66043,                0.41589,                 1.3619,                0.08351,                0.83397,                0.82894,                0.86245,                0.71714,                0.65746,                0.40145,                 1.4576,                0.09049,               0.003961,               0.003961,               0.003961,                0.68671,                0.39054,                0.62523,                0.48354,                0.73149,                0.34502,                0.66951,                0.38676,                0.70136,                0.40693,                      0,                0.71452,                0.67926,                0.65777,                0.72884,                0.54434,                0.68505,                0.39629,                 0.1797,                0.43366,                0.57467,                0.41245,                0.60609,                0.67901,                0.43323,                0.63257,                0.50194,                0.73234,                 0.3546,                0.67595,                0.41243,                0.70147,                0.44268,                      0,                0.68194,                0.67611,                0.65757,                0.70605,                0.51721,                0.67917,                0.43632,                0.18619,                0.43866,                0.55799,                0.41245,                0.67174,              0.0081136,                      0,                0.72125,                0.58422,                0.31564,                0.48421,                0.27182,                0.72818,                0.72818,                      1
                     63,                0.65968,                0.41393,                 1.3636,                0.08294,                0.83048,                0.83262,                0.86243,                0.71696,                0.65744,                0.40148,                 1.4579,                0.09048,               0.003862,               0.003862,               0.003862,                0.67911,                  0.388,                0.59929,                0.47744,                0.72903,                0.39624,                0.68035,                0.42669,                0.70353,                0.42223,                      0,                0.70247,                0.67804,                0.65768,                0.72173,                0.54612,                 0.6778,                0.39584,                0.17892,                0.43764,                0.57716,                0.40987,                0.60915,                0.67009,                0.42747,                0.60992,                0.49707,                0.73558,                0.41185,                  0.683,                0.42502,                0.70465,                 0.4524,                      0,                0.66859,                0.67464,                0.65679,                0.70148,                0.52371,                0.67108,                0.43205,                0.18519,                0.44344,                 0.5622,                0.40987,                  0.678,              0.0076145,                      0,                0.71498,                0.58494,                0.31756,                0.48197,                0.26437,                0.73563,                0.73563,                      1
                     64,                0.66063,                0.41513,                 1.3626,                0.08319,                0.83487,                0.82783,                0.86251,                0.71704,                0.65711,                0.40133,                 1.4583,                0.09045,               0.003763,               0.003763,               0.003763,                0.68115,                0.38633,                0.61721,                0.46945,                0.75455,                0.38954,                0.67356,                0.40003,                0.68318,                 0.4042,                      0,                0.70344,                0.67662,                0.65899,                0.72533,                0.54479,                0.68032,                 0.3923,                0.17742,                0.44014,                0.57756,                0.40959,                 0.6159,                0.67495,                0.43009,                0.63508,                0.49808,                0.75285,                0.39691,                0.67626,                0.41872,                0.68243,                0.44348,                      0,                0.67665,                0.67476,                0.65822,                0.70256,                0.52009,                0.67608,                0.43349,                0.18394,                0.44166,                0.55775,                0.40959,                0.67451,              0.0079649,                      0,                0.71774,                0.58672,                 0.3156,                0.48391,                0.26414,                0.73586,                0.73586,                      1
                     65,                 0.6567,                0.40919,                 1.3618,                0.08329,                0.83226,                0.82838,                0.86221,                 0.7169,                 0.6569,                0.40128,                 1.4588,                0.09044,               0.003664,               0.003664,               0.003664,                 0.6803,                0.38592,                0.63985,                0.47253,                0.75047,                 0.4078,                0.67703,                0.40805,                0.68941,                0.41867,                      0,                0.70886,                0.68137,                0.65875,                0.72755,                0.54952,                0.68136,                0.39386,                0.17809,                0.43616,                0.57145,                0.41063,                0.60595,                0.67392,                0.42889,                0.64576,                 0.5028,                0.74426,                0.40739,                0.69119,                0.43077,                0.69701,                0.44629,                      0,                0.67878,                0.67734,                 0.6574,                0.70543,                0.52249,                0.67661,                0.43419,                0.18461,                0.43986,                0.54815,                0.41063,                0.67067,              0.0079465,                      0,                0.72017,                0.58161,                0.31629,                0.47945,                0.26726,                0.73274,                0.73274,                      1
                     66,                  0.654,                0.40918,                 1.3609,                0.08301,                0.83201,                0.82878,                0.86225,                0.71706,                0.65682,                0.40116,                 1.4594,                 0.0904,               0.003565,               0.003565,               0.003565,                0.68159,                0.38488,                0.63416,                0.50641,                0.74919,                0.39219,                0.67301,                0.36615,                 0.7228,                0.42071,                      0,                0.70899,                0.67864,                0.65825,                0.72452,                0.54601,                  0.683,                0.39407,                0.17813,                0.43703,                 0.5772,                0.41116,                0.61175,                0.67274,                0.43074,                0.64421,                0.52994,                0.75411,                0.39177,                0.68419,                  0.389,                0.72013,                0.43969,                      0,                0.67438,                0.67172,                0.65587,                0.69852,                0.51739,                0.67642,                0.43652,                0.18343,                0.44499,                 0.5599,                0.41116,                0.68202,               0.007929,                      0,                0.71585,                0.58363,                0.31604,                0.48204,                0.26724,                0.73276,                0.73276,                      1
                     67,                0.65463,                0.40649,                 1.3582,                0.08351,                0.83087,                0.83047,                0.86239,                0.71732,                0.65654,                0.40076,                 1.4604,                0.09038,               0.003466,               0.003466,               0.003466,                0.68064,                0.39558,                0.60626,                0.47811,                0.75611,                0.38005,                0.66414,                0.37082,                0.70503,                0.42088,                      0,                0.70325,                0.67343,                0.65451,                0.72851,                 0.5414,                0.68035,                0.40166,                0.17843,                0.44082,                0.57498,                0.41054,                0.61795,                0.67348,                0.43362,                0.61501,                0.50015,                0.75086,                0.38551,                0.65905,                0.39241,                0.70601,                0.44172,                      0,                0.67112,                0.67035,                 0.6548,                0.70744,                0.51509,                0.67441,                0.43683,                0.18575,                0.44563,                0.55408,                0.41054,                0.68335,              0.0080259,                      0,                0.72149,                0.58249,                 0.3167,                0.47922,                0.26844,                0.73156,                0.73156,                      1
                     68,                 0.6518,                0.40181,                 1.3607,                0.08248,                0.83181,                0.82907,                0.86243,                0.71771,                 0.6563,                0.40076,                 1.4611,                0.09036,               0.003367,               0.003367,               0.003367,                0.68355,                 0.3849,                0.62664,                 0.4674,                0.73921,                0.38878,                 0.6834,                0.43901,                0.70465,                0.39967,                      0,                0.70829,                0.67934,                0.66085,                0.71773,                0.53904,                0.68338,                0.39204,                0.18157,                0.43779,                0.57586,                 0.4119,                0.61578,                0.67552,                0.42937,                0.64029,                0.48982,                0.74866,                0.38868,                0.69407,                0.44715,                0.70892,                0.44045,                      0,                0.67737,                 0.6758,                 0.6601,                0.69687,                  0.513,                0.67808,                0.43389,                0.18804,                0.44357,                0.55891,                 0.4119,                0.68002,              0.0081831,                      0,                0.71078,                0.58515,                0.31703,                0.48456,                0.26925,                0.73075,                0.73075,                      1
                     69,                0.64957,                 0.4031,                 1.3593,                0.08301,                0.83133,                0.82804,                0.86236,                0.71738,                0.65617,                0.40103,                 1.4612,                0.09035,               0.003268,               0.003268,               0.003268,                0.68251,                0.38246,                 0.6265,                0.46012,                0.74359,                0.38965,                 0.6642,                0.39393,                0.70009,                 0.4171,                      0,                0.70792,                 0.6771,                0.65911,                0.72387,                 0.5449,                0.68227,                0.38858,                 0.1783,                 0.4382,                0.57959,                0.41241,                0.61325,                0.67477,                0.42332,                0.64153,                0.48616,                0.73886,                0.38897,                0.67438,                 0.4047,                0.69908,                0.44195,                      0,                0.67529,                0.67556,                 0.6606,                0.69928,                0.51738,                0.67652,                0.42693,                0.18699,                0.44278,                0.55773,                0.41241,                0.67981,              0.0080798,                      0,                0.71567,                0.58145,                0.31426,                0.48176,                0.27094,                0.72906,                0.72906,                      1
                     70,                0.64893,                0.40316,                  1.345,                0.08219,                0.83029,                0.82741,                 0.8627,                0.71759,                0.65612,                0.40088,                 1.4612,                0.09035,               0.003169,               0.003169,               0.003169,                0.68179,                0.38954,                 0.6299,                0.45479,                0.75139,                0.41372,                0.67536,                0.40455,                0.72318,                0.39666,                      0,                0.70624,                0.67676,                0.65939,                0.71615,                 0.5363,                 0.6831,                0.39706,                0.18108,                0.43796,                0.56902,                0.41119,                0.61941,                0.67262,                0.42819,                 0.6326,                0.47677,                0.75663,                0.41763,                  0.668,                0.42554,                0.71338,                0.41671,                      0,                0.67462,                0.67397,                0.65921,                0.69615,                0.51301,                0.67513,                0.43238,                0.18793,                0.44154,                0.54795,                0.41119,                0.67652,              0.0078335,                      0,                0.70949,                0.58203,                0.31605,                0.48092,                0.26655,                0.73345,                0.73345,                      1
                     71,                0.64643,                0.39904,                 1.3519,                0.08296,                0.83114,                 0.8281,                 0.8627,                0.71765,                0.65593,                0.40084,                 1.4613,                0.09034,                0.00307,                0.00307,                0.00307,                0.68439,                0.38749,                0.63299,                0.48707,                0.74526,                0.37942,                 0.6775,                0.38372,                0.69795,                0.40877,                      0,                0.71399,                0.67807,                0.65877,                0.72478,                0.54207,                0.68432,                0.39465,                0.17761,                0.43432,                0.57136,                0.41363,                0.60443,                  0.675,                0.42698,                0.64148,                 0.5103,                0.75066,                0.38269,                0.68152,                0.40407,                0.69301,                0.44815,                      0,                0.68124,                0.67666,                0.65947,                0.70022,                0.51733,                0.67696,                0.43123,                0.18487,                0.43769,                0.55248,                0.41363,                0.66545,              0.0080835,                      0,                0.71659,                0.58362,                 0.3116,                0.48557,                0.27086,                0.72914,                0.72914,                      1
                     72,                0.64613,                0.39672,                 1.3537,                0.08212,                0.83061,                0.82808,                 0.8628,                0.71778,                0.65581,                0.40054,                 1.4616,                0.09034,               0.002971,               0.002971,               0.002971,                0.68573,                0.39492,                0.62832,                0.48299,                0.73058,                0.40378,                0.68985,                0.43471,                 0.7217,                0.41257,                      0,                0.71312,                0.67395,                 0.6555,                0.71758,                0.53654,                0.68566,                0.40367,                0.17838,                0.43606,                0.56776,                0.41209,                0.61119,                0.67663,                0.43611,                0.64277,                0.49787,                0.73503,                0.40037,                0.70747,                0.46203,                0.72828,                0.44805,                      0,                0.68244,                0.67239,                0.65589,                0.69166,                0.51113,                 0.6796,                0.44165,                0.18514,                0.43961,                0.54885,                0.41209,                0.67191,              0.0082062,                      0,                0.70894,                0.58005,                0.31622,                0.47982,                0.26942,                0.73058,                0.73058,                      1
                     73,                 0.6421,                0.39347,                 1.3581,                0.08345,                0.83102,                0.82865,                0.86261,                0.71785,                0.65572,                0.40038,                  1.462,                0.09033,               0.002872,               0.002872,               0.002872,                 0.6837,                0.39102,                0.63208,                0.47616,                0.74461,                0.36466,                0.66667,                0.35099,                0.69244,                0.41444,                      0,                0.70779,                0.67859,                   0.66,                0.72818,                0.53967,                0.68316,                0.39588,                0.18036,                0.43887,                0.57095,                0.41306,                0.61731,                0.67797,                0.42832,                0.63882,                0.49672,                0.74218,                0.36257,                0.68196,                0.37335,                0.68925,                0.44978,                      0,                0.67985,                0.67445,                0.65893,                0.70854,                0.51555,                0.67883,                0.43072,                0.18574,                0.44224,                0.55082,                0.41306,                 0.6761,              0.0076876,                      0,                0.72164,                0.58327,                0.31457,                0.48445,                0.27223,                0.72777,                0.72777,                      1
                     74,                0.64011,                0.39392,                 1.3435,                0.08295,                0.82401,                0.83603,                0.86233,                0.71768,                 0.6556,                0.40019,                 1.4627,                0.09031,               0.002773,               0.002773,               0.002773,                0.68216,                0.38202,                0.61778,                0.46802,                0.75734,                0.39696,                0.67382,                0.39122,                0.69484,                0.42845,                      0,                0.71085,                0.68196,                0.66212,                0.72505,                0.54498,                0.68212,                0.38811,                0.18083,                0.43373,                  0.569,                0.41108,                0.60265,                 0.6738,                0.42347,                 0.6327,                0.48369,                0.75686,                0.40707,                0.67715,                0.41233,                0.69081,                0.46154,                      0,                  0.678,                0.68043,                0.66258,                0.70026,                0.52112,                0.67578,                0.42764,                0.18765,                0.43755,                0.55224,                0.41108,                0.66964,              0.0080956,                      0,                0.71679,                0.58803,                0.31436,                0.48679,                0.26554,                0.73446,                0.73446,                      1
                     75,                0.64076,                0.39451,                 1.3503,                0.08223,                0.82486,                0.83551,                 0.8623,                0.71819,                0.65558,                0.40001,                  1.463,                0.09029,               0.002674,               0.002674,               0.002674,                0.68273,                0.38789,                0.64709,                0.46369,                0.73792,                0.42067,                0.69546,                0.40168,                0.71194,                0.41427,                      0,                0.70907,                0.67845,                0.66055,                0.71645,                0.53591,                0.68446,                0.39636,                0.17979,                0.43666,                0.57259,                0.41101,                0.61698,                0.67772,                0.43078,                0.64437,                0.47524,                0.74797,                0.41021,                0.68869,                0.41601,                0.70861,                0.44967,                      0,                  0.682,                0.67716,                0.66079,                0.69413,                0.51191,                 0.6802,                0.43446,                0.18673,                 0.4382,                0.55401,                0.41101,                0.67525,              0.0078496,                      0,                0.70901,                0.58642,                0.31421,                0.48478,                0.26724,                0.73276,                0.73276,                      1
                     76,                 0.6366,                0.39001,                 1.3499,                0.08182,                0.82502,                0.83752,                 0.8627,                 0.7184,                0.65556,                0.40002,                 1.4635,                0.09029,               0.002575,               0.002575,               0.002575,                0.68344,                0.38487,                0.63697,                0.49277,                0.73834,                0.41929,                0.68548,                0.40534,                0.71755,                0.44155,                      0,                0.71254,                0.67928,                0.65903,                0.71284,                 0.5405,                0.68456,                 0.3956,                0.17904,                  0.433,                0.57796,                0.41055,                0.60685,                0.67482,                0.42372,                0.65203,                0.52229,                0.73898,                0.42093,                0.68873,                0.43916,                0.72495,                0.46244,                      0,                0.68184,                0.67854,                0.66051,                0.68545,                0.51548,                0.67843,                0.43182,                0.18662,                0.43577,                0.56118,                0.41055,                0.66894,              0.0083382,                      0,                0.70371,                0.58707,                0.31338,                0.48498,                0.26469,                0.73531,                0.73531,                      1
                     77,                0.64022,                0.39158,                 1.3496,                0.08168,                0.82592,                0.83659,                0.86299,                0.71863,                0.65558,                0.39982,                 1.4638,                0.09029,               0.002476,               0.002476,               0.002476,                0.68195,                0.39416,                0.63095,                0.50493,                0.73442,                0.38531,                0.67669,                0.40637,                0.70964,                 0.4232,                      0,                0.70358,                0.67764,                0.65937,                0.71207,                0.53688,                0.68204,                0.40154,                0.18008,                0.43824,                0.56873,                 0.4106,                0.62179,                 0.6729,                0.43511,                0.64156,                0.51784,                0.74178,                0.38626,                0.67539,                0.41523,                0.71055,                0.45673,                      0,                0.67144,                0.67483,                0.65991,                0.68889,                 0.5118,                 0.6753,                0.43943,                0.18717,                0.44461,                0.55014,                 0.4106,                0.68609,              0.0080775,                      0,                0.70434,                0.58632,                0.31692,                0.48467,                0.26337,                0.73663,                0.73663,                      1
                     78,                0.63666,                0.38795,                 1.3421,                0.08197,                0.82515,                0.83705,                0.86304,                0.71859,                0.65555,                0.39976,                  1.464,                0.09029,               0.002377,               0.002377,               0.002377,                0.68247,                 0.3814,                0.64736,                0.48638,                0.75565,                0.40271,                0.68391,                0.38784,                0.69799,                0.41247,                      0,                0.71137,                0.68126,                0.66221,                0.71354,                 0.5408,                0.68412,                0.38993,                0.18095,                0.43558,                0.58027,                 0.4114,                0.60965,                0.67607,                0.42133,                0.65532,                0.51158,                 0.7667,                0.40477,                0.68651,                0.41506,                0.70134,                0.45859,                      0,                0.68186,                0.67941,                0.66358,                0.68775,                0.51391,                0.67975,                0.42768,                0.18935,                0.44051,                0.56146,                 0.4114,                0.67399,              0.0082229,                      0,                0.70495,                0.58252,                 0.3144,                0.48109,                0.26785,                0.73215,                0.73215,                      1
                     79,                0.63773,                0.38944,                 1.3455,                0.08276,                0.82642,                0.83562,                0.86301,                0.71851,                0.65549,                0.39972,                  1.464,                0.09029,               0.002278,               0.002278,               0.002278,                0.68323,                0.38481,                0.62569,                0.47835,                0.74564,                0.39923,                0.67957,                0.36601,                0.71557,                0.41831,                      0,                0.71219,                0.67892,                0.66151,                0.72226,                 0.5385,                0.68395,                  0.392,                0.17933,                0.43645,                0.57389,                0.41345,                0.60732,                0.67585,                0.42655,                0.63447,                0.49657,                0.74257,                0.40872,                0.68438,                0.39365,                0.71547,                0.44999,                      0,                0.67929,                0.67572,                0.66156,                0.69772,                0.51145,                0.67813,                0.43119,                 0.1858,                0.44134,                 0.5545,                0.41345,                0.67498,              0.0080391,                      0,                0.71408,                0.58328,                0.31167,                0.48519,                0.26929,                0.73071,                0.73071,                      1
                     80,                0.62741,                0.38175,                 1.3505,                0.08209,                0.82601,                0.83645,                0.86276,                0.71847,                0.65535,                0.39969,                 1.4648,                0.09029,               0.002179,               0.002179,               0.002179,                0.68272,                0.38354,                0.64484,                0.48556,                0.75205,                0.36344,                0.67982,                0.38626,                0.71843,                0.44426,                      0,                0.70861,                0.68005,                0.66103,                 0.7142,                0.53832,                0.68458,                0.39161,                0.18091,                0.43709,                0.57743,                0.41139,                0.61908,                0.67486,                0.42446,                0.65952,                0.50624,                0.75642,                0.37008,                0.67187,                0.40093,                 0.7225,                0.47695,                      0,                0.68023,                0.67622,                0.66004,                0.69229,                0.51385,                0.67884,                0.42967,                0.18704,                0.44212,                0.55507,                0.41139,                0.67505,                 0.0078,                      0,                 0.7069,                 0.5862,                0.31502,                0.48498,                0.26845,                0.73155,                0.73155,                      1
                     81,                0.63333,                0.38438,                 1.3483,                0.08168,                0.82589,                0.83632,                0.86244,                0.71839,                0.65544,                0.39978,                 1.4655,                0.09029,                0.00208,                0.00208,                0.00208,                0.68767,                 0.3933,                0.64727,                0.48529,                0.74457,                  0.398,                0.68144,                0.39278,                0.72607,                0.44658,                      0,                0.71759,                0.67924,                0.65902,                0.71323,                0.53613,                0.68878,                0.40067,                0.18156,                0.43294,                0.56963,                0.41122,                0.61115,                0.67981,                0.43423,                0.66289,                0.50946,                0.74286,                0.38933,                0.67948,                0.41903,                0.72946,                0.48452,                      0,                0.68583,                0.67532,                0.65878,                0.68618,                0.50935,                  0.683,                0.43947,                0.18808,                0.43883,                0.54971,                0.41122,                0.67537,              0.0080209,                      0,                0.70422,                0.58167,                0.31836,                0.48029,                0.27065,                0.72935,                0.72935,                      1
                     82,                0.63167,                 0.3832,                 1.3362,                0.08173,                0.82378,                0.83934,                0.86277,                 0.7186,                 0.6554,                0.39966,                 1.4659,                 0.0903,               0.001981,               0.001981,               0.001981,                0.68712,                0.38668,                0.64401,                 0.4912,                0.74439,                0.41694,                0.68427,                0.41737,                0.71605,                0.43193,                      0,                0.71846,                 0.6807,                0.65987,                0.71424,                0.53903,                0.68801,                0.39619,                0.18104,                0.43405,                0.56767,                0.41203,                0.60631,                0.68041,                0.42627,                0.65016,                 0.5202,                0.74202,                0.40485,                0.69655,                0.44515,                0.71222,                0.47307,                      0,                0.69027,                0.67875,                0.65951,                0.68817,                0.51447,                0.68275,                0.43357,                0.18718,                0.43641,                0.54158,                0.41203,                0.66255,              0.0080724,                      0,                0.70555,                0.58197,                0.31514,                0.48148,                 0.2715,                 0.7285,                 0.7285,                      1
                     83,                0.62706,                0.37903,                 1.3451,                0.08192,                0.82715,                0.83566,                 0.8627,                0.71847,                0.65542,                0.39975,                 1.4662,                0.09031,               0.001882,               0.001882,               0.001882,                0.68661,                 0.3913,                0.63891,                0.47336,                0.75289,                0.39782,                0.67739,                0.39907,                  0.708,                0.42716,                      0,                0.71393,                0.68021,                0.66171,                0.71541,                0.53419,                 0.6873,                0.39855,                0.18227,                0.43555,                0.56422,                0.41384,                0.61641,                0.68034,                0.42769,                0.63921,                0.49317,                0.75928,                0.39978,                0.67992,                0.42816,                0.71277,                0.45665,                      0,                0.68563,                0.67857,                0.66302,                0.69194,                0.50919,                0.68252,                0.43275,                0.18966,                0.43938,                 0.5455,                0.41384,                0.67424,              0.0081021,                      0,                0.70759,                0.58044,                0.31431,                0.48231,                0.27305,                0.72695,                0.72695,                      1
                     84,                0.63253,                0.38094,                 1.3487,                0.08264,                 0.8283,                0.83594,                0.86269,                0.71869,                0.65533,                0.39981,                 1.4664,                0.09032,               0.001783,               0.001783,               0.001783,                0.68664,                0.39129,                0.63555,                0.47834,                0.75201,                0.39315,                0.67453,                0.37882,                0.71094,                0.40476,                      0,                0.71055,                0.67717,                0.65902,                  0.722,                0.53596,                0.68691,                0.39953,                0.18023,                 0.4356,                0.56656,                0.41141,                0.62187,                0.68138,                0.42909,                0.65021,                0.49573,                0.75427,                0.39836,                0.68877,                0.40968,                0.71323,                0.43148,                      0,                 0.6856,                0.67684,                0.66008,                0.69851,                0.51319,                0.68383,                0.43451,                0.18681,                0.43887,                0.54982,                0.41141,                0.67895,              0.0079442,                      0,                0.71417,                0.58628,                0.31574,                0.48559,                0.26663,                0.73337,                0.73337,                      1
                     85,                0.62873,                0.37943,                 1.3425,                  0.083,                0.83069,                0.83382,                0.86242,                0.71837,                0.65537,                0.39994,                 1.4667,                0.09031,               0.001684,               0.001684,               0.001684,                0.68734,                0.39008,                0.61915,                0.46459,                0.73507,                0.38776,                0.69497,                 0.4021,                0.69455,                0.40791,                      0,                 0.7172,                0.67762,                0.65779,                 0.7269,                0.53843,                0.68601,                0.39595,                 0.1794,                0.43323,                0.56694,                0.41227,                0.60158,                0.67961,                0.43271,                0.63456,                0.49211,                0.73913,                0.38969,                0.70333,                 0.4316,                0.70941,                0.44055,                      0,                0.68805,                0.67559,                0.65701,                0.69985,                0.51457,                 0.6813,                0.43604,                0.18501,                0.43651,                0.54743,                0.41227,                0.66302,              0.0080232,                      0,                0.71788,                0.58181,                0.31433,                  0.482,                0.26978,                0.73022,                0.73022,                      1
                     86,                0.62291,                0.37474,                 1.3359,                0.08205,                0.83155,                0.83374,                0.86233,                0.71848,                0.65523,                0.39969,                 1.4669,                0.09029,               0.001585,               0.001585,               0.001585,                0.68204,                 0.3941,                  0.644,                0.46012,                0.75439,                0.40001,                 0.6747,                0.38723,                0.69394,                0.40065,                      0,                0.70858,                0.67632,                0.65946,                0.71751,                0.53313,                0.68329,                0.40023,                0.17959,                0.43893,                0.55786,                0.41422,                 0.6164,                0.67657,                0.43876,                0.65669,                0.48267,                0.75754,                0.37609,                0.69174,                0.41217,                 0.6946,                0.43401,                      0,                0.67834,                0.67379,                0.65898,                0.69627,                0.50604,                 0.6798,                0.44163,                0.18684,                0.44383,                0.53535,                0.41422,                0.68368,              0.0079282,                      0,                0.71043,                0.58314,                0.31176,                0.48559,                0.27437,                0.72563,                0.72563,                      1
                     87,                0.62476,                0.37662,                 1.3394,                0.08206,                0.83311,                0.82948,                0.86204,                 0.7185,                0.65522,                0.39981,                 1.4672,                0.09028,               0.001486,               0.001486,               0.001486,                0.68401,                 0.3897,                0.63239,                0.48627,                0.73991,                0.43258,                0.69507,                 0.4107,                0.69949,                0.40703,                      0,                 0.7069,                0.67822,                 0.6602,                0.71589,                0.53717,                0.68436,                0.39863,                0.17952,                0.43895,                0.57155,                0.41214,                0.62239,                 0.6811,                0.42637,                0.64966,                0.50275,                0.74731,                0.42236,                0.69301,                0.41763,                0.70393,                0.43748,                      0,                0.68542,                0.67802,                 0.6623,                0.69151,                 0.5107,                0.68324,                0.43171,                0.18828,                0.43904,                0.54957,                0.41214,                0.67723,              0.0080102,                      0,                0.70776,                 0.5853,                  0.315,                 0.4855,                0.26668,                0.73332,                0.73332,                      1
                     88,                0.62286,                0.37468,                 1.3312,                0.08233,                0.83366,                0.82931,                0.86184,                0.71858,                0.65525,                0.39985,                 1.4671,                0.09028,               0.001387,               0.001387,               0.001387,                0.68451,                0.39313,                0.63933,                0.48584,                0.73663,                0.38812,                0.68412,                0.38583,                0.71548,                 0.4154,                      0,                0.71166,                 0.6773,                0.65889,                0.71775,                0.53432,                 0.6851,                0.40035,                0.18034,                0.43556,                0.56732,                0.41031,                0.61179,                 0.6759,                0.43562,                0.65311,                0.49803,                0.73497,                0.39068,                0.69173,                0.40768,                0.71569,                0.44954,                      0,                 0.6813,                0.67408,                0.65761,                0.69818,                0.51097,                0.67873,                0.43912,                0.18593,                0.43938,                0.54636,                0.41031,                0.67166,              0.0080132,                      0,                0.71123,                0.58733,                0.31822,                0.48505,                0.26595,                0.73405,                0.73405,                      1
                     89,                0.62091,                 0.3715,                 1.3346,                0.08226,                0.83381,                0.82854,                0.86155,                0.71845,                0.65529,                0.40001,                 1.4671,                0.09029,               0.001288,               0.001288,               0.001288,                0.67977,                0.38839,                0.64038,                0.46844,                0.75012,                0.41107,                 0.6976,                0.44824,                0.71048,                 0.4197,                      0,                0.70767,                0.68056,                0.66063,                0.71898,                0.54055,                0.68217,                0.39549,                0.18227,                0.43925,                0.56793,                0.41323,                0.61501,                 0.6772,                0.42595,                0.65223,                0.49998,                0.76012,                0.40181,                0.70306,                0.46364,                0.71169,                0.45139,                      0,                0.68381,                0.67899,                0.66115,                 0.6943,                0.51533,                0.68117,                0.43036,                0.18909,                0.44009,                0.54226,                0.41323,                0.67421,              0.0081666,                      0,                0.71075,                0.57726,                0.31581,                0.47765,                0.27518,                0.72482,                0.72482,                      1
                     90,                0.61787,                0.36904,                 1.3327,                0.08188,                0.83521,                0.82891,                0.86135,                0.71825,                0.65527,                0.40015,                 1.4671,                 0.0903,               0.001189,               0.001189,               0.001189,                0.68739,                 0.3877,                0.64707,                0.47824,                0.76547,                0.40755,                0.68146,                0.40891,                 0.7327,                0.42335,                      0,                 0.7196,                0.68148,                0.66188,                0.71275,                0.53567,                0.68992,                0.39617,                0.18029,                0.43191,                0.57572,                0.41296,                0.60928,                0.67783,                0.42708,                0.66028,                0.49877,                0.77198,                0.41063,                0.69348,                0.41311,                0.73711,                0.46053,                      0,                 0.6878,                0.67947,                0.66313,                0.68951,                0.50882,                0.68322,                0.43291,                0.18813,                 0.4366,                0.55581,                0.41296,                0.67079,              0.0078936,                      0,                0.70501,                0.58554,                0.31351,                0.48708,                0.26905,                0.73095,                0.73095,                      1
                     91,                0.62232,                0.36939,                 1.3349,                0.08194,                0.83608,                0.82877,                0.86141,                0.71829,                0.65532,                0.40007,                 1.4673,                 0.0903,                0.00109,                0.00109,                0.00109,                0.67933,                0.38849,                0.62763,                 0.4482,                0.76144,                0.36507,                0.69279,                0.40934,                0.73148,                0.43828,                      0,                0.70275,                0.67949,                0.66456,                0.71387,                0.53064,                0.68214,                0.39537,                0.18266,                 0.4398,                 0.5693,                0.41351,                0.62629,                0.67403,                0.42631,                0.63829,                0.48141,                0.76124,                0.37555,                0.70674,                0.44388,                 0.7299,                0.45079,                      0,                0.67753,                0.67907,                0.66462,                 0.6921,                0.50946,                0.67852,                0.43071,                0.18935,                0.44285,                0.55384,                0.41351,                0.68121,              0.0081013,                      0,                0.70661,                0.58326,                0.31167,                0.48493,                0.26951,                0.73049,                0.73049,                      1
                     92,                0.62001,                 0.3683,                 1.3265,                0.08162,                0.83595,                0.82838,                0.86123,                0.71799,                0.65521,                0.40018,                 1.4673,                0.09031,               0.000991,               0.000991,               0.000991,                0.68789,                0.39419,                0.65097,                0.49323,                0.74002,                0.40113,                 0.7001,                0.40776,                0.71525,                0.41851,                      0,                0.71601,                0.67952,                 0.6607,                0.71222,                0.53033,                0.68926,                0.40182,                0.18256,                0.43275,                 0.5664,                0.41138,                 0.6161,                0.67951,                0.43345,                 0.6617,                0.51075,                0.73762,                0.41107,                0.70487,                0.43077,                0.70993,                0.45395,                      0,                0.68452,                0.67548,                0.65977,                0.68831,                0.50666,                0.68258,                0.43868,                0.18807,                0.43981,                0.54663,                0.41138,                0.67727,              0.0079786,                      0,                0.70425,                0.58466,                0.31665,                0.48415,                0.26776,                0.73224,                0.73224,                      1
                     93,                0.61707,                0.36639,                 1.3343,                0.08219,                0.83551,                0.82828,                0.86096,                0.71776,                0.65524,                0.40014,                 1.4676,                0.09031,               0.000892,               0.000892,               0.000892,                0.68444,                0.39319,                0.66894,                0.49502,                0.74688,                0.40456,                 0.6717,                0.38511,                  0.715,                0.40725,                      0,                0.71302,                 0.6796,                0.66106,                0.71929,                0.53388,                0.68682,                0.40114,                0.18118,                0.43682,                0.56426,                0.41435,                0.61815,                0.67636,                0.43346,                0.67843,                0.51499,                0.75467,                0.41573,                0.68696,                0.41081,                 0.7218,                0.45079,                      0,                0.68362,                0.67755,                 0.6617,                 0.6927,                0.50533,                 0.6814,                0.43944,                0.18887,                0.44055,                0.54316,                0.41435,                 0.6756,              0.0080975,                      0,                0.71043,                0.57933,                0.31171,                0.48219,                0.27607,                0.72393,                0.72393,                      1
                     94,                0.61306,                0.36247,                 1.3308,                0.08104,                0.83173,                0.83184,                0.86109,                0.71771,                0.65525,                0.40011,                 1.4679,                0.09031,               0.000793,               0.000793,               0.000793,                0.68858,                 0.3929,                0.64103,                 0.4869,                0.75105,                0.42418,                0.68033,                0.39656,                0.71671,                0.42189,                      0,                0.71586,                0.67841,                0.65889,                0.70736,                 0.5309,                 0.6892,                0.40272,                0.18285,                0.43523,                0.56158,                0.41164,                0.61728,                0.68173,                0.43663,                0.64801,                0.50954,                0.75037,                0.41881,                0.68169,                0.42228,                0.71959,                0.45988,                      0,                0.68641,                0.67651,                0.65903,                0.68331,                0.50386,                0.68386,                0.44354,                 0.1896,                0.43838,                0.54244,                0.41164,                0.67696,              0.0081904,                      0,                0.69935,                0.57992,                0.31764,                0.47861,                0.27041,                0.72959,                0.72959,                      1
                     95,                0.61007,                0.36116,                 1.3284,                0.08167,                0.83151,                0.83152,                0.86086,                0.71766,                 0.6553,                 0.4003,                 1.4682,                0.09031,               0.000694,               0.000694,               0.000694,                0.68804,                0.39787,                0.63971,                0.47383,                0.74401,                0.39094,                0.68188,                0.39587,                 0.7056,                0.44096,                      0,                0.71698,                0.67915,                 0.6585,                0.71388,                0.53282,                0.68818,                0.40315,                0.18106,                0.43071,                0.55852,                0.41145,                0.60878,                0.68171,                0.44084,                0.65162,                0.49102,                 0.7512,                0.38719,                0.69228,                0.42276,                0.70572,                0.47359,                      0,                0.68817,                0.67609,                0.65822,                0.69079,                0.50591,                0.68396,                0.44322,                0.18732,                0.43443,                0.54113,                0.41145,                0.67232,              0.0080789,                      0,                0.70618,                 0.5835,                0.31605,                0.48212,                0.26612,                0.73388,                0.73388,                      1
                     96,                0.60819,                0.36047,                  1.326,                0.08194,                0.83046,                0.83286,                0.86069,                0.71764,                 0.6553,                0.40038,                 1.4685,                0.09031,               0.000595,               0.000595,               0.000595,                0.68498,                0.39256,                0.64225,                0.47287,                 0.7386,                0.40162,                0.68511,                0.44094,                0.71391,                0.42417,                      0,                0.71328,                0.67955,                0.65922,                0.71525,                0.53264,                0.68571,                0.40221,                0.18178,                0.43319,                0.56511,                0.41014,                0.61015,                0.68089,                0.42961,                0.65799,                0.50133,                0.74917,                0.40096,                0.69835,                0.44777,                0.71348,                 0.4566,                      0,                0.68883,                0.67776,                0.65992,                0.69252,                0.50761,                0.68382,                0.43713,                0.18894,                0.43654,                0.54581,                0.41014,                0.67007,              0.0079533,                      0,                0.70767,                0.58458,                0.31508,                0.48153,                0.26732,                0.73268,                0.73268,                      1
                     97,                0.61037,                0.36044,                 1.3206,                0.08144,                0.83143,                0.83232,                0.86053,                0.71763,                0.65535,                0.40053,                 1.4688,                0.09033,               0.000496,               0.000496,               0.000496,                 0.6874,                0.38791,                0.64313,                0.46625,                0.76118,                0.38275,                0.68834,                0.42578,                0.71386,                0.43246,                      0,                0.71869,                0.68212,                0.66215,                0.71157,                0.53458,                0.68886,                0.39569,                0.18193,                0.43253,                0.56415,                0.41356,                0.60918,                0.68127,                0.43147,                0.65762,                0.49743,                 0.7654,                0.38908,                0.69216,                0.45673,                0.71925,                0.46461,                      0,                0.68947,                0.67789,                0.66123,                0.68487,                0.50619,                0.68496,                 0.4371,                0.18825,                0.43728,                0.54716,                0.41356,                 0.6729,              0.0081351,                      0,                0.70267,                0.58191,                 0.3133,                0.48369,                0.27234,                0.72766,                0.72766,                      1
                     98,                0.60806,                0.35867,                 1.3275,                0.08161,                 0.8296,                0.83414,                0.86024,                 0.7176,                0.65532,                0.40056,                 1.4693,                0.09034,               0.000397,               0.000397,               0.000397,                0.69101,                0.39288,                0.63524,                0.49368,                0.74429,                0.40545,                0.67838,                0.42537,                0.70271,                0.41587,                      0,                0.71541,                0.67958,                0.66121,                0.71377,                0.53034,                 0.6901,                0.40037,                0.18295,                 0.4349,                0.55961,                0.41277,                0.62217,                0.68623,                0.42779,                0.65557,                0.52345,                0.75353,                0.40189,                0.69237,                0.45725,                0.70624,                 0.4456,                      0,                0.69289,                0.67737,                0.66102,                0.68869,                0.50692,                  0.688,                0.43412,                0.18868,                 0.4373,                0.54155,                0.41277,                0.67488,              0.0077038,                      0,                0.70541,                0.58392,                0.31632,                0.48444,                0.27141,                0.72859,                0.72859,                      1
                     99,                0.60919,                0.35911,                 1.3263,                0.08197,                0.82936,                0.83536,                0.86019,                0.71771,                0.65539,                0.40063,                 1.4697,                0.09036,               0.000298,               0.000298,               0.000298,                0.68742,                0.39126,                0.65433,                0.48154,                0.76204,                 0.3962,                0.69364,                0.41386,                0.71328,                0.41668,                      0,                0.71895,                0.68008,                0.66081,                0.71465,                0.53068,                0.68977,                0.40036,                0.18193,                0.43125,                0.57024,                0.40986,                0.60936,                0.68149,                0.43382,                0.66031,                0.50573,                0.75898,                0.39063,                0.70231,                0.43621,                0.72072,                0.45207,                      0,                0.69148,                0.67784,                0.66122,                0.69054,                0.50344,                0.68548,                 0.4394,                0.18902,                0.43482,                0.55567,                0.40986,                0.66895,              0.0078302,                      0,                0.70662,                0.58592,                0.31741,                0.48333,                0.26625,                0.73375,                0.73375,                      1
                    100,                 0.6067,                 0.3562,                 1.3199,                0.08153,                0.82915,                0.83531,                0.85987,                0.71743,                0.65541,                0.40068,                 1.4701,                0.09037,               0.000199,               0.000199,               0.000199,                0.68624,                0.39214,                 0.6357,                 0.4793,                0.75121,                0.41076,                0.67623,                0.39406,                0.71744,                0.43401,                      0,                0.71062,                0.67881,                0.66162,                0.71036,                0.52888,                0.68696,                0.40113,                 0.1823,                0.43664,                0.56568,                0.41353,                0.62389,                 0.6815,                0.43329,                0.64847,                0.49796,                0.75438,                0.40187,                 0.6878,                0.42795,                0.71765,                0.46321,                      0,                0.68507,                 0.6766,                0.66115,                0.68887,                0.50348,                0.68404,                0.43941,                0.18909,                0.44014,                0.55032,                0.41353,                 0.6813,              0.0079974,                      0,                 0.7032,                0.58326,                0.31341,                0.48516,                0.27275,                0.72725,                0.72725,                      1
