                  epoch,         train/box_loss,         train/cls_loss,         train/dfl_loss,train/object_reliability_loss,   metrics/precision(B),      metrics/recall(B),       metrics/mAP50(B),    metrics/mAP50-95(B),           val/box_loss,           val/cls_loss,           val/dfl_loss,val/object_reliability_loss,                 lr/pg0,                 lr/pg1,                 lr/pg2,p2/P3_gate_direction_loss,    p2/P3_ir_win_recall,p2/P3_object_balanced_loss,p2/P3_object_calibrated_loss,p2/P3_object_hard_winner_loss,p2/P3_object_prompt_accuracy,p2/P3_object_prompt_correlation,p2/P3_object_prompt_mae,p2/P3_object_prompt_rgb, p2/P3_object_rank_loss,p2/P3_object_target_rgb,p2/P3_prompt_residual_gain,   p2/P3_rgb_win_recall,p2/P4_gate_direction_loss,    p2/P4_ir_win_recall,p2/P4_object_balanced_loss,p2/P4_object_calibrated_loss,p2/P4_object_hard_winner_loss,p2/P4_object_prompt_accuracy,p2/P4_object_prompt_correlation,p2/P4_object_prompt_mae,p2/P4_object_prompt_rgb, p2/P4_object_rank_loss,p2/P4_object_target_rgb,p2/P4_prompt_residual_gain,   p2/P4_rgb_win_recall,p2/object_cross_scale_consistency,p2/object_gate_raw_loss,p2/object_prompt_raw_loss,  p2/teacher_ir_quality,p2/teacher_relative_margin, p2/teacher_rgb_quality,p2/teacher_rgb_win_rate, p2/teacher_ir_win_rate,p2/teacher_majority_baseline,p2/object_reliability_warmup_factor
                      1,                 1.3185,                 1.5086,                 1.5544,                 0.0201,                0.35176,                0.60358,                0.44154,                0.31858,                0.93221,                0.95416,                 1.4681,                 0.0201,               0.070106,              0.0033215,              0.0033215,                      0,                0.95893,                0.69318,                0.69311,                0.69315,                0.70653,               0.034525,                 0.1581,                0.49987,                0.69314,                0.41359,             3.5761e-07,               0.039578,                      0,                0.96348,                0.69315,                0.69252,                0.69312,                0.70864,                 0.0326,                0.15763,                0.49873,                0.69311,                0.41359,            -2.6239e-07,               0.035216,             1.3741e-06,                      0,                0.86637,                0.57858,                0.31632,                0.47969,                0.27453,                0.72547,                0.72547,                    0.2
                      2,                  1.073,                0.87906,                 1.4198,                0.04017,                0.60194,                0.66739,                0.63611,                0.46717,                 0.8411,                0.67133,                 1.4668,                0.04015,                0.04004,               0.006589,               0.006589,                      0,                0.99998,                0.69311,                0.69199,                0.69311,                0.72839,               0.048681,                0.15749,                0.49774,                0.69307,                0.41238,             7.3342e-06,             0.00014565,                      0,                      1,                0.69322,                 0.6858,                0.69313,                0.72836,                0.07471,                0.15304,                0.48492,                0.69239,                0.41238,            -1.6122e-05,                      0,              9.826e-05,                      0,                 0.8656,                0.57974,                0.31685,                0.47904,                0.27164,                0.72836,                0.72836,                    0.4
                      3,                0.89754,                0.69848,                 1.4091,                 0.0601,                0.63226,                0.64297,                0.64829,                0.48775,                0.81338,                0.61046,                 1.5648,                0.06007,              0.0099086,              0.0097904,              0.0097904,                      0,                      1,                0.69366,                0.68415,                0.69355,                0.73011,                0.06245,                0.15086,                0.48068,                0.69244,                0.41206,              2.969e-06,             2.9766e-05,                      0,                0.98906,                 0.6931,                0.67747,                0.69163,                0.72775,                0.15155,                0.14691,                0.46861,                0.68804,                0.41206,            -4.8608e-05,               0.020911,             0.00013983,                      0,                0.86339,                0.58341,                0.31463,                0.48316,                 0.2699,                 0.7301,                 0.7301,                    0.6
                      4,                0.81718,                 0.6113,                 1.4273,                0.07801,                0.68147,                0.71928,                0.71708,                0.54987,                  0.775,                 0.5697,                 1.5027,                0.07798,               0.009703,               0.009703,               0.009703,                      0,                0.99999,                 0.6949,                 0.6778,                0.69434,                0.73615,               0.074097,                0.14826,                0.46612,                0.69161,                0.41068,            -0.00052782,             0.00012423,                      0,                0.72315,                0.67949,                0.66388,                0.63022,                0.66201,                 0.3004,                 0.1609,                0.46443,                 0.6254,                0.41068,            -0.00022313,                0.49144,              0.0080996,                      0,                0.84125,                0.58712,                0.31808,                0.48547,                0.26387,                0.73613,                0.73613,                    0.8
                      5,                0.80246,                0.58601,                 1.4165,                0.09536,                0.70023,                0.70329,                0.72423,                0.56049,                0.77703,                0.56065,                 1.5547,                 0.0981,               0.009604,               0.009604,               0.009604,                      0,                0.99999,                0.69491,                0.67843,                0.69426,                 0.7254,               0.081078,                0.14846,                0.46598,                0.69156,                0.41417,             -0.0011465,             0.00016042,                      0,                0.63185,                 0.6773,                0.66771,                0.57044,                0.64086,                0.36843,                0.18233,                0.46431,                0.59592,                0.41417,            -0.00032735,                0.66466,               0.019814,                      0,                 0.8217,                0.57984,                0.31694,                0.48256,                0.27463,                0.72537,                0.72537,                      1
                      6,                0.78153,                0.56349,                 1.4008,                0.09464,                0.72381,                0.68831,                0.73663,                0.57181,                0.76791,                0.55777,                 1.4946,                0.09791,               0.009505,               0.009505,               0.009505,                      0,                0.99998,                0.69495,                 0.6766,                0.69411,                0.73651,               0.097213,                0.14665,                 0.4636,                0.69083,                0.41059,             -0.0019698,              0.0002136,                      0,                0.63136,                0.67521,                  0.664,                 0.5549,                0.64409,                0.39644,                0.18319,                0.46392,                0.57779,                0.41059,              0.0031183,                0.67965,               0.022435,                      0,                 0.8158,                0.58711,                0.31611,                0.48511,                0.26353,                0.73647,                0.73647,                      1
                      7,                0.77325,                0.55522,                 1.4002,                0.09445,                0.73785,                0.74932,                0.76771,                0.60834,                0.72988,                0.50637,                 1.4681,                0.09638,               0.009406,               0.009406,               0.009406,                      0,                0.99997,                0.69474,                0.67578,                0.69377,                0.72968,                0.11356,                0.14443,                0.46114,                0.69018,                0.41298,             -0.0028533,             0.00032687,                      0,                0.63555,                0.67651,                0.66542,                  0.548,                0.64954,                0.40254,                0.18418,                0.46414,                0.58783,                0.41298,              0.0034701,                0.68727,               0.023606,                      0,                0.81326,                 0.5836,                0.31135,                0.48415,                0.27038,                0.72962,                0.72962,                      1
                      8,                0.76872,                0.54666,                 1.3962,                0.09382,                0.72947,                0.71176,                0.75141,                0.59226,                0.73602,                0.50848,                 1.4808,                0.09542,               0.009307,               0.009307,               0.009307,                      0,                0.99355,                0.69368,                0.67299,                0.69161,                0.73522,                0.15549,                0.14601,                0.45875,                0.68632,                0.40945,             -0.0038247,               0.019056,                      0,                 0.6382,                 0.6737,                0.66183,                0.53867,                0.65207,                0.41375,                0.18546,                0.46046,                0.58162,                0.40945,              0.0088427,                0.69052,               0.024481,                      0,                0.80795,                0.58339,                 0.3171,                0.47906,                0.26509,                0.73491,                0.73491,                      1
                      9,                0.76569,                0.54536,                 1.3929,                0.08783,                0.75688,                0.76354,                0.79323,                0.63724,                0.71512,                0.48863,                 1.4664,                0.09007,               0.009208,               0.009208,               0.009208,                      0,                0.65017,                0.68101,                0.66799,                0.61234,                0.63502,                0.32077,                0.16913,                0.46598,                0.63169,                0.41104,            -0.00095569,                0.59283,                      0,                0.64591,                0.67516,                0.66436,                0.54058,                 0.6566,                 0.4088,                0.18484,                0.45888,                0.58395,                0.41104,              0.0099121,                0.68635,               0.014069,                      0,                0.75512,                0.58587,                0.31775,                 0.4845,                0.26432,                0.73568,                0.73568,                      1
                     10,                0.76358,                0.54053,                 1.3944,                0.08414,                0.75102,                0.75134,                0.78446,                0.62626,                0.71748,                0.49374,                  1.451,                0.08993,               0.009109,               0.009109,               0.009109,                      0,                0.66286,                0.67987,                0.66687,                 0.5699,                0.65392,                0.37394,                0.17867,                 0.4585,                0.60349,                0.41079,              0.0037003,                0.62943,                      0,                0.65076,                0.67311,                0.66025,                0.53021,                0.66005,                0.42829,                0.18434,                0.45891,                0.57107,                0.41079,              0.0090098,                0.68548,               0.011231,                      0,                0.72283,                0.58406,                0.31827,                0.48249,                0.26755,                0.73245,                0.73245,                      1
                     11,                0.75342,                0.52762,                 1.3945,                0.08383,                0.76898,                0.77132,                0.80737,                0.64815,                0.70424,                 0.4763,                 1.4618,                0.08892,                0.00901,                0.00901,                0.00901,                      0,                0.66647,                0.68064,                0.66832,                0.56396,                0.65841,                0.37534,                0.17991,                0.45791,                0.60378,                0.41128,                0.02024,                0.63641,                      0,                0.65141,                 0.6731,                0.66132,                0.53226,                0.66106,                0.42306,                 0.1842,                0.45845,                0.56843,                0.41128,              0.0097066,                0.68739,                0.01012,                      0,                0.71989,                0.58568,                0.31684,                  0.484,                0.26814,                0.73186,                0.73186,                      1
                     12,                0.75114,                0.52311,                 1.3879,                0.08358,                0.70621,                0.72196,                0.73936,                0.58827,                0.73482,                0.51784,                 1.5307,                0.08838,               0.008911,               0.008911,               0.008911,                      0,                0.66177,                0.68432,                 0.6731,                0.55939,                0.65646,                0.37428,                0.18184,                0.46061,                 0.6027,                0.41254,               0.030307,                0.64208,                      0,                0.64693,                0.67684,                0.66644,                0.52923,                0.65934,                0.41785,                0.18716,                0.46215,                0.57526,                0.41254,               0.011264,                 0.6929,               0.010216,                      0,                0.71706,                0.58096,                0.31278,                0.48099,                0.26996,                0.73004,                0.73004,                      1
                     13,                0.74632,                0.51758,                 1.3941,                0.08355,                0.76606,                 0.7711,                 0.8155,                 0.6538,                0.70207,                0.47036,                 1.4702,                 0.0875,               0.008812,               0.008812,               0.008812,                      0,                0.67972,                0.68469,                0.66948,                0.56074,                0.66488,                 0.3788,                0.18173,                0.45226,                0.59848,                0.40976,               0.044841,                0.62333,                      0,                0.65572,                0.67543,                0.66185,                0.53135,                0.66286,                 0.4249,                0.18526,                0.45684,                0.57036,                0.40976,               0.011906,                0.68285,               0.010221,                      0,                0.71768,                 0.5842,                0.31812,                0.48102,                0.26312,                0.73688,                0.73688,                      1
                     14,                0.74359,                0.51859,                 1.3822,                0.08223,                0.74714,                0.78331,                0.79935,                0.64423,                0.70188,                0.47092,                  1.458,                0.08812,               0.008713,               0.008713,               0.008713,                      0,                0.67433,                0.68345,                0.67025,                0.54787,                0.66552,                0.39121,                0.18151,                0.45476,                0.58966,                0.41092,               0.051503,                  0.641,                      0,                0.65655,                0.67576,                0.66391,                0.52167,                0.66668,                0.43139,                0.18459,                0.45768,                0.56319,                0.41092,               0.013577,                0.69486,              0.0095584,                      0,                0.70617,                0.58655,                0.31289,                0.48549,                0.26434,                0.73566,                0.73566,                      1
                     15,                0.74097,                 0.5128,                 1.3868,                0.08206,                0.79326,                0.76384,                0.82333,                0.67051,                0.68961,                0.45454,                 1.4487,                0.08808,               0.008614,               0.008614,               0.008614,                      0,                0.68306,                0.68368,                0.67035,                0.54705,                0.66895,                 0.3882,                0.18349,                0.45055,                0.58527,                 0.4106,               0.061104,                0.62958,                      0,                0.65999,                0.67576,                0.66373,                0.52044,                0.66829,                0.43152,                0.18698,                0.45533,                0.56002,                 0.4106,               0.014876,                0.69146,              0.0098182,                      0,                0.70522,                 0.5856,                0.31765,                0.48426,                0.26381,                0.73619,                0.73619,                      1
                     16,                0.74091,                0.51231,                 1.3799,                0.08238,                0.78125,                0.77421,                0.81839,                0.66312,                0.69494,                0.45885,                 1.4783,                0.08718,               0.008515,               0.008515,               0.008515,                      0,                0.67594,                  0.684,                 0.6715,                0.55122,                0.66376,                0.38542,                 0.1837,                0.45452,                0.58076,                0.41236,               0.061128,                0.63051,                      0,                0.65471,                0.67538,                 0.6647,                0.52314,                0.66319,                0.42959,                0.18684,                0.45859,                0.55771,                0.41236,               0.011307,                0.68632,               0.009829,                      0,                0.70917,                0.58123,                0.31533,                0.48155,                0.26825,                0.73175,                0.73175,                      1
                     17,                 0.7375,                0.50541,                  1.382,                 0.0813,                0.77352,                0.80186,                0.83297,                0.67344,                0.69422,                0.45807,                 1.4426,                0.08668,               0.008416,               0.008416,               0.008416,                      0,                0.68339,                 0.6809,                0.66821,                0.53871,                0.66986,                0.39659,                0.18367,                0.45242,                0.58499,                0.41182,               0.067826,                0.63355,                      0,                0.66105,                 0.6733,                0.66104,                 0.5171,                0.66766,                0.43572,                0.18609,                0.45609,                0.55496,                0.41182,               0.012076,                0.68538,              0.0094937,                      0,                0.69796,                0.58096,                0.31421,                0.47986,                0.27155,                0.72845,                0.72845,                      1
                     18,                0.73055,                0.50016,                 1.3698,                0.08112,                0.78153,                0.78871,                0.83208,                0.67306,                0.69414,                0.45461,                 1.4589,                0.08672,               0.008317,               0.008317,               0.008317,                      0,                0.68963,                0.68073,                0.66442,                 0.5399,                0.67413,                0.40333,                0.18281,                0.44807,                0.57491,                0.40969,               0.073306,                0.63112,                      0,                0.66806,                0.67295,                 0.6581,                 0.5161,                 0.6725,                0.43943,                0.18598,                0.45402,                0.55533,                0.40969,               0.011597,                0.68481,              0.0091377,                      0,                0.69754,                 0.5827,                0.32068,                0.47864,                0.26495,                0.73505,                0.73505,                      1
                     19,                0.73035,                0.49903,                 1.3772,                 0.0811,                0.75519,                0.77912,                0.80464,                0.65218,                0.70007,                0.46714,                 1.4741,                0.08751,               0.008218,               0.008218,               0.008218,                      0,                0.68775,                0.68349,                0.66762,                 0.5379,                0.67382,                 0.4001,                0.18442,                0.44871,                0.58235,                0.41019,               0.080873,                0.63563,                      0,                 0.6683,                0.67448,                0.65978,                0.51364,                0.67372,                0.44207,                0.18606,                0.45413,                0.55931,                0.41019,               0.010591,                0.68859,              0.0093346,                      0,                0.69606,                0.58532,                0.31768,                0.48241,                0.26725,                0.73275,                0.73275,                      1
                     20,                0.72866,                0.49701,                 1.3739,                0.08122,                0.80601,                0.77019,                0.83317,                0.67711,                 0.6842,                0.44342,                 1.4649,                0.08667,               0.008119,               0.008119,               0.008119,                      0,                 0.6779,                0.68254,                 0.6709,                  0.538,                0.66711,                0.39353,                0.18511,                0.45375,                  0.584,                0.41197,               0.087844,                0.63782,                      0,                0.65716,                0.67471,                0.66342,                0.51407,                0.66636,                0.43845,                0.18715,                0.45898,                0.55745,                0.41197,              0.0085216,                0.69132,              0.0091511,                      0,                0.69713,                0.58195,                0.31557,                0.48117,                0.26921,                0.73079,                0.73079,                      1
                     21,                 0.7282,                0.49326,                 1.3752,                0.08062,                0.78074,                 0.7958,                0.82455,                 0.6699,                0.68645,                0.44499,                 1.4847,                0.08645,                0.00802,                0.00802,                0.00802,                      0,                0.68647,                0.68284,                0.66946,                0.53403,                0.67209,                0.40233,                0.18598,                0.45048,                0.57396,                0.41286,               0.088361,                0.63391,                      0,                0.66373,                0.67505,                0.66257,                0.51121,                0.67085,                0.44139,                 0.1886,                0.45631,                0.54691,                0.41286,              0.0093669,                0.68976,              0.0092161,                      0,                0.69321,                0.57717,                0.31643,                0.47805,                 0.2735,                 0.7265,                 0.7265,                      1
                     22,                0.72226,                 0.4915,                 1.3772,                0.08071,                0.78386,                0.77099,                 0.8202,                0.66799,                0.68432,                0.44574,                 1.4673,                  0.087,               0.007921,               0.007921,               0.007921,                      0,                0.68372,                0.68195,                0.66867,                0.53434,                0.67268,                0.40563,                0.18232,                0.45155,                0.57243,                0.41166,               0.090683,                0.64221,                      0,                0.66966,                0.67596,                0.66262,                0.51312,                0.67448,                0.44035,                0.18584,                0.45318,                0.55233,                0.41166,              0.0093373,                0.68778,              0.0088289,                      0,                0.69393,                0.58783,                0.31497,                0.48757,                0.26605,                0.73395,                0.73395,                      1
                     23,                 0.7224,                 0.4875,                 1.3818,                0.08101,                0.81501,                 0.7986,                0.85148,                0.69594,                 0.6798,                0.43432,                 1.4672,                0.08647,               0.007822,               0.007822,               0.007822,                      0,                0.68667,                  0.686,                0.67226,                0.53526,                0.67218,                0.39756,                0.18627,                0.44841,                0.58494,                0.41033,               0.089664,                0.63246,                      0,                0.67064,                0.67676,                0.66362,                0.51164,                0.67432,                0.43692,                 0.1876,                0.45169,                0.56033,                0.41033,               0.010795,                 0.6844,              0.0092602,                      0,                0.69473,                0.58385,                0.31669,                 0.4814,                0.26724,                0.73276,                0.73276,                      1
                     24,                0.71959,                0.48643,                   1.38,                0.08012,                0.80769,                0.77748,                0.83754,                0.68625,                0.67787,                0.43408,                 1.4642,                 0.0859,               0.007723,               0.007723,               0.007723,                      0,                0.67923,                0.68392,                0.67319,                 0.5272,                0.66983,                0.40287,                0.18707,                0.45134,                0.57699,                0.41155,               0.087956,                0.64378,                      0,                0.66545,                0.67548,                0.66533,                0.50387,                0.67207,                0.44163,                 0.1885,                0.45455,                0.55871,                0.41155,               0.011351,                 0.6904,              0.0093093,                      0,                0.68707,                0.58422,                 0.3137,                0.48391,                0.26505,                0.73495,                0.73495,                      1
                     25,                 0.7164,                0.48104,                 1.3801,                0.08048,                0.81594,                0.81513,                0.85174,                0.69907,                0.67494,                0.42971,                 1.4512,                0.08606,               0.007624,               0.007624,               0.007624,                      0,                0.68501,                0.68391,                 0.6709,                0.53249,                0.67384,                0.40371,                0.18577,                0.45236,                0.57157,                0.41361,               0.088028,                0.64385,                      0,                0.66492,                0.67593,                0.66409,                0.50924,                0.67381,                 0.4404,                0.18837,                0.45813,                   0.55,                0.41361,               0.011265,                0.69769,              0.0087316,                      0,                 0.6919,                0.58057,                0.31345,                 0.4822,                 0.2713,                 0.7287,                 0.7287,                      1
                     26,                0.71363,                0.47938,                 1.3746,                0.08072,                0.82793,                0.77221,                0.84976,                0.69591,                0.67631,                0.42942,                 1.4575,                0.08592,               0.007525,               0.007525,               0.007525,                      0,                0.68848,                0.68547,                0.67079,                0.53372,                0.67392,                 0.4011,                0.18613,                0.44676,                0.57695,                0.41039,               0.088972,                0.63317,                      0,                0.67149,                0.67809,                0.66467,                0.51091,                0.67347,                0.43726,                0.18991,                0.45062,                0.55407,                0.41039,               0.011456,                  0.679,               0.008703,                      0,                 0.6933,                0.58507,                0.31619,                0.48268,                0.26328,                0.73672,                0.73672,                      1
                     27,                0.70901,                  0.478,                  1.376,                0.07958,                0.80886,                0.81953,                0.85769,                0.70293,                 0.6747,                0.42954,                 1.4456,                 0.0863,               0.007426,               0.007426,               0.007426,                      0,                0.69184,                0.68478,                 0.6711,                0.52325,                0.67904,                0.41229,                0.18548,                0.44851,                0.57243,                0.41328,                0.09219,                0.64481,                      0,                0.67582,                0.67646,                0.66386,                0.49957,                0.67952,                0.44724,                0.18828,                0.45196,                0.55379,                0.41328,              0.0087374,                 0.6894,              0.0086472,                      0,                0.68253,                0.58501,                 0.3114,                 0.4865,                0.27219,                0.72781,                0.72781,                      1
                     28,                0.71138,                0.47725,                 1.3747,                0.08032,                0.79016,                0.81616,                0.84294,                0.69296,                0.67514,                0.43195,                 1.4392,                0.08561,               0.007327,               0.007327,               0.007327,                      0,                0.68952,                0.68583,                0.67188,                0.53062,                0.67677,                 0.4049,                0.18639,                0.44891,                0.56834,                0.41045,               0.096853,                0.64175,                      0,                0.67502,                0.67946,                0.66537,                0.50872,                0.67689,                0.44081,                0.18923,                0.45237,                0.55072,                0.41045,              0.0057745,                0.68202,               0.008725,                      0,                0.69075,                0.58558,                 0.3148,                0.48364,                0.26691,                0.73309,                0.73309,                      1
                     29,                0.70744,                0.47429,                   1.38,                 0.0793,                0.81837,                0.81741,                0.85719,                0.70469,                0.67019,                0.42211,                  1.449,                0.08628,               0.007228,               0.007228,               0.007228,                      0,                0.69194,                0.68203,                0.66865,                0.52268,                0.67831,                0.41498,                0.18625,                0.44862,                0.56848,                0.41262,                0.10051,                0.64171,                      0,                 0.6754,                0.67396,                0.66233,                0.49727,                 0.6787,                0.45174,                  0.189,                0.45347,                0.54477,                0.41262,              0.0037247,                0.68758,              0.0090689,                      0,                0.68084,                0.58216,                0.31659,                0.48273,                0.27145,                0.72855,                0.72855,                      1
                     30,                0.71006,                0.47489,                 1.3724,                0.08054,                0.82279,                0.80883,                0.85867,                0.70714,                0.66859,                 0.4226,                 1.4453,                0.08549,               0.007129,               0.007129,               0.007129,                      0,                0.68926,                 0.6852,                0.67109,                0.53121,                0.67628,                0.40171,                0.18644,                0.44728,                0.58047,                0.40999,                0.10514,                0.64011,                      0,                0.67311,                0.67648,                0.66314,                0.50775,                0.67648,                0.44219,                0.18769,                0.45211,                0.56244,                0.40999,              0.0030187,                0.68589,               0.008484,                      0,                 0.6905,                0.58696,                0.31641,                0.48447,                0.26393,                0.73607,                0.73607,                      1
                     31,                0.70695,                0.46882,                 1.3778,                0.08018,                0.81642,                 0.8252,                0.86152,                0.70919,                0.66884,                0.42083,                 1.4463,                0.08585,                0.00703,                0.00703,                0.00703,                      0,                0.69036,                 0.6858,                0.67283,                0.52777,                 0.6754,                  0.401,                 0.1863,                0.44791,                0.57908,                0.41219,                0.10447,                0.63469,                      0,                0.67464,                0.67922,                0.66734,                0.50254,                0.67653,                 0.4388,                0.18998,                 0.4513,                0.56153,                0.41219,               0.004061,                0.68166,              0.0087072,                      0,                0.68711,                0.58494,                0.31166,                0.48516,                0.26876,                0.73124,                0.73124,                      1
                     32,                0.70539,                0.46901,                  1.378,                0.08025,                 0.8059,                0.82198,                0.85686,                0.70513,                0.66756,                0.41912,                 1.4446,                0.08566,               0.006931,               0.006931,               0.006931,                      0,                0.69067,                0.68647,                0.67203,                 0.5287,                0.67529,                0.40343,                0.18634,                 0.4464,                0.57244,                0.41152,                 0.1053,                0.63347,                      0,                0.67612,                 0.6795,                0.66553,                0.50784,                0.67541,                0.43822,                0.18861,                0.44999,                0.55514,                0.41152,              0.0037717,                0.67349,              0.0083446,                      0,                0.68921,                0.58439,                0.31392,                 0.4837,                0.26886,                0.73114,                0.73114,                      1
                     33,                0.70023,                0.46556,                 1.3716,                 0.0795,                0.82316,                 0.8047,                0.85388,                0.70481,                 0.6668,                 0.4246,                 1.4439,                0.08564,               0.006832,               0.006832,               0.006832,                      0,                 0.6898,                0.68361,                0.67022,                0.52444,                0.67438,                0.40865,                0.18749,                0.44774,                0.56458,                0.41208,                0.10356,                0.63299,                      0,                0.67818,                0.67653,                0.66375,                0.50022,                0.67826,                0.44555,                0.19033,                0.45067,                0.54542,                0.41208,              0.0031736,                0.67848,              0.0085643,                      0,                0.68338,                0.58181,                0.31676,                0.48126,                0.27149,                0.72851,                0.72851,                      1
                     34,                0.69861,                0.46223,                 1.3733,                0.07991,                0.80794,                0.82585,                0.85794,                0.70653,                0.66691,                0.41771,                 1.4459,                0.08541,               0.006733,               0.006733,               0.006733,                      0,                0.69292,                0.68775,                0.67455,                0.52666,                0.67951,                0.40358,                0.18739,                0.44685,                0.56955,                0.41202,                0.10297,                0.64275,                      0,                0.68238,                0.67857,                0.66605,                 0.5023,                0.68262,                0.44192,                0.18945,                0.44898,                 0.5497,                0.41202,              0.0016665,                0.68328,              0.0085766,                      0,                0.68647,                0.58284,                0.31387,                0.48265,                0.26744,                0.73256,                0.73256,                      1
                     35,                0.69824,                0.45977,                 1.3686,                0.07868,                0.81477,                0.83499,                0.86295,                0.71099,                0.66511,                 0.4138,                 1.4451,                0.08534,               0.006634,               0.006634,               0.006634,                      0,                0.69019,                0.68113,                0.67003,                0.51721,                 0.6788,                0.41472,                0.18837,                0.44881,                0.55589,                 0.4133,                0.10439,                 0.6482,                      0,                0.67335,                0.67592,                0.66635,                0.49457,                0.67867,                0.44636,                0.19267,                0.45301,                0.53648,                 0.4133,            -0.00059019,                0.69296,              0.0086422,                      0,                0.67687,                0.58151,                0.31597,                 0.4826,                0.27132,                0.72868,                0.72868,                      1
                     36,                0.69905,                0.45639,                 1.3706,                 0.0782,                0.82962,                0.81712,                0.86077,                0.70925,                0.66423,                0.41549,                 1.4469,                0.08525,               0.006535,               0.006535,               0.006535,                      0,                0.68687,                0.68275,                0.67173,                0.51336,                 0.6763,                0.41873,                0.18836,                0.45004,                0.55456,                0.41522,                0.10599,                0.64863,                      0,                 0.6725,                0.67544,                0.66552,                 0.4889,                0.67785,                0.45255,                0.19238,                 0.4543,                 0.5319,                0.41522,            -0.00067882,                0.69187,              0.0087493,                      0,                0.67262,                0.57927,                0.31241,                0.48306,                 0.2765,                 0.7235,                 0.7235,                      1
                     37,                0.69299,                0.45644,                 1.3753,                0.07919,                0.80883,                0.83683,                0.86404,                0.71101,                0.66405,                0.41229,                 1.4485,                0.08521,               0.006436,               0.006436,               0.006436,                      0,                0.70147,                0.68404,                0.66827,                0.52323,                0.68502,                0.41273,                0.18695,                0.44431,                0.55965,                0.41099,                0.10639,                0.64025,                      0,                0.68149,                0.67513,                0.66131,                0.49827,                0.68391,                0.45053,                0.18949,                0.45002,                 0.5381,                0.41099,              0.0030261,                0.69049,              0.0082646,                      0,                 0.6814,                0.58454,                0.31817,                0.48243,                0.26862,                0.73138,                0.73138,                      1
                     38,                0.68999,                0.45416,                 1.3741,                0.07973,                0.82538,                0.82349,                0.86191,                0.71288,                0.66419,                0.41329,                 1.4476,                 0.0851,               0.006337,               0.006337,               0.006337,                      0,                0.69076,                0.68555,                0.67325,                0.52505,                 0.6759,                0.40491,                0.18635,                0.44807,                0.56672,                0.41328,                0.10479,                0.63609,                      0,                0.67366,                0.67903,                0.66791,                0.50189,                0.67765,                0.44226,                0.18938,                0.45299,                0.54745,                0.41328,            -0.00035776,                0.68835,              0.0084294,                      0,                0.68519,                0.58175,                0.31341,                0.48327,                 0.2717,                 0.7283,                 0.7283,                      1
                     39,                0.69172,                 0.4543,                 1.3769,                0.07956,                0.84057,                0.80857,                0.86668,                0.71704,                 0.6629,                0.41121,                 1.4457,                0.08515,               0.006238,               0.006238,               0.006238,                      0,                0.69054,                0.68844,                 0.6751,                0.52475,                0.67788,                0.40334,                0.18923,                0.44932,                0.56132,                0.41216,                0.10687,                0.64393,                      0,                0.67484,                0.67963,                0.66626,                0.50058,                0.67826,                0.44548,                0.19106,                 0.4514,                0.54049,                0.41216,              0.0015794,                0.68746,              0.0086447,                      0,                0.68473,                0.58372,                0.31466,                0.48334,                0.27146,                0.72854,                0.72854,                      1
                     40,                0.69195,                0.45506,                  1.373,                0.07943,                0.83995,                0.81145,                0.86558,                0.71563,                0.66342,                0.41044,                 1.4476,                0.08507,               0.006139,               0.006139,               0.006139,                      0,                0.69151,                 0.6859,                0.67184,                0.52305,                0.67827,                0.41092,                0.18759,                0.44629,                0.56454,                0.40986,                0.10826,                0.64143,                      0,                0.67464,                 0.6769,                0.66389,                0.49944,                0.67842,                0.45003,                0.18973,                0.45162,                0.54807,                0.40986,             0.00063477,                0.68892,              0.0087956,                      0,                0.68248,                0.58742,                0.31765,                0.48473,                0.26443,                0.73557,                0.73557,                      1
                     41,                0.68686,                 0.4466,                 1.3697,                0.07914,                 0.8318,                 0.8165,                0.86344,                0.71331,                0.66322,                0.41018,                  1.447,                0.08493,                0.00604,                0.00604,                0.00604,                      0,                0.69236,                0.68459,                0.67089,                0.52104,                0.67916,                0.41078,                0.18764,                0.44686,                0.56385,                0.41184,                0.10848,                0.64274,                      0,                0.67827,                0.67576,                0.66346,                0.49659,                0.68004,                0.44844,                0.19004,                0.45078,                0.54393,                0.41184,             0.00060387,                0.68491,              0.0085538,                      0,                0.67999,                0.58246,                0.31521,                0.48126,                0.26603,                0.73397,                0.73397,                      1
                     42,                0.68797,                0.44662,                 1.3731,                0.07916,                0.82991,                0.81711,                0.86437,                 0.7151,                0.66126,                0.40751,                 1.4504,                0.08497,               0.005941,               0.005941,               0.005941,                      0,                0.69262,                0.68398,                 0.6708,                0.52076,                0.67791,                0.41197,                0.18664,                0.44556,                 0.5646,                0.41187,                  0.113,                0.63792,                      0,                0.67713,                0.67685,                0.66486,                0.49627,                0.67907,                0.44811,                0.19052,                0.45081,                0.54776,                0.41187,             -0.0019024,                0.68435,              0.0083834,                      0,                 0.6798,                0.58544,                 0.3152,                0.48478,                0.26885,                0.73115,                0.73115,                      1
                     43,                0.68206,                 0.4445,                 1.3736,                0.07888,                0.82515,                0.83141,                0.86543,                0.71609,                 0.6601,                0.40663,                 1.4517,                0.08486,               0.005842,               0.005842,               0.005842,                      0,                 0.6939,                0.68595,                0.67178,                0.51919,                0.67891,                0.41281,                0.18761,                0.44666,                0.56073,                0.41344,                0.11262,                0.63935,                      0,                0.68089,                 0.6799,                0.66654,                0.49349,                0.68211,                0.44944,                0.19224,                0.45147,                0.53801,                0.41344,             -0.0018011,                0.68534,              0.0085603,                      0,                0.67813,                0.58142,                 0.3139,                0.48265,                0.27471,                0.72529,                0.72529,                      1
                     44,                0.68533,                0.44364,                 1.3684,                0.07949,                 0.8267,                0.83027,                0.86568,                0.71763,                0.65944,                 0.4065,                 1.4499,                0.08493,               0.005743,               0.005743,               0.005743,                      0,                0.69415,                0.68656,                0.67159,                0.52295,                0.67826,                0.41001,                0.18766,                0.44597,                0.57242,                0.41158,                0.11556,                0.63483,                      0,                0.68588,                0.67689,                0.66288,                0.49804,                 0.6829,                0.44763,                0.18944,                0.44664,                0.55145,                0.41158,             -0.0030817,                0.67476,              0.0082036,                      0,                0.68182,                0.58405,                0.31746,                0.48302,                0.26785,                0.73215,                0.73215,                      1
                     45,                0.68361,                0.44114,                 1.3691,                 0.0787,                0.82818,                0.83259,                0.86915,                0.71974,                0.65979,                0.40556,                 1.4486,                0.08489,               0.005644,               0.005644,               0.005644,                      0,                0.69087,                0.68417,                0.67113,                0.51709,                0.67724,                0.41476,                0.18797,                0.44622,                0.55822,                0.41241,                0.11482,                0.64033,                      0,                0.67743,                0.67533,                0.66353,                0.49372,                0.67881,                0.44888,                0.19114,                0.44998,                0.54191,                0.41241,             -0.0065162,                0.68254,              0.0082585,                      0,                0.67644,                0.57972,                0.31417,                0.48003,                 0.2696,                 0.7304,                 0.7304,                      1
                     46,                0.68177,                0.44244,                 1.3704,                0.07834,                0.82308,                 0.8408,                0.87124,                0.72106,                0.65921,                0.40439,                 1.4494,                0.08486,               0.005545,               0.005545,               0.005545,                      0,                0.69509,                0.68301,                0.67008,                 0.5133,                0.68204,                0.41873,                0.18806,                0.44537,                0.55584,                0.40972,                0.11184,                0.64577,                      0,                0.68405,                0.67621,                 0.6636,                0.49218,                0.68462,                0.45225,                0.19122,                0.44863,                 0.5407,                0.40972,             -0.0062054,                0.68622,              0.0083703,                      0,                0.67324,                0.58536,                0.31761,                0.48212,                 0.2646,                 0.7354,                 0.7354,                      1
                     47,                0.68486,                0.44027,                 1.3723,                0.07843,                0.82838,                0.83791,                 0.8715,                0.72134,                0.65929,                0.40267,                 1.4515,                0.08481,               0.005446,               0.005446,               0.005446,                      0,                0.69502,                0.68384,                0.67152,                0.51449,                 0.6816,                0.41633,                0.18849,                0.44614,                0.56011,                0.41094,                 0.1102,                0.64494,                      0,                 0.6839,                 0.6764,                0.66434,                0.48959,                 0.6855,                0.45315,                0.19196,                0.44901,                0.54257,                0.41094,              -0.006996,                0.68988,              0.0085787,                      0,                0.67347,                0.58102,                0.31865,                0.47974,                0.26805,                0.73195,                0.73195,                      1
                     48,                0.67989,                0.44013,                 1.3697,                 0.0786,                0.83315,                0.82504,                0.86902,                0.71887,                0.65919,                0.40282,                 1.4528,                0.08488,               0.005347,               0.005347,               0.005347,                      0,                0.69609,                0.68557,                0.67284,                0.51414,                0.68238,                0.41639,                 0.1873,                0.44649,                0.56542,                0.41295,                0.11023,                0.64552,                      0,                0.68405,                0.67828,                0.66541,                0.49159,                0.68498,                0.45147,                0.19045,                0.44971,                0.54639,                0.41295,             -0.0075464,                0.68748,              0.0082935,                      0,                0.67421,                0.58606,                0.31309,                  0.487,                0.27117,                0.72883,                0.72883,                      1
                     49,                 0.6788,                0.43592,                 1.3666,                0.07906,                0.82992,                 0.8245,                0.86658,                 0.7175,                 0.6592,                0.40361,                 1.4544,                0.08481,               0.005248,               0.005248,               0.005248,                      0,                0.69172,                 0.6842,                0.67113,                0.52025,                0.67925,                0.41434,                0.18849,                0.44723,                0.56283,                0.41161,                0.10891,                 0.6455,                      0,                0.67739,                0.67518,                0.66407,                0.49575,                0.68044,                0.44699,                0.19206,                0.45087,                0.54382,                0.41161,             -0.0066143,                0.68869,               0.007965,                      0,                0.67928,                0.58215,                0.31803,                0.48126,                0.26974,                0.73026,                0.73026,                      1
                     50,                0.67672,                0.43354,                 1.3687,                0.07889,                0.83707,                0.81676,                0.86567,                0.71725,                0.65914,                0.40382,                 1.4545,                 0.0848,               0.005149,               0.005149,               0.005149,                      0,                0.69187,                0.68704,                0.67337,                0.51732,                 0.6784,                0.41202,                0.18739,                0.44653,                0.56793,                0.41274,                0.10702,                0.64226,                      0,                0.68014,                0.68021,                0.66636,                0.49208,                0.68155,                0.44912,                0.19129,                0.45023,                0.54823,                0.41274,             -0.0052915,                0.68533,              0.0084932,                      0,                0.67667,                0.58418,                 0.3128,                0.48509,                0.27145,                0.72855,                0.72855,                      1
                     51,                0.67726,                0.43103,                 1.3642,                0.07935,                0.83546,                0.82046,                 0.8662,                0.71778,                0.65897,                0.40333,                  1.455,                0.08484,                0.00505,                0.00505,                0.00505,                      0,                 0.6932,                0.68706,                0.67292,                0.52287,                0.67848,                0.40698,                0.18813,                0.44367,                0.56101,                0.41012,                0.10635,                0.63785,                      0,                0.67666,                0.67789,                 0.6658,                0.49863,                0.67867,                0.44314,                0.19152,                0.44817,                0.54386,                0.41012,             -0.0060321,                0.68422,              0.0082354,                      0,                0.68243,                0.58263,                0.31591,                0.47968,                0.26602,                0.73398,                0.73398,                      1
                     52,                0.67235,                0.43011,                 1.3712,                0.07919,                0.82347,                0.83657,                0.86712,                0.71857,                0.65894,                0.40269,                 1.4544,                0.08482,               0.004951,               0.004951,               0.004951,                      0,                0.68915,                0.68602,                0.67226,                0.52032,                0.67505,                0.41051,                0.18706,                 0.4464,                0.56943,                0.41231,                  0.107,                0.63711,                      0,                0.67689,                 0.6784,                0.66436,                0.49583,                  0.679,                0.44842,                0.19057,                0.45123,                0.54585,                0.41231,             -0.0061657,                0.68467,              0.0085124,                      0,                0.67956,                0.58356,                0.31349,                0.48343,                0.27087,                0.72913,                0.72913,                      1
                     53,                0.67022,                0.42678,                 1.3653,                0.07863,                0.82128,                0.83933,                0.86709,                0.71888,                 0.6588,                0.40269,                 1.4553,                0.08479,               0.004852,               0.004852,               0.004852,                      0,                0.69362,                  0.686,                0.67447,                0.51572,                0.67935,                0.41229,                0.18738,                 0.4453,                0.56068,                 0.4119,                0.10639,                0.64026,                      0,                0.68304,                0.67885,                0.66755,                0.48991,                 0.6829,                0.44756,                0.19202,                0.44723,                0.54588,                 0.4119,             -0.0047987,                0.68251,              0.0084996,                      0,                0.67516,                0.58515,                0.31468,                0.48529,                0.26742,                0.73258,                0.73258,                      1
                     54,                0.66618,                0.42572,                 1.3726,                0.07813,                0.81831,                0.84332,                0.86765,                0.71878,                0.65862,                0.40219,                 1.4559,                0.08481,               0.004753,               0.004753,               0.004753,                      0,                 0.6982,                0.68562,                0.67075,                0.51168,                0.68328,                0.42053,                0.18863,                 0.4407,                0.55637,                0.41041,                0.10558,                0.64221,                      0,                 0.6854,                0.67737,                0.66396,                0.48762,                0.68521,                0.45371,                0.19222,                0.44516,                0.54566,                0.41041,             -0.0059713,                0.68469,              0.0083707,                      0,                0.67078,                0.58605,                0.31481,                0.48323,                0.26647,                0.73353,                0.73353,                      1
                     55,                 0.6718,                0.42639,                 1.3677,                0.07858,                0.82331,                0.83885,                0.86813,                0.71914,                0.65847,                0.40168,                 1.4569,                 0.0848,               0.004654,               0.004654,               0.004654,                      0,                0.69555,                0.68747,                0.67505,                0.51506,                0.68206,                0.41384,                0.18906,                0.44449,                0.55658,                0.41189,                0.10569,                0.64519,                      0,                0.68111,                0.67816,                0.66694,                0.49212,                0.68274,                0.45043,                0.19134,                0.44862,                0.54085,                0.41189,             -0.0065329,                 0.6872,              0.0081796,                      0,                 0.6755,                0.58596,                 0.3159,                  0.486,                0.26781,                0.73219,                0.73219,                      1
                     56,                0.66412,                0.42379,                 1.3628,                0.07799,                0.82091,                 0.8396,                0.86707,                0.71854,                0.65813,                0.40185,                 1.4566,                 0.0848,               0.004555,               0.004555,               0.004555,                      0,                 0.7009,                0.68329,                  0.668,                0.51234,                0.68474,                0.42566,                0.18623,                0.44076,                0.55579,                0.41029,                0.10481,                 0.6401,                      0,                0.68864,                0.67416,                0.65981,                0.48643,                0.68881,                0.46232,                 0.1893,                0.44498,                0.53701,                0.41029,             -0.0053801,                0.68928,              0.0081257,                      0,                0.67002,                 0.5877,                0.31877,                0.48535,                0.26589,                0.73411,                0.73411,                      1
                     57,                0.66608,                0.42242,                 1.3611,                0.07812,                0.82338,                0.84027,                0.86749,                0.71879,                0.65806,                0.40137,                 1.4567,                0.08481,               0.004456,               0.004456,               0.004456,                      0,                 0.6908,                0.68439,                 0.6737,                 0.5118,                0.67944,                0.41685,                0.18836,                0.44675,                0.55141,                0.41392,                0.10511,                 0.6487,                      0,                0.68004,                0.67637,                0.66678,                0.48922,                0.68133,                0.44784,                0.19249,                0.44939,                0.53375,                0.41392,             -0.0059623,                0.68483,              0.0081241,                      0,                0.67212,                0.58264,                 0.3135,                0.48492,                0.26971,                0.73029,                0.73029,                      1
                     58,                0.66481,                0.41953,                 1.3562,                0.07822,                0.82865,                0.83739,                0.86779,                0.71956,                0.65809,                0.40093,                 1.4566,                0.08483,               0.004357,               0.004357,               0.004357,                      0,                0.69539,                0.68709,                0.67418,                0.51176,                0.68306,                0.41952,                0.18789,                0.44437,                0.55866,                0.41047,                0.10521,                 0.6486,                      0,                0.68423,                0.67927,                0.66658,                0.48778,                0.68588,                0.45467,                0.19183,                0.44725,                0.54057,                0.41047,              -0.007468,                0.69049,              0.0083072,                      0,                0.67168,                0.58767,                0.31373,                0.48561,                0.26365,                0.73635,                0.73635,                      1
                     59,                0.66738,                0.41861,                 1.3675,                 0.0785,                0.83523,                0.83118,                0.86796,                0.72003,                0.65789,                 0.4003,                 1.4575,                0.08482,               0.004258,               0.004258,               0.004258,                      0,                0.69152,                0.68689,                0.67391,                0.51569,                0.67882,                0.41412,                0.18894,                0.44642,                0.56105,                 0.4131,                0.10606,                0.64487,                      0,                0.67713,                0.67721,                 0.6655,                0.48848,                0.68194,                 0.4546,                0.19207,                0.45152,                0.53758,                 0.4131,             -0.0075282,                 0.6948,              0.0085661,                      0,                 0.6744,                 0.5788,                0.31479,                0.47954,                0.27216,                0.72784,                0.72784,                      1
                     60,                 0.6584,                0.41535,                 1.3558,                0.07782,                0.83979,                0.82962,                0.86791,                0.72027,                0.65777,                0.39979,                 1.4578,                0.08481,               0.004159,               0.004159,               0.004159,                      0,                0.70217,                0.68681,                0.67095,                0.51047,                0.68392,                0.42154,                 0.1882,                0.44198,                 0.5528,                0.41206,                0.10766,                0.63505,                      0,                0.68554,                0.67681,                0.66221,                0.48521,                0.68479,                0.45716,                 0.1914,                0.44637,                0.53222,                0.41206,             -0.0065398,                0.68281,              0.0081887,                      0,                0.66906,                0.58194,                0.31442,                0.48119,                0.27199,                0.72801,                0.72801,                      1
                     61,                 0.6629,                0.41662,                 1.3581,                0.07817,                0.83622,                0.83241,                0.86771,                0.72025,                0.65765,                0.39963,                 1.4586,                0.08479,                0.00406,                0.00406,                0.00406,                      0,                0.69667,                0.68577,                0.67217,                0.51243,                0.68232,                0.41907,                0.18793,                0.44382,                0.55588,                0.41307,                 0.1081,                0.64338,                      0,                0.68458,                0.67821,                0.66527,                0.48837,                0.68422,                0.45291,                0.19204,                0.44722,                0.53524,                0.41307,             -0.0084113,                0.68323,              0.0082558,                      0,                0.67188,                0.58173,                0.31413,                0.48241,                0.26936,                0.73064,                0.73064,                      1
                     62,                0.66146,                0.41621,                  1.364,                0.07773,                0.83816,                0.83279,                0.86778,                0.72019,                0.65748,                0.39964,                 1.4594,                0.08477,               0.003961,               0.003961,               0.003961,                      0,                0.69866,                0.68604,                0.67182,                0.50904,                0.68433,                0.42435,                0.18864,                0.44393,                0.55562,                0.41245,                0.10579,                0.64593,                      0,                0.69116,                0.67868,                0.66525,                0.48189,                0.69057,                0.45816,                0.19301,                0.44622,                0.53773,                0.41245,             -0.0082297,                0.68899,              0.0081631,                      0,                 0.6674,                0.58422,                0.31564,                0.48421,                0.27182,                0.72818,                0.72818,                      1
                     63,                0.65978,                0.41383,                 1.3649,                0.07847,                0.83955,                0.82946,                0.86781,                0.72001,                0.65742,                0.39944,                 1.4601,                0.08477,               0.003862,               0.003862,               0.003862,                      0,                0.69286,                0.68626,                0.67184,                0.51453,                0.68067,                0.41966,                0.18806,                 0.4444,                 0.5565,                0.40987,                0.10674,                0.64677,                      0,                0.68014,                0.67872,                0.66528,                0.49162,                0.68207,                0.44958,                0.19289,                0.44679,                0.54358,                0.40987,             -0.0083386,                0.68745,              0.0080388,                      0,                0.67431,                0.58494,                0.31756,                0.48197,                0.26437,                0.73563,                0.73563,                      1
                     64,                 0.6599,                0.41489,                  1.363,                0.07827,                0.83922,                0.82983,                0.86795,                 0.7203,                0.65725,                0.39924,                 1.4601,                0.08476,               0.003763,               0.003763,               0.003763,                      0,                0.69983,                0.68694,                0.67406,                 0.5115,                0.68411,                0.41631,                0.18749,                0.44193,                 0.5619,                0.40959,                0.10707,                0.64033,                      0,                0.68977,                0.67856,                0.66562,                0.48867,                0.68851,                0.45329,                0.19074,                0.44529,                0.54055,                0.40959,             -0.0087272,                0.68501,              0.0082935,                      0,                 0.6717,                0.58672,                 0.3156,                0.48391,                0.26414,                0.73586,                0.73586,                      1
                     65,                0.65622,                0.40818,                  1.365,                0.07843,                0.84286,                0.82903,                0.86767,                0.72005,                0.65706,                0.39935,                 1.4609,                0.08476,               0.003664,               0.003664,               0.003664,                      0,                0.69501,                0.69011,                0.67388,                0.51577,                0.68154,                0.41918,                0.18855,                 0.4445,                0.55043,                0.41063,                0.10762,                0.64461,                      0,                0.68329,                0.68017,                0.66482,                0.49166,                0.68429,                 0.4553,                0.19198,                0.44753,                0.53217,                0.41063,              -0.010402,                0.68704,              0.0080427,                      0,                0.67545,                0.58161,                0.31629,                0.47945,                0.26726,                0.73274,                0.73274,                      1
                     66,                0.65473,                0.41005,                 1.3555,                0.07818,                0.84325,                0.82764,                0.86774,                0.72025,                0.65698,                0.39941,                 1.4608,                0.08474,               0.003565,               0.003565,               0.003565,                      0,                 0.6941,                0.68608,                0.67297,                0.51165,                0.68179,                 0.4184,                0.18828,                0.44451,                0.55832,                0.41116,                0.10712,                0.64803,                      0,                0.68409,                 0.6768,                 0.6644,                0.48802,                0.68566,                  0.454,                0.19158,                0.44908,                0.54043,                0.41116,             -0.0091032,                0.68996,              0.0080533,                      0,                0.67131,                0.58363,                0.31604,                0.48204,                0.26724,                0.73276,                0.73276,                      1
                     67,                0.65431,                0.40661,                 1.3524,                0.07769,                0.84063,                0.82979,                0.86788,                0.72066,                0.65679,                 0.3992,                 1.4608,                0.08473,               0.003466,               0.003466,               0.003466,                      0,                0.69494,                0.68469,                0.67108,                0.50759,                0.68247,                0.42458,                0.18961,                0.44456,                0.55779,                0.41054,                0.10981,                0.64849,                      0,                0.68316,                0.67579,                0.66314,                0.48368,                0.68495,                0.45747,                0.19337,                0.44824,                0.53656,                0.41054,              -0.010329,                0.68981,              0.0081542,                      0,                0.66673,                0.58249,                 0.3167,                0.47922,                0.26844,                0.73156,                0.73156,                      1
                     68,                0.65284,                0.40344,                 1.3551,                0.07745,                0.84145,                0.82774,                0.86786,                0.72095,                0.65671,                0.39897,                 1.4607,                0.08472,               0.003367,               0.003367,               0.003367,                      0,                0.69367,                0.68571,                0.67395,                0.50445,                  0.683,                0.42238,                0.19004,                0.44678,                0.55796,                 0.4119,                0.10971,                0.65403,                      0,                0.68714,                0.67672,                0.66522,                0.47965,                 0.6884,                0.45685,                0.19348,                0.44873,                0.54257,                 0.4119,              -0.011028,                0.69183,              0.0080329,                      0,                0.66395,                0.58515,                0.31703,                0.48456,                0.26925,                0.73075,                0.73075,                      1
                     69,                0.65131,                0.40396,                 1.3555,                0.07809,                0.84171,                0.82689,                0.86796,                0.72114,                0.65669,                0.39894,                 1.4607,                0.08472,               0.003268,               0.003268,               0.003268,                      0,                0.68961,                0.68537,                0.67432,                0.51048,                0.68004,                0.41607,                0.18886,                0.44677,                0.56208,                0.41241,                 0.1098,                0.65428,                      0,                0.68284,                0.67715,                0.66698,                0.48429,                0.68555,                 0.4519,                0.19337,                  0.449,                0.54331,                0.41241,              -0.012388,                0.69284,              0.0081706,                      0,                0.66972,                0.58145,                0.31426,                0.48176,                0.27094,                0.72906,                0.72906,                      1
                     70,                0.64907,                0.40196,                 1.3509,                0.07744,                 0.8412,                0.82788,                 0.8678,                0.72087,                0.65665,                0.39882,                  1.461,                0.08473,               0.003169,               0.003169,               0.003169,                      0,                0.69622,                 0.6856,                 0.6728,                0.50591,                0.68351,                0.42382,                0.18987,                0.44248,                0.54943,                0.41119,                0.11028,                0.64854,                      0,                  0.687,                0.67561,                0.66393,                0.48306,                0.68695,                0.45626,                  0.193,                0.44584,                0.53084,                0.41119,              -0.012784,                0.68681,              0.0079581,                      0,                0.66575,                0.58203,                0.31605,                0.48092,                0.26655,                0.73345,                0.73345,                      1
                     71,                0.64559,                 0.3974,                 1.3566,                 0.0778,                0.84144,                0.82784,                0.86788,                0.72181,                0.65653,                0.39858,                 1.4613,                0.08472,                0.00307,                0.00307,                0.00307,                      0,                0.69318,                0.68713,                0.67511,                0.50812,                0.68143,                0.42237,                0.18868,                0.44539,                0.55138,                0.41363,                0.10895,                0.64981,                      0,                 0.6867,                0.67903,                0.66701,                0.48579,                0.68586,                0.45406,                0.19235,                0.44656,                0.53542,                0.41363,              -0.013505,                0.68362,              0.0080211,                      0,                0.66878,                0.58362,                 0.3116,                0.48557,                0.27086,                0.72914,                0.72914,                      1
                     72,                0.64615,                0.39663,                 1.3569,                0.07695,                0.84231,                0.82732,                0.86758,                0.72152,                0.65651,                0.39857,                 1.4615,                0.08472,               0.002971,               0.002971,               0.002971,                      0,                0.69672,                0.68228,                0.67063,                0.50145,                0.68514,                0.43055,                 0.1882,                0.44475,                 0.5487,                0.41209,                0.10654,                0.65375,                      0,                0.68658,                0.67435,                 0.6635,                0.47885,                0.68719,                0.46066,                 0.1925,                0.44717,                 0.5297,                0.41209,              -0.014341,                0.68884,              0.0080946,                      0,                0.66098,                0.58005,                0.31622,                0.47982,                0.26942,                0.73058,                0.73058,                      1
                     73,                0.64232,                0.39316,                 1.3615,                0.07735,                0.84313,                0.82631,                0.86723,                0.72077,                0.65654,                0.39846,                 1.4621,                0.08473,               0.002872,               0.002872,               0.002872,                      0,                0.69737,                0.68746,                 0.6748,                0.50426,                 0.6843,                0.42329,                0.19054,                0.44436,                0.55047,                0.41306,                0.10508,                0.64936,                      0,                0.68738,                0.67864,                0.66754,                 0.4805,                 0.6875,                0.45488,                0.19432,                0.44756,                0.53511,                0.41306,               -0.01472,                0.68781,              0.0079588,                      0,                0.66444,                0.58327,                0.31457,                0.48445,                0.27223,                0.72777,                0.72777,                      1
                     74,                0.63992,                0.39399,                 1.3441,                0.07814,                0.84205,                0.82677,                0.86693,                0.72057,                0.65652,                 0.3986,                 1.4622,                0.08474,               0.002773,               0.002773,               0.002773,                      0,                0.69568,                0.68897,                0.67591,                 0.5119,                0.68194,                 0.4152,                0.18966,                0.44198,                0.55032,                0.41108,                0.10535,                0.64393,                      0,                0.68549,                 0.6812,                0.66891,                0.48859,                0.68545,                0.44844,                0.19398,                0.44507,                0.53284,                0.41108,              -0.015716,                0.68534,              0.0079531,                      0,                0.67252,                0.58803,                0.31436,                0.48679,                0.26554,                0.73446,                0.73446,                      1
                     75,                0.64117,                0.39436,                 1.3492,                0.07735,                0.84124,                0.82732,                0.86702,                0.72069,                0.65651,                0.39853,                 1.4624,                0.08474,               0.002674,               0.002674,               0.002674,                      0,                0.69846,                0.68629,                0.67364,                0.50368,                0.68506,                0.42492,                0.18802,                0.44328,                0.55509,                0.41101,                0.10571,                0.64831,                      0,                0.68922,                0.67832,                0.66576,                0.48031,                0.68901,                0.45789,                0.19201,                0.44473,                0.53799,                0.41101,              -0.016674,                0.68843,              0.0079527,                      0,                0.66365,                0.58642,                0.31421,                0.48478,                0.26724,                0.73276,                0.73276,                      1
                     76,                0.63655,                0.38956,                 1.3545,                0.07755,                0.84008,                0.82946,                0.86691,                0.72053,                0.65648,                0.39849,                  1.463,                0.08473,               0.002575,               0.002575,               0.002575,                      0,                0.70181,                0.68827,                0.67385,                0.50532,                0.68607,                0.42244,                0.18916,                0.43792,                0.55544,                0.41055,                0.10804,                0.64235,                      0,                0.69076,                0.67851,                 0.6647,                0.48244,                0.68852,                0.45583,                0.19222,                0.44089,                0.54057,                0.41055,               -0.01579,                0.68229,              0.0079805,                      0,                0.66539,                0.58707,                0.31338,                0.48498,                0.26469,                0.73531,                0.73531,                      1
                     77,                0.64015,                0.39103,                 1.3485,                 0.0772,                0.83991,                0.82942,                0.86703,                0.72087,                0.65643,                0.39826,                 1.4632,                0.08471,               0.002476,               0.002476,               0.002476,                      0,                0.69138,                 0.6841,                0.67228,                0.50485,                0.68262,                0.43042,                0.18817,                0.44683,                0.54749,                 0.4106,                0.10915,                0.65812,                      0,                0.68174,                0.67498,                0.66414,                0.47992,                0.68525,                0.46195,                0.19285,                 0.4487,                0.52633,                 0.4106,              -0.016205,                0.69507,              0.0078686,                      0,                0.66393,                0.58632,                0.31692,                0.48467,                0.26337,                0.73663,                0.73663,                      1
                     78,                0.63606,                0.38731,                 1.3429,                0.07784,                0.84047,                0.82798,                0.86679,                0.72065,                0.65646,                 0.3984,                 1.4635,                 0.0847,               0.002377,               0.002377,               0.002377,                      0,                0.69681,                0.68822,                0.67578,                0.50725,                0.68454,                0.41854,                0.18966,                0.44371,                0.55981,                 0.4114,                0.10758,                0.65098,                      0,                0.68882,                0.67841,                 0.6663,                0.48355,                0.68818,                0.45261,                0.19315,                0.44548,                0.54445,                 0.4114,              -0.016531,                0.68643,              0.0078957,                      0,                0.66751,                0.58252,                 0.3144,                0.48109,                0.26785,                0.73215,                0.73215,                      1
                     79,                0.63789,                0.38819,                 1.3459,                0.07739,                0.84314,                0.82425,                0.86685,                0.72079,                0.65637,                0.39828,                 1.4639,                 0.0847,               0.002278,               0.002278,               0.002278,                      0,                0.69383,                0.68745,                0.67702,                0.50387,                 0.6819,                 0.4199,                0.18954,                0.44534,                0.55434,                0.41345,                0.10599,                0.64953,                      0,                0.68568,                0.67806,                0.66862,                0.47893,                0.68589,                0.45361,                0.19276,                0.44795,                0.53784,                0.41345,              -0.016838,                0.68646,              0.0079113,                      0,                0.66411,                0.58328,                0.31167,                0.48519,                0.26929,                0.73071,                0.73071,                      1
                     80,                0.62762,                0.38309,                 1.3484,                0.07751,                0.84672,                0.82159,                0.86623,                0.72055,                0.65636,                0.39806,                 1.4642,                0.08468,               0.002179,               0.002179,               0.002179,                      0,                 0.6973,                0.68641,                0.67332,                0.50619,                0.68474,                0.41935,                0.18887,                0.44442,                0.55428,                0.41139,                0.10553,                0.65052,                      0,                0.68917,                 0.6789,                0.66612,                0.48122,                0.69006,                0.45387,                0.19354,                0.44665,                0.53435,                0.41139,              -0.015699,                0.69251,              0.0080171,                      0,                 0.6656,                 0.5862,                0.31502,                0.48498,                0.26845,                0.73155,                0.73155,                      1
                     81,                0.63354,                0.38446,                 1.3434,                0.07711,                0.84427,                 0.8231,                0.86644,                0.72075,                0.65627,                0.39803,                 1.4646,                0.08468,                0.00208,                0.00208,                0.00208,                      0,                0.69636,                0.68601,                0.67321,                0.50281,                0.68529,                0.42986,                0.19002,                0.44583,                0.55108,                0.41122,                0.10441,                0.65548,                      0,                0.68477,                0.67635,                0.66498,                0.47825,                0.68884,                 0.4633,                0.19409,                0.45013,                0.53057,                0.41122,              -0.016147,                 0.6998,              0.0080571,                      0,                0.66224,                0.58167,                0.31836,                0.48029,                0.27065,                0.72935,                0.72935,                      1
                     82,                 0.6318,                0.38241,                 1.3384,                0.07743,                0.84117,                0.82611,                 0.8666,                0.72037,                0.65631,                0.39812,                  1.465,                0.08468,               0.001981,               0.001981,               0.001981,                      0,                0.69593,                0.68743,                0.67332,                0.50682,                0.68343,                0.42439,                0.18935,                 0.4453,                0.54835,                0.41203,                0.10508,                0.64989,                      0,                0.68596,                 0.6784,                0.66504,                0.48181,                0.68654,                 0.4583,                0.19346,                0.44813,                0.52623,                0.41203,              -0.016345,                 0.6881,              0.0077938,                      0,                0.66613,                0.58197,                0.31514,                0.48148,                 0.2715,                 0.7285,                 0.7285,                      1
                     83,                0.62694,                0.37925,                 1.3461,                0.07669,                0.83961,                0.82709,                0.86646,                0.72059,                0.65636,                0.39825,                 1.4655,                0.08468,               0.001882,               0.001882,               0.001882,                      0,                0.69779,                 0.6868,                0.67413,                0.50015,                0.68568,                 0.4301,                0.19007,                0.44524,                0.54076,                0.41384,                0.10473,                0.65343,                      0,                 0.6862,                0.67844,                 0.6661,                 0.4758,                0.68872,                0.46396,                0.19395,                0.44919,                0.52317,                0.41384,              -0.014607,                0.69542,              0.0079892,                      0,                 0.6599,                0.58044,                0.31431,                0.48231,                0.27305,                0.72695,                0.72695,                      1
                     84,                0.63275,                0.38198,                 1.3474,                0.07727,                0.83404,                0.83363,                0.86636,                0.72038,                0.65625,                0.39841,                 1.4657,                0.08468,               0.001783,               0.001783,               0.001783,                      0,                0.69623,                0.68721,                0.67506,                0.50283,                0.68702,                0.42785,                0.19002,                 0.4443,                0.55183,                0.41141,                0.10409,                0.66168,                      0,                 0.6887,                0.68001,                0.66722,                0.48062,                0.69104,                0.45817,                  0.194,                0.44564,                0.53386,                0.41141,              -0.014272,                0.69748,              0.0079878,                      0,                0.66354,                0.58628,                0.31574,                0.48559,                0.26663,                0.73337,                0.73337,                      1
                     85,                0.62827,                0.37881,                 1.3425,                0.07734,                0.83413,                0.83316,                0.86635,                0.72037,                0.65627,                0.39868,                 1.4664,                0.08467,               0.001684,               0.001684,               0.001684,                      0,                0.70172,                0.68524,                0.67067,                0.50521,                0.68588,                0.42795,                0.18727,                0.44073,                0.54922,                0.41227,                0.10321,                0.64298,                      0,                0.69022,                0.67724,                 0.6629,                0.48252,                0.68835,                0.45973,                0.19146,                0.44366,                0.53185,                0.41227,              -0.014159,                0.68327,              0.0079444,                      0,                0.66467,                0.58181,                0.31433,                  0.482,                0.26978,                0.73022,                0.73022,                      1
                     86,                0.62234,                 0.3742,                 1.3352,                0.07626,                 0.8266,                0.83938,                0.86624,                0.72032,                0.65632,                0.39886,                 1.4668,                0.08467,               0.001585,               0.001585,               0.001585,                      0,                0.69584,                0.68657,                0.67542,                0.49596,                0.68606,                0.42999,                0.18999,                0.44653,                 0.5389,                0.41422,                0.10273,                0.66018,                      0,                0.68604,                0.67802,                0.66727,                 0.4719,                0.68917,                0.46346,                0.19451,                0.44971,                0.51968,                0.41422,              -0.015258,                0.69745,              0.0080873,                      0,                0.65611,                0.58314,                0.31176,                0.48559,                0.27437,                0.72563,                0.72563,                      1
                     87,                0.62464,                0.37617,                 1.3399,                0.07727,                0.82861,                0.83871,                0.86647,                0.72045,                0.65635,                0.39884,                 1.4672,                0.08467,               0.001486,               0.001486,               0.001486,                      0,                0.69815,                0.68633,                0.67381,                0.50414,                0.68668,                0.42456,                0.18847,                0.44466,                0.55116,                0.41214,                0.10214,                0.65514,                      0,                0.68854,                0.67828,                0.66658,                0.47934,                0.69064,                0.45919,                0.19317,                 0.4464,                 0.5319,                0.41214,              -0.016152,                0.69642,              0.0081741,                      0,                0.66373,                 0.5853,                  0.315,                 0.4855,                0.26668,                0.73332,                0.73332,                      1
                     88,                0.62301,                0.37468,                 1.3333,                0.07682,                0.82894,                0.83832,                0.86617,                0.72018,                0.65631,                0.39887,                 1.4675,                0.08467,               0.001387,               0.001387,               0.001387,                      0,                0.69945,                0.68584,                0.67262,                0.50112,                0.68599,                0.42939,                0.18934,                0.44181,                0.54451,                0.41031,                0.10159,                0.64884,                      0,                0.69055,                0.67678,                0.66379,                0.47705,                0.69047,                0.46459,                0.19266,                0.44435,                0.52664,                0.41031,              -0.016636,                0.69024,              0.0081106,                      0,                0.66052,                0.58733,                0.31822,                0.48505,                0.26595,                0.73405,                0.73405,                      1
                     89,                0.62126,                0.37033,                  1.339,                0.07754,                0.82713,                0.83935,                 0.8658,                0.72016,                0.65634,                0.39918,                 1.4679,                0.08466,               0.001288,               0.001288,               0.001288,                      0,                0.69484,                0.68868,                0.67404,                0.50782,                0.68315,                0.42536,                0.19089,                 0.4466,                0.54739,                0.41323,                0.10085,                0.65236,                      0,                0.68574,                0.68075,                0.66762,                0.48208,                0.68861,                0.45599,                0.19618,                0.45033,                 0.5277,                0.41323,              -0.017101,                0.69617,              0.0077833,                      0,                0.66722,                0.57726,                0.31581,                0.47765,                0.27518,                0.72482,                0.72482,                      1
                     90,                0.61759,                0.36866,                 1.3357,                0.07704,                0.82975,                0.83736,                0.86563,                0.72012,                0.65638,                0.39936,                 1.4681,                0.08465,               0.001189,               0.001189,               0.001189,                      0,                0.70051,                0.68864,                0.67581,                0.50115,                0.68699,                0.42617,                0.18877,                0.44218,                0.55609,                0.41296,                0.10016,                0.65024,                      0,                0.69236,                0.67998,                0.66844,                0.47406,                0.69144,                0.45938,                0.19344,                0.44527,                0.53695,                0.41296,              -0.017321,                0.68896,              0.0077966,                      0,                0.66046,                0.58554,                0.31351,                0.48708,                0.26905,                0.73095,                0.73095,                      1
                     91,                0.62206,                0.36857,                 1.3353,                 0.0768,                 0.8295,                0.83757,                0.86566,                0.72011,                0.65639,                0.39954,                 1.4684,                0.08465,                0.00109,                0.00109,                0.00109,                      0,                0.69342,                 0.6865,                0.67625,                  0.498,                0.68424,                0.42628,                0.19054,                 0.4459,                0.54973,                0.41351,               0.099186,                0.65936,                      0,                0.68857,                0.67948,                0.66872,                0.47579,                0.68998,                0.45641,                0.19465,                 0.4471,                0.53518,                0.41351,              -0.017642,                0.69379,              0.0078581,                      0,                0.65903,                0.58326,                0.31167,                0.48493,                0.26951,                0.73049,                0.73049,                      1
                     92,                0.62046,                0.36873,                 1.3275,                0.07656,                 0.8294,                0.83914,                0.86591,                0.72014,                0.65625,                0.39963,                 1.4686,                0.08466,               0.000991,               0.000991,               0.000991,                      0,                0.70365,                0.68673,                0.67365,                0.49729,                0.68987,                0.43128,                0.19035,                0.44073,                0.54815,                0.41138,               0.099309,                0.65217,                      0,                0.69292,                0.67805,                0.66587,                0.47362,                0.69236,                0.46355,                 0.1945,                0.44407,                0.53079,                0.41138,              -0.017274,                0.69081,              0.0080502,                      0,                0.65716,                0.58466,                0.31665,                0.48415,                0.26776,                0.73224,                0.73224,                      1
                     93,                0.61685,                0.36595,                 1.3318,                0.07668,                0.82952,                0.83833,                0.86558,                 0.7197,                0.65629,                0.39963,                 1.4687,                0.08465,               0.000892,               0.000892,               0.000892,                      0,                 0.6901,                0.68791,                0.67648,                0.49913,                0.68273,                0.42878,                0.19127,                0.44856,                0.54419,                0.41435,               0.099948,                0.66339,                      0,                0.68367,                0.67876,                0.66818,                0.47394,                0.68736,                0.46194,                0.19533,                0.45117,                0.52604,                0.41435,              -0.016836,                0.69707,              0.0079181,                      0,                0.65916,                0.57933,                0.31171,                0.48219,                0.27607,                0.72393,                0.72393,                      1
                     94,                0.61316,                0.36282,                 1.3295,                0.07625,                0.82958,                0.83761,                0.86535,                0.71965,                0.65632,                0.39999,                 1.4689,                0.08464,               0.000793,               0.000793,               0.000793,                      0,                0.69776,                0.68433,                0.67092,                0.49621,                0.68645,                0.43601,                0.18994,                0.44421,                0.54233,                0.41164,                0.10003,                0.65592,                      0,                0.68932,                0.67616,                0.66386,                0.47161,                0.69103,                0.46656,                0.19506,                0.44671,                0.52512,                0.41164,              -0.016092,                0.69563,              0.0078114,                      0,                0.65515,                0.57992,                0.31764,                0.47861,                0.27041,                0.72959,                0.72959,                      1
                     95,                0.61083,                0.36111,                  1.329,                0.07639,                0.83029,                0.83698,                0.86531,                 0.7195,                0.65628,                0.39997,                 1.4691,                0.08464,               0.000694,               0.000694,               0.000694,                      0,                0.69894,                0.68533,                 0.6715,                0.49826,                0.68696,                0.43563,                0.18897,                0.44156,                0.53964,                0.41145,               0.099972,                0.65394,                      0,                0.69005,                0.67633,                 0.6634,                0.47341,                0.69125,                0.46557,                0.19401,                0.44396,                0.52082,                0.41145,              -0.016081,                0.69456,              0.0079722,                      0,                0.65718,                 0.5835,                0.31605,                0.48212,                0.26612,                0.73388,                0.73388,                      1
                     96,                0.60871,                0.36001,                 1.3264,                0.07683,                0.83108,                0.83592,                0.86507,                0.71931,                0.65628,                0.39992,                 1.4692,                0.08464,               0.000595,               0.000595,               0.000595,                      0,                0.70155,                0.68697,                0.67237,                0.50004,                0.68798,                0.43018,                0.18957,                 0.4401,                0.54722,                0.41014,               0.099937,                0.65079,                      0,                0.69606,                0.67868,                0.66445,                0.47676,                0.69369,                0.46078,                0.19406,                0.44215,                  0.534,                0.41014,              -0.016028,                0.68717,              0.0078381,                      0,                0.65971,                0.58458,                0.31508,                0.48153,                0.26732,                0.73268,                0.73268,                      1
                     97,                 0.6106,                0.36013,                 1.3208,                0.07676,                0.84141,                0.82595,                0.86508,                0.71939,                0.65634,                0.40005,                 1.4695,                0.08464,               0.000496,               0.000496,               0.000496,                      0,                0.69891,                0.68812,                0.67513,                0.49978,                0.68631,                0.42761,                 0.1899,                0.44366,                0.54487,                0.41356,               0.099516,                0.65263,                      0,                0.69053,                0.67887,                0.66663,                0.47494,                0.69137,                0.46141,                0.19406,                0.44658,                0.53098,                0.41356,               -0.01627,                 0.6936,              0.0079572,                      0,                0.65957,                0.58191,                 0.3133,                0.48369,                0.27234,                0.72766,                0.72766,                      1
                     98,                0.60797,                 0.3578,                 1.3291,                0.07644,                0.84143,                 0.8262,                0.86443,                0.71878,                0.65628,                0.40011,                 1.4698,                0.08464,               0.000397,               0.000397,               0.000397,                      0,                0.69844,                0.68668,                0.67403,                0.49685,                 0.6882,                0.43264,                0.19027,                0.44378,                0.54236,                0.41277,               0.099216,                0.66072,                      0,                0.69268,                0.67772,                0.66618,                0.47361,                0.69421,                0.46074,                 0.1947,                0.44587,                 0.5273,                0.41277,              -0.016371,                0.69833,              0.0075386,                      0,                0.65696,                0.58392,                0.31632,                0.48444,                0.27141,                0.72859,                0.72859,                      1
                     99,                0.60961,                0.35919,                 1.3274,                0.07667,                 0.8428,                0.82479,                0.86432,                0.71877,                0.65631,                0.40015,                 1.4701,                0.08463,               0.000298,               0.000298,               0.000298,                      0,                0.70287,                0.68618,                0.67242,                0.49773,                 0.6887,                0.43295,                0.18808,                0.43974,                 0.5519,                0.40986,               0.098959,                0.64964,                      0,                0.69766,                0.67796,                0.66435,                0.47383,                0.69431,                0.46456,                0.19318,                0.44107,                0.53938,                0.40986,              -0.016073,                0.68508,               0.007725,                      0,                 0.6572,                0.58592,                0.31741,                0.48333,                0.26625,                0.73375,                0.73375,                      1
                    100,                0.60731,                0.35623,                  1.322,                0.07621,                0.84328,                0.82525,                0.86413,                0.71888,                 0.6563,                0.40009,                 1.4704,                0.08463,               0.000199,               0.000199,               0.000199,                      0,                0.69715,                0.68682,                0.67513,                0.49448,                0.68795,                0.43226,                0.19032,                0.44573,                0.54619,                0.41353,               0.098849,                0.66339,                      0,                0.69333,                0.67767,                0.66591,                0.46846,                 0.6943,                 0.4652,                0.19488,                0.44643,                0.53168,                0.41353,              -0.016218,                0.69689,              0.0078651,                      0,                0.65382,                0.58326,                0.31341,                0.48516,                0.27275,                0.72725,                0.72725,                      1
