                  epoch,         train/box_loss,         train/cls_loss,         train/dfl_loss,train/object_reliability_loss,   metrics/precision(B),      metrics/recall(B),       metrics/mAP50(B),    metrics/mAP50-95(B),           val/box_loss,           val/cls_loss,           val/dfl_loss,val/object_reliability_loss,                 lr/pg0,                 lr/pg1,                 lr/pg2,p2/P3_class0_prompt_accuracy,p2/P3_class0_prompt_correlation,p2/P3_class1_prompt_accuracy,p2/P3_class1_prompt_correlation,p2/P3_class2_prompt_accuracy,p2/P3_class2_prompt_correlation,p2/P3_class3_prompt_accuracy,p2/P3_class3_prompt_correlation,p2/P3_class4_prompt_accuracy,p2/P3_class4_prompt_correlation,p2/P3_gate_direction_loss,    p2/P3_ir_win_recall,p2/P3_object_balanced_loss,p2/P3_object_calibrated_loss,p2/P3_object_class_winner_balanced_loss,p2/P3_object_hard_winner_loss,p2/P3_object_prompt_accuracy,p2/P3_object_prompt_correlation,p2/P3_object_prompt_mae,p2/P3_object_prompt_rgb, p2/P3_object_rank_loss,p2/P3_object_target_rgb,   p2/P3_rgb_win_recall,p2/P4_class0_prompt_accuracy,p2/P4_class0_prompt_correlation,p2/P4_class1_prompt_accuracy,p2/P4_class1_prompt_correlation,p2/P4_class2_prompt_accuracy,p2/P4_class2_prompt_correlation,p2/P4_class3_prompt_accuracy,p2/P4_class3_prompt_correlation,p2/P4_class4_prompt_accuracy,p2/P4_class4_prompt_correlation,p2/P4_gate_direction_loss,    p2/P4_ir_win_recall,p2/P4_object_balanced_loss,p2/P4_object_calibrated_loss,p2/P4_object_class_winner_balanced_loss,p2/P4_object_hard_winner_loss,p2/P4_object_prompt_accuracy,p2/P4_object_prompt_correlation,p2/P4_object_prompt_mae,p2/P4_object_prompt_rgb, p2/P4_object_rank_loss,p2/P4_object_target_rgb,   p2/P4_rgb_win_recall,p2/object_cross_scale_consistency,p2/object_gate_raw_loss,p2/object_prompt_raw_loss,  p2/teacher_ir_quality,p2/teacher_relative_margin, p2/teacher_rgb_quality,p2/teacher_rgb_win_rate, p2/teacher_ir_win_rate,p2/teacher_majority_baseline,p2/object_reliability_warmup_factor
                      1,                 1.3151,                 1.4849,                 1.5592,                 0.0201,                 0.3654,                  0.598,                 0.4528,                0.31686,                  0.995,                0.83807,                 1.5185,                 0.0201,               0.070106,              0.0033215,              0.0033215,                0.69445,               0.034897,                0.75703,               0.064606,                0.81315,              0.0074295,                0.75385,               0.061001,                0.77717,               0.059558,                      0,                0.95893,                0.69318,                 0.6931,                0.86642,                0.69314,                0.70655,               0.034368,                 0.1581,                0.49986,                0.69314,                0.41359,               0.039621,                0.69647,               0.032962,                0.75838,               0.044474,                0.81618,              -0.065143,                0.75549,               0.049571,                0.78123,               0.056239,                      0,                0.96348,                0.69315,                0.69245,                 0.8662,                0.69312,                0.70864,                0.03177,                0.15758,                0.49861,                0.69311,                0.41359,               0.035216,             1.6899e-06,                      0,                0.86635,                0.57858,                0.31632,                0.47969,                0.27453,                0.72547,                0.72547,                    0.2
                      2,                 1.0687,                0.88083,                 1.4204,                0.04017,                0.58622,                0.68614,                0.63796,                0.47308,                0.84981,                0.66192,                 1.4602,                0.04016,                0.04004,               0.006589,               0.006589,                 0.7171,               0.049509,                0.76763,                0.07141,                0.83725,               -0.01511,                0.76336,               0.096839,                0.80823,                0.06524,                      0,                0.99998,                0.69311,                0.69199,                0.86608,                0.69311,                 0.7284,               0.048424,                0.15748,                0.49773,                0.69307,                0.41238,             0.00016022,                0.71707,               0.075827,                0.76763,                0.07011,                0.83715,              -0.030752,                0.76336,                0.11128,                0.80812,                0.06682,                      0,                      1,                0.69323,                0.68575,                0.86443,                0.69313,                0.72836,               0.073708,                  0.153,                0.48479,                0.69241,                0.41238,                      0,             0.00010018,                      0,                0.86556,                0.57974,                0.31685,                0.47904,                0.27164,                0.72836,                0.72836,                    0.4
                      3,                0.90102,                 0.6997,                 1.4097,                 0.0601,                0.62688,                0.66277,                0.65698,                0.50483,                0.79024,                0.58517,                 1.5341,                0.06013,              0.0099086,              0.0097904,              0.0097904,                0.71917,               0.065141,                0.76181,               0.086281,                0.82703,              0.0049782,                0.77771,                0.10771,                0.80416,               0.059148,                      0,                0.99999,                0.69366,                0.68417,                0.86461,                0.69354,                0.73011,               0.063825,                0.15088,                0.48071,                0.69243,                0.41206,             4.4649e-05,                0.71776,                0.14672,                0.75757,                0.19847,                0.82299,               0.087162,                0.76839,                0.19126,                0.79891,                0.16458,                      0,                0.98976,                0.69327,                 0.6772,                0.86138,                0.69182,                0.72811,                0.14779,                0.14674,                 0.4676,                0.68838,                0.41206,                0.02036,             0.00014664,                      0,                0.86348,                0.58341,                0.31463,                0.48316,                 0.2699,                 0.7301,                 0.7301,                    0.6
                      4,                0.81778,                0.61074,                 1.4282,                0.07832,                0.66686,                0.71615,                0.69748,                0.53538,                0.77988,                0.57864,                 1.5322,                0.07862,               0.009703,               0.009703,               0.009703,                0.72446,               0.071186,                0.76078,               0.083663,                0.84393,               0.013876,                0.78508,                 0.1194,                0.82005,               0.083844,                      0,                0.99998,                0.69509,                0.67725,                0.86258,                0.69453,                0.73615,               0.070511,                0.14799,                0.46465,                0.69158,                0.41068,             0.00012423,                0.66908,                0.28436,                0.66096,                 0.3668,                0.72296,                0.25144,                0.68835,                0.29904,                 0.7134,                0.27283,                      0,                0.76015,                0.68078,                0.66213,                0.81017,                0.63833,                0.67286,                0.28917,                0.15754,                0.45902,                0.63449,                0.41068,                0.42935,              0.0068094,                      0,                0.84448,                0.58712,                0.31808,                0.48547,                0.26387,                0.73613,                0.73613,                    0.8
                      5,                0.80259,                0.58688,                 1.4172,                0.09605,                0.66165,                0.69632,                0.70111,                0.53318,                0.80611,                0.59753,                 1.5878,                 0.0998,               0.009604,               0.009604,               0.009604,                0.71233,               0.077226,                  0.772,               0.098167,                0.83619,                0.02632,                0.77703,                0.16616,                0.81071,                0.13116,                      0,                0.99999,                0.69506,                0.67807,                0.86303,                0.69441,                0.72539,               0.078066,                0.14829,                0.46495,                0.69164,                0.41417,             0.00010208,                0.64262,                0.35462,                0.58276,                0.39038,                0.68451,                0.34912,                0.63712,                0.35628,                0.67647,                0.34871,                      0,                0.63692,                0.67671,                0.66543,                 0.7695,                0.57866,                0.64225,                0.35754,                0.17964,                 0.4617,                0.60305,                0.41417,                0.65633,               0.017836,                      0,                0.82807,                0.57984,                0.31694,                0.48256,                0.27463,                0.72537,                0.72537,                      1
                      6,                0.78245,                0.56381,                 1.4043,                0.09541,                0.73403,                0.70122,                0.74325,                0.57668,                0.76659,                 0.5498,                 1.4817,                0.09888,               0.009505,               0.009505,               0.009505,                 0.7248,               0.092901,                 0.7715,                0.12374,                0.83496,               0.051183,                  0.788,                0.17472,                  0.817,               0.095422,                      0,                0.99998,                0.69509,                0.67645,                0.86255,                0.69422,                0.73651,               0.093429,                0.14658,                0.46303,                 0.6909,                0.41059,             0.00022886,                0.64403,                0.38821,                0.60097,                 0.4367,                0.68669,                0.34569,                0.61424,                0.34969,                0.66362,                0.36309,                      0,                0.63096,                0.67407,                0.66106,                0.75942,                0.56247,                0.64338,                0.38902,                0.18096,                0.46219,                0.58268,                0.41059,                0.67809,               0.020536,                      0,                0.82315,                0.58711,                0.31611,                0.48511,                0.26353,                0.73647,                0.73647,                      1
                      7,                  0.774,                 0.5549,                  1.401,                0.09513,                0.74214,                0.73149,                0.75479,                0.59809,                0.72834,                0.51316,                 1.4825,                0.09685,               0.009406,               0.009406,               0.009406,                0.71716,                0.11779,                0.77141,                 0.1255,                0.83474,               0.065679,                  0.778,                0.21512,                0.82394,                0.13307,                      0,                0.99746,                0.69436,                0.67618,                0.86172,                 0.6932,                0.73021,                0.11721,                 0.1446,                0.46278,                0.68967,                0.41298,              0.0090484,                0.63907,                0.39677,                0.60604,                0.44933,                0.70579,                0.34169,                0.64305,                0.39798,                0.68903,                0.38339,                      0,                0.62447,                0.67422,                0.66216,                0.74827,                0.55598,                0.64196,                 0.4001,                0.18194,                 0.4661,                0.59539,                0.41298,                0.68916,                0.02172,                      0,                0.81962,                 0.5836,                0.31135,                0.48415,                0.27038,                0.72962,                0.72962,                      1
                      8,                0.76834,                0.54509,                 1.3969,                0.08991,                0.75496,                0.72605,                0.76824,                  0.609,                0.72532,                0.50246,                 1.4611,                0.09235,               0.009307,               0.009307,               0.009307,                0.62904,                0.29184,                0.61816,                0.36529,                0.71117,                0.31321,                0.67389,                0.33274,                0.68529,                0.33465,                      0,                0.67396,                0.68151,                0.66642,                0.79787,                0.63095,                0.63463,                0.29998,                0.16529,                0.46901,                0.64278,                0.40945,                0.52561,                0.64783,                0.40595,                0.60328,                0.45886,                0.70194,                  0.368,                0.64349,                0.38875,                0.65905,                0.39416,                      0,                0.63183,                0.67188,                0.65851,                0.74199,                0.54743,                0.64786,                0.40836,                0.18315,                0.46024,                0.58894,                0.40945,                 0.6923,               0.014788,                      0,                0.77415,                0.58339,                 0.3171,                0.47906,                0.26509,                0.73491,                0.73491,                      1
                      9,                0.76548,                0.54339,                  1.394,                0.08744,                0.75553,                 0.7507,                0.77545,                0.61978,                0.71878,                 0.4888,                 1.4648,                0.09246,               0.009208,               0.009208,               0.009208,                0.63636,                0.34731,                0.59975,                0.43637,                0.70493,                0.34603,                0.63499,                0.32352,                0.69403,                0.35694,                      0,                 0.6368,                0.67822,                0.66538,                0.76971,                0.58914,                0.63905,                0.35732,                0.17366,                0.46443,                  0.623,                0.41104,                 0.6453,                0.65053,                 0.4013,                0.61112,                0.44831,                0.70077,                0.34965,                0.61368,                 0.3383,                0.69144,                 0.3896,                      0,                0.63537,                0.67237,                0.66046,                0.74839,                0.54908,                0.65087,                0.40373,                0.18273,                0.45981,                 0.5875,                0.41104,                  0.694,              0.0097389,                      0,                0.75216,                0.58587,                0.31775,                 0.4845,                0.26432,                0.73568,                0.73568,                      1
                     10,                0.76387,                0.53983,                 1.3957,                0.08562,                0.74992,                0.76194,                0.78718,                0.63031,                0.72003,                0.48716,                 1.4517,                0.09218,               0.009109,               0.009109,               0.009109,                0.65209,                0.37566,                0.59029,                0.44089,                0.72642,                0.36691,                0.65744,                 0.3366,                0.68509,                0.37915,                      0,                0.65889,                0.67618,                0.66209,                0.75545,                0.57101,                0.65305,                  0.382,                0.17508,                0.45938,                0.60349,                0.41079,                0.63706,                0.65109,                0.42048,                0.59997,                0.46169,                0.73042,                0.38192,                 0.6343,                0.37429,                0.67532,                0.41406,                      0,                0.63649,                0.67064,                0.65701,                0.73664,                0.53946,                0.65193,                0.42309,                0.18341,                0.46036,                0.57545,                0.41079,                 0.6942,              0.0099827,                      0,                0.73739,                0.58406,                0.31827,                0.48249,                0.26755,                0.73245,                0.73245,                      1
                     11,                 0.7539,                0.52762,                 1.3949,                0.08535,                0.79019,                0.75777,                0.79823,                0.64245,                0.70605,                 0.4765,                 1.4718,                0.09059,                0.00901,                0.00901,                0.00901,                0.65602,                0.37547,                 0.6056,                 0.4405,                 0.7169,                0.36829,                0.65316,                0.37503,                0.68124,                0.39713,                      0,                0.66299,                0.67671,                0.66256,                0.75166,                0.56729,                0.65658,                0.38212,                0.17582,                0.45866,                0.60405,                0.41128,                0.63906,                0.65242,                0.41696,                0.61495,                0.46204,                0.72552,                0.37334,                0.64878,                 0.4199,                0.67073,                0.40341,                      0,                0.63645,                0.67167,                0.65952,                0.73466,                0.53925,                0.65385,                0.41926,                0.18426,                0.46138,                0.57434,                0.41128,                0.70134,              0.0095539,                      0,                0.73466,                0.58568,                0.31684,                  0.484,                0.26814,                0.73186,                0.73186,                      1
                     12,                0.75134,                0.52264,                 1.3871,                0.08562,                0.74284,                0.75674,                0.76999,                0.61662,                0.71178,                0.49085,                 1.4677,                 0.0903,               0.008911,               0.008911,               0.008911,                0.65882,                0.37264,                0.59136,                0.42856,                0.69935,                0.33393,                0.62449,                0.35025,                 0.6739,                0.37902,                      0,                0.66373,                0.67954,                0.66587,                0.75616,                0.56604,                0.65666,                0.37513,                0.17656,                0.45867,                0.60406,                0.41254,                0.63755,                0.65368,                0.41326,                0.59862,                0.44987,                0.70577,                0.34269,                0.60695,                0.39516,                 0.6755,                0.41876,                      0,                0.63513,                 0.6736,                0.66181,                0.74004,                0.53874,                0.65258,                0.41359,                 0.1845,                0.46214,                0.58114,                0.41254,                0.69977,              0.0093834,                      0,                0.73693,                0.58096,                0.31278,                0.48099,                0.26996,                0.73004,                0.73004,                      1
                     13,                0.74545,                0.51769,                 1.3932,                0.08564,                0.78714,                0.76392,                 0.8153,                0.65484,                0.70519,                 0.4755,                 1.4567,                0.09021,               0.008812,               0.008812,               0.008812,                0.66434,                 0.3757,                0.60799,                0.43238,                0.70995,                0.37869,                0.65959,                0.36647,                0.69456,                0.37154,                      0,                0.67877,                0.67956,                0.66183,                0.75649,                0.56931,                0.66424,                0.38036,                0.17597,                0.45191,                0.60151,                0.40976,                0.62357,                0.65524,                0.41762,                 0.6113,                0.45749,                0.71016,                0.37965,                0.65165,                0.39736,                0.67873,                0.40381,                      0,                0.64481,                0.67302,                0.65771,                0.73845,                0.54139,                 0.6559,                0.41982,                0.18359,                0.45664,                0.57579,                0.40976,                0.68694,              0.0093121,                      0,                 0.7378,                 0.5842,                0.31812,                0.48102,                0.26312,                0.73688,                0.73688,                      1
                     14,                0.74349,                 0.5189,                 1.3817,                0.08432,                0.72433,                0.76576,                0.78158,                0.62732,                0.70849,                0.48041,                 1.5038,                0.08991,               0.008713,               0.008713,               0.008713,                0.66564,                0.38458,                0.60819,                0.46762,                0.71179,                 0.3783,                0.64924,                0.36906,                 0.6942,                0.39339,                      0,                0.67387,                0.67815,                0.66332,                0.74537,                0.55547,                 0.6652,                0.39128,                0.17589,                0.45419,                0.59153,                0.41092,                0.64108,                0.65864,                0.42268,                0.61634,                0.48666,                0.71366,                0.37549,                 0.6324,                0.38346,                0.69179,                0.42854,                      0,                0.64429,                0.67315,                0.66049,                 0.7303,                 0.5306,                0.65929,                0.42657,                0.18327,                0.45906,                0.56702,                0.41092,                0.70101,              0.0090701,                      0,                0.72656,                0.58655,                0.31289,                0.48549,                0.26434,                0.73566,                0.73566,                      1
                     15,                0.74056,                0.51158,                 1.3856,                0.08465,                0.77372,                0.76554,                0.80906,                0.65692,                0.69479,                0.46303,                 1.4536,                0.09021,               0.008614,               0.008614,               0.008614,                0.66942,                 0.3837,                0.61919,                0.42671,                 0.7093,                0.34798,                0.65725,                0.35083,                0.68963,                 0.3916,                      0,                0.68277,                0.67808,                0.66289,                0.75316,                0.55592,                0.66869,                0.38836,                0.17724,                0.45063,                0.58961,                 0.4106,                0.62939,                0.66156,                0.42281,                0.62613,                0.44994,                0.72255,                0.34826,                0.64259,                0.36809,                0.67968,                 0.4214,                      0,                 0.6504,                0.67361,                0.66031,                0.73675,                 0.5305,                0.66216,                0.42457,                 0.1853,                0.45578,                0.56411,                 0.4106,                0.69496,              0.0093368,                      0,                0.73032,                 0.5856,                0.31765,                0.48426,                0.26381,                0.73619,                0.73619,                      1
                     16,                0.74046,                0.51232,                 1.3811,                0.08474,                0.79764,                0.74221,                0.80905,                0.65463,                0.69937,                0.46771,                 1.4793,                0.08979,               0.008515,               0.008515,               0.008515,                0.66462,                0.38229,                0.61224,                0.43046,                0.70449,                0.38086,                0.64848,                 0.3899,                0.67215,                0.37171,                      0,                0.67576,                0.67849,                0.66346,                0.75367,                0.56004,                0.66335,                0.38483,                0.17772,                0.45286,                0.58679,                0.41236,                 0.6295,                0.65796,                0.42302,                0.61892,                0.46413,                 0.7169,                 0.3864,                0.63379,                0.40973,                0.67284,                0.38403,                      0,                0.64545,                0.67334,                0.66146,                0.73395,                0.53206,                0.65812,                0.42323,                0.18555,                0.45865,                0.56144,                0.41236,                0.69268,              0.0090661,                      0,                0.73175,                0.58123,                0.31533,                0.48155,                0.26825,                0.73175,                0.73175,                      1
                     17,                0.73746,                0.50525,                 1.3836,                0.08383,                0.80983,                0.78178,                0.83473,                0.67552,                0.68991,                0.45124,                 1.4523,                0.08944,               0.008416,               0.008416,               0.008416,                0.66944,                0.39233,                0.60988,                0.42728,                0.71985,                0.33817,                0.65171,                0.36301,                0.69538,                0.36992,                      0,                0.68223,                0.67452,                0.66022,                0.74666,                 0.5482,                0.66849,                0.39508,                0.17753,                0.45205,                0.59043,                0.41182,                0.63165,                0.66218,                0.43241,                0.61796,                0.45101,                0.71898,                0.35789,                0.63405,                 0.3895,                0.69495,                0.41507,                      0,                0.65001,                0.66955,                0.65699,                0.72574,                0.52334,                0.66231,                0.43319,                0.18482,                0.45652,                0.56071,                0.41182,                0.69533,              0.0090692,                      0,                0.72219,                0.58096,                0.31421,                0.47986,                0.27155,                0.72845,                0.72845,                      1
                     18,                0.73119,                0.49985,                 1.3717,                0.08319,                0.79743,                0.77105,                0.82176,                0.66714,                  0.695,                0.45661,                 1.4581,                0.08983,               0.008317,               0.008317,               0.008317,                0.67551,                0.39633,                0.62291,                0.47537,                0.71336,                0.39419,                0.64086,                 0.3764,                0.69873,                0.40382,                      0,                 0.6896,                0.67547,                0.65686,                0.73597,                0.54706,                0.67406,                0.40445,                 0.1779,                0.44694,                0.57658,                0.40969,                0.63095,                0.66736,                0.42792,                0.62474,                0.48739,                0.72371,                0.40564,                0.62722,                0.41147,                 0.6859,                0.41957,                      0,                0.65772,                0.67152,                0.65583,                0.72309,                0.52443,                0.66686,                0.43322,                0.18525,                0.45295,                0.56076,                0.40969,                 0.6922,              0.0088593,                      0,                0.71766,                 0.5827,                0.32068,                0.47864,                0.26495,                0.73505,                0.73505,                      1
                     19,                0.72971,                0.49829,                 1.3746,                0.08391,                0.76977,                0.76874,                0.79897,                0.65119,                0.69204,                0.45881,                 1.4543,                0.08917,               0.008218,               0.008218,               0.008218,                0.67626,                0.39719,                0.60285,                0.45185,                0.71736,                0.35168,                0.66469,                0.37559,                0.69203,                0.38431,                      0,                0.68887,                0.67623,                 0.6586,                0.74733,                0.54746,                0.67434,                0.39913,                0.17828,                0.44767,                0.58711,                0.41019,                0.63449,                0.66622,                0.43467,                0.60756,                0.48474,                0.72543,                0.35499,                0.65949,                0.40735,                0.68837,                0.40808,                      0,                0.65422,                0.67115,                0.65624,                0.73301,                0.52339,                0.66622,                0.43576,                0.18541,                0.45459,                0.56416,                0.41019,                0.69913,              0.0088359,                      0,                0.72322,                0.58532,                0.31768,                0.48241,                0.26725,                0.73275,                0.73275,                      1
                     20,                0.72801,                0.49783,                 1.3724,                0.08394,                0.77869,                0.78778,                 0.8199,                0.66679,                0.68641,                0.45033,                 1.4579,                 0.0891,               0.008119,               0.008119,               0.008119,                0.66755,                0.39017,                0.59594,                0.42694,                0.69621,                0.37043,                0.63751,                0.34225,                 0.6935,                0.39352,                      0,                0.67513,                0.67667,                0.66315,                0.74829,                0.54729,                0.66533,                0.39156,                0.17958,                0.45421,                0.58911,                0.41197,                0.63874,                 0.6622,                0.43214,                0.58656,                0.46465,                0.70371,                0.37957,                0.62926,                0.37583,                0.68125,                0.41436,                      0,                0.64461,                0.67175,                0.65995,                0.72994,                0.52205,                0.65995,                 0.4321,                0.18642,                0.45871,                0.56355,                0.41197,                0.70159,              0.0086309,                      0,                0.72329,                0.58195,                0.31557,                0.48117,                0.26921,                0.73079,                0.73079,                      1
                     21,                0.72745,                0.49381,                 1.3733,                0.08333,                0.81184,                0.80181,                0.85177,                0.69479,                0.68119,                0.43607,                 1.4552,                0.08904,                0.00802,                0.00802,                0.00802,                0.67227,                0.39442,                0.62398,                0.46361,                0.71741,                0.38102,                0.63675,                0.35905,                 0.6971,                0.39016,                      0,                0.68603,                 0.6764,                0.66113,                0.74219,                0.54433,                0.67148,                0.39895,                0.18023,                0.44934,                0.57776,                0.41286,                0.63284,                0.66486,                0.43075,                0.62771,                0.48653,                0.71541,                0.37989,                0.63388,                 0.3826,                0.69195,                0.41963,                      0,                0.65217,                0.67371,                0.66059,                0.72482,                0.52235,                  0.665,                0.43252,                0.18773,                0.45683,                0.55385,                0.41286,                 0.6991,              0.0087876,                      0,                0.71932,                0.57717,                0.31643,                0.47805,                 0.2735,                 0.7265,                 0.7265,                      1
                     22,                0.72238,                0.49177,                 1.3798,                0.08324,                0.78326,                0.77322,                 0.8205,                0.66756,                0.68263,                0.44326,                 1.4683,                0.08944,               0.007921,               0.007921,               0.007921,                0.67677,                0.39653,                0.61616,                0.46908,                0.71179,                0.40225,                0.64966,                0.37101,                0.70134,                0.38207,                      0,                0.68828,                0.67688,                 0.6611,                0.73839,                0.54318,                0.67517,                0.40236,                0.17784,                0.44788,                0.57907,                0.41166,                  0.639,                0.66907,                0.43086,                0.61923,                0.48654,                0.71689,                0.39287,                0.64111,                 0.3999,                0.69474,                0.41097,                      0,                 0.6584,                0.67397,                0.65965,                0.72527,                0.52326,                0.66858,                0.43341,                0.18479,                0.45326,                0.56062,                0.41166,                0.69667,              0.0086061,                      0,                0.71786,                0.58783,                0.31497,                0.48757,                0.26605,                0.73395,                0.73395,                      1
                     23,                0.72234,                 0.4876,                 1.3821,                0.08344,                0.81139,                0.79778,                0.84908,                0.69261,                0.68258,                0.43852,                  1.466,                0.08915,               0.007822,               0.007822,               0.007822,                0.67531,                0.39027,                 0.6113,                0.46416,                0.71958,                0.38102,                0.65402,                 0.3944,                0.68354,                0.36976,                      0,                0.68848,                0.67908,                0.66323,                0.73934,                0.54541,                0.67343,                0.39449,                0.18041,                0.44763,                0.58861,                0.41033,                0.63216,                0.66705,                0.42802,                0.61415,                0.48253,                0.72449,                0.39354,                0.65352,                0.41861,                0.67991,                0.40856,                      0,                0.65773,                0.67364,                0.66018,                0.72214,                 0.5216,                0.66665,                0.43041,                0.18677,                 0.4536,                 0.5646,                0.41033,                 0.6911,              0.0086471,                      0,                0.71832,                0.58385,                0.31669,                 0.4814,                0.26724,                0.73276,                0.73276,                      1
                     24,                0.72079,                0.48895,                 1.3753,                0.08287,                0.81518,                0.77952,                0.84834,                0.69667,                0.67844,                 0.4357,                  1.447,                0.08895,               0.007723,               0.007723,               0.007723,                0.67136,                0.39402,                0.60456,                0.46387,                0.71207,                0.37935,                0.65288,                0.34719,                0.70685,                0.39876,                      0,                0.68191,                0.67728,                0.66378,                0.73675,                0.53848,                0.67051,                0.39908,                0.18111,                0.44947,                 0.5819,                0.41155,                0.63892,                0.66474,                0.43058,                0.61891,                 0.4892,                0.71993,                0.37536,                0.65091,                0.39035,                0.70571,                0.42764,                      0,                0.65493,                0.67333,                0.66214,                0.71903,                0.51447,                0.66591,                0.43337,                0.18777,                0.45438,                0.56341,                0.41155,                0.69635,               0.008875,                      0,                0.71356,                0.58422,                 0.3137,                0.48391,                0.26505,                0.73495,                0.73495,                      1
                     25,                0.71838,                  0.484,                 1.3769,                0.08319,                0.80855,                0.80355,                0.84388,                0.69095,                0.67738,                0.43581,                 1.4413,                0.08848,               0.007624,               0.007624,               0.007624,                0.67483,                0.39393,                0.61647,                0.46378,                0.71618,                0.41133,                0.65658,                0.36051,                0.69543,                 0.3721,                      0,                0.68616,                0.67776,                0.66269,                0.73871,                0.54393,                0.67381,                0.39895,                0.17979,                0.45182,                0.57879,                0.41361,                0.64065,                  0.664,                0.42896,                0.62263,                0.47954,                0.71767,                0.41398,                0.63463,                0.39579,                0.68733,                0.39994,                      0,                 0.6492,                0.67322,                0.66112,                0.72294,                0.52054,                0.66417,                0.43194,                0.18696,                 0.4589,                0.55808,                0.41361,                0.70436,               0.008456,                      0,                0.71756,                0.58057,                0.31345,                 0.4822,                 0.2713,                 0.7287,                 0.7287,                      1
                     26,                0.71297,                0.48015,                 1.3717,                0.08353,                0.81249,                0.78589,                0.84732,                0.69592,                0.67696,                0.43102,                 1.4509,                0.08879,               0.007525,               0.007525,               0.007525,                 0.6741,                0.39521,                0.60619,                0.44055,                 0.7307,                0.37221,                0.65957,                0.33871,                0.68442,                0.40241,                      0,                0.68803,                0.67916,                0.66294,                0.74526,                0.54328,                0.67267,                0.39725,                0.18078,                0.44701,                0.58297,                0.41039,                0.62967,                0.66754,                0.43107,                 0.6065,                 0.4637,                0.72231,                0.36863,                0.66057,                0.38047,                0.68269,                0.42968,                      0,                0.66111,                0.67524,                0.66043,                0.72598,                0.52124,                0.66675,                0.43202,                0.18807,                0.45135,                0.56159,                0.41039,                0.68253,              0.0085643,                      0,                0.72015,                0.58507,                0.31619,                0.48268,                0.26328,                0.73672,                0.73672,                      1
                     27,                0.71057,                0.47936,                 1.3753,                0.08234,                0.81831,                0.81055,                0.86043,                0.70381,                0.67523,                0.42581,                 1.4454,                0.08887,               0.007426,               0.007426,               0.007426,                0.67935,                0.40265,                0.61703,                0.46924,                 0.7302,                0.39214,                 0.6599,                0.35072,                0.71664,                0.42359,                      0,                0.69241,                0.67696,                0.66187,                0.73358,                 0.5331,                0.67888,                0.40776,                0.17974,                0.44682,                0.57698,                0.41328,                0.64271,                0.67203,                0.43707,                0.62027,                0.49133,                0.72607,                0.41275,                0.65539,                0.39519,                0.70804,                0.43581,                      0,                0.66224,                0.67313,                0.66015,                0.71539,                 0.5104,                0.67229,                0.43993,                0.18674,                0.45225,                0.55856,                0.41328,                0.69917,              0.0083216,                      0,                0.70919,                0.58501,                 0.3114,                 0.4865,                0.27219,                0.72781,                0.72781,                      1
                     28,                0.71174,                0.47752,                 1.3746,                0.08321,                0.80717,                0.79668,                0.84729,                0.69786,                0.67387,                 0.4284,                 1.4503,                0.08861,               0.007327,               0.007327,               0.007327,                0.67699,                0.40173,                0.61629,                0.44478,                0.72807,                0.36276,                0.65521,                0.36803,                0.69492,                0.40092,                      0,                0.68966,                0.67825,                0.66229,                0.74407,                0.53927,                0.67608,                0.40341,                0.18051,                0.44733,                0.57302,                0.41045,                0.63879,                 0.6706,                0.43468,                0.61977,                0.47188,                0.72644,                0.36386,                0.63713,                0.40406,                0.69317,                0.42605,                      0,                0.66194,                0.67614,                0.66164,                0.72967,                0.51879,                0.67029,                0.43564,                0.18758,                0.45257,                0.55587,                0.41045,                0.69321,              0.0081887,                      0,                0.71862,                0.58558,                 0.3148,                0.48364,                0.26691,                0.73309,                0.73309,                      1
                     29,                0.70791,                0.47458,                 1.3806,                 0.0823,                0.81548,                0.81385,                0.86153,                0.70791,                0.67348,                0.42339,                 1.4441,                0.08835,               0.007228,               0.007228,               0.007228,                0.67991,                0.40356,                0.62819,                0.45039,                0.72485,                 0.3825,                0.66465,                0.36474,                0.71129,                0.39722,                      0,                0.69619,                0.67592,                0.66058,                0.73444,                0.53285,                0.67964,                0.40836,                0.18126,                0.44592,                0.57534,                0.41262,                0.63521,                0.67361,                0.43824,                0.62606,                0.47708,                0.72275,                0.40408,                0.64568,                0.40446,                0.69919,                0.42891,                      0,                0.66553,                0.67254,                0.65948,                0.71686,                0.50953,                0.67321,                0.44147,                0.18802,                0.45162,                0.55339,                0.41262,                0.69383,              0.0086901,                      0,                0.70935,                0.58216,                0.31659,                0.48273,                0.27145,                0.72855,                0.72855,                      1
                     30,                0.70914,                0.47447,                 1.3718,                0.08323,                0.82376,                 0.7973,                0.85561,                0.70403,                0.66937,                0.42166,                 1.4509,                0.08828,               0.007129,               0.007129,               0.007129,                0.67517,                0.39442,                0.62092,                0.45163,                0.72882,                0.35889,                0.65957,                0.38156,                0.71062,                0.37897,                      0,                0.68843,                0.67934,                0.66374,                0.73979,                0.54012,                0.67533,                0.39845,                 0.1821,                0.44661,                0.58715,                0.40999,                0.63878,                 0.6672,                0.43305,                0.61761,                0.47663,                0.73122,                0.36757,                0.65989,                0.40491,                0.70816,                0.40473,                      0,                0.66039,                 0.6748,                0.66159,                 0.7227,                0.51713,                0.66845,                0.43452,                0.18763,                0.45249,                0.56784,                0.40999,                0.69093,              0.0083943,                      0,                0.71615,                0.58696,                0.31641,                0.48447,                0.26393,                0.73607,                0.73607,                      1
                     31,                0.70674,                0.46965,                 1.3804,                0.08245,                0.82198,                0.80617,                0.85851,                0.70732,                0.66908,                0.42013,                 1.4583,                0.08837,                0.00703,                0.00703,                0.00703,                0.67516,                0.39462,                0.60627,                0.46197,                0.72628,                0.36664,                0.66862,                0.39674,                0.70125,                0.42039,                      0,                0.68986,                0.67956,                0.66536,                0.72893,                0.53471,                0.67452,                0.39883,                0.18212,                0.44705,                0.58466,                0.41219,                0.63281,                 0.6718,                0.42978,                0.60627,                0.48601,                0.73081,                0.36561,                0.67057,                0.41625,                0.69911,                0.44687,                      0,                0.66522,                0.67664,                0.66423,                0.71468,                0.51193,                0.67183,                0.43167,                0.18855,                0.45187,                0.56722,                0.41219,                0.68983,              0.0083166,                      0,                0.70877,                0.58494,                0.31166,                0.48516,                0.26876,                0.73124,                0.73124,                      1
                     32,                0.70538,                 0.4695,                 1.3788,                0.08279,                0.80129,                0.81845,                0.85534,                0.70374,                 0.6681,                0.41821,                 1.4499,                0.08817,               0.006931,               0.006931,               0.006931,                0.67731,                0.39407,                0.62122,                0.46365,                0.72171,                0.39447,                0.65703,                0.35333,                0.70864,                 0.4011,                      0,                0.69341,                0.68124,                0.66467,                0.73409,                0.53721,                0.67677,                0.39846,                0.18236,                0.44436,                0.57853,                0.41152,                0.63152,                0.66798,                0.42506,                0.62478,                0.49025,                 0.7183,                0.39281,                0.66013,                0.38495,                0.70145,                 0.4146,                      0,                0.66407,                0.67868,                0.66449,                0.72026,                0.51794,                0.66874,                0.42794,                0.18892,                0.44972,                0.56304,                0.41152,                0.68145,              0.0079852,                      0,                0.71321,                0.58439,                0.31392,                 0.4837,                0.26886,                0.73114,                0.73114,                      1
                     33,                0.69964,                 0.4639,                 1.3769,                0.08231,                0.82565,                0.80747,                0.85818,                0.70883,                0.66556,                0.41662,                 1.4583,                0.08822,               0.006832,               0.006832,               0.006832,                0.67513,                0.40249,                0.61451,                0.48235,                0.71833,                0.37414,                0.65462,                 0.3533,                0.69972,                 0.3927,                      0,                0.68966,                0.67627,                0.66152,                0.73519,                0.53291,                  0.674,                0.40614,                0.18217,                0.44747,                0.57106,                0.41208,                  0.632,                0.67235,                0.43641,                 0.6218,                 0.5034,                0.72146,                0.37472,                0.64359,                0.38426,                 0.6903,                0.42764,                      0,                0.66501,                0.67395,                 0.6605,                0.71708,                0.51086,                0.67149,                0.43815,                0.18888,                0.45104,                0.55373,                0.41208,                0.68885,              0.0081725,                      0,                   0.71,                0.58181,                0.31676,                0.48126,                0.27149,                0.72851,                0.72851,                      1
                     34,                0.69773,                  0.462,                 1.3766,                0.08286,                 0.8036,                0.82185,                0.85144,                 0.7026,                0.66766,                0.41732,                 1.4514,                0.08795,               0.006733,               0.006733,               0.006733,                   0.68,                  0.396,                0.63347,                0.42937,                0.71812,                0.37296,                0.65841,                0.34805,                0.69885,                0.38689,                      0,                0.69351,                0.68112,                0.66618,                0.74075,                0.53608,                0.67903,                0.39853,                0.18297,                0.44486,                0.57518,                0.41202,                0.63936,                0.67621,                0.43297,                0.63537,                 0.4603,                0.72442,                0.36535,                0.66041,                0.35627,                0.70368,                0.43752,                      0,                0.67063,                0.67701,                0.66388,                0.72339,                  0.512,                0.67637,                0.43392,                0.18922,                0.44967,                0.55892,                0.41202,                0.69212,              0.0081043,                      0,                0.71469,                0.58284,                0.31387,                0.48265,                0.26744,                0.73256,                0.73256,                      1
                     35,                0.69886,                0.46006,                 1.3687,                0.08155,                0.82112,                0.81648,                0.85873,                0.70827,                0.66613,                0.41444,                 1.4519,                0.08827,               0.006634,               0.006634,               0.006634,                0.67968,                0.40484,                0.63087,                0.46797,                0.72383,                0.41611,                0.65322,                0.36599,                0.68045,                0.36926,                      0,                0.69022,                 0.6748,                 0.6619,                0.72788,                0.52716,                0.67825,                0.40826,                 0.1842,                0.44683,                0.56252,                 0.4133,                 0.6461,                0.67392,                0.43378,                0.63599,                0.49538,                0.71721,                0.40921,                0.63932,                0.38605,                0.67414,                0.39257,                      0,                0.66311,                0.67328,                0.66346,                0.71443,                0.50516,                0.67281,                0.43573,                0.19202,                0.45209,                0.54081,                 0.4133,                0.69887,              0.0081753,                      0,                0.70441,                0.58151,                0.31597,                 0.4826,                0.27132,                0.72868,                0.72868,                      1
                     36,                0.69983,                0.45736,                 1.3709,                0.08133,                0.82524,                0.82735,                0.86446,                0.71351,                0.66563,                0.41244,                 1.4478,                0.08791,               0.006535,               0.006535,               0.006535,                0.67568,                0.41193,                0.61259,                0.44698,                0.73786,                0.38032,                 0.6691,                0.40263,                0.69348,                0.41703,                      0,                0.68428,                0.67479,                0.66258,                0.72982,                0.52335,                0.67523,                 0.4146,                0.18364,                0.45017,                0.55905,                0.41522,                0.65155,                0.66973,                0.44588,                0.61259,                0.48337,                0.73391,                0.38661,                0.66323,                 0.4203,                0.68323,                0.43751,                      0,                0.65617,                0.67179,                0.66216,                0.71411,                0.49975,                0.66952,                0.44711,                0.19072,                 0.4561,                0.53924,                0.41522,                0.70443,              0.0083292,                      0,                0.70284,                0.57927,                0.31241,                0.48306,                 0.2765,                 0.7235,                 0.7235,                      1
                     37,                0.69295,                0.45569,                 1.3754,                0.08214,                0.84006,                0.82234,                0.86875,                0.71693,                0.66505,                0.41006,                 1.4519,                0.08774,               0.006436,               0.006436,               0.006436,                0.68464,                0.40669,                0.63184,                0.43484,                0.72786,                 0.3957,                0.65994,                0.35176,                0.70502,                0.38276,                      0,                0.70001,                0.67715,                0.66054,                0.73697,                 0.5316,                0.68361,                0.40793,                0.18272,                0.44318,                0.56534,                0.41099,                0.63898,                0.67718,                0.44154,                0.63568,                0.47603,                 0.7398,                0.39653,                0.63818,                0.38372,                0.70261,                0.41021,                      0,                0.67056,                 0.6736,                0.65984,                0.71834,                0.50773,                0.67733,                0.44152,                0.18924,                0.45074,                0.54377,                0.41099,                0.69575,              0.0078771,                      0,                0.70974,                0.58454,                0.31817,                0.48243,                0.26862,                0.73138,                0.73138,                      1
                     38,                0.68964,                0.45303,                 1.3751,                0.08258,                0.82954,                0.81938,                0.86442,                0.71364,                0.66472,                 0.4104,                 1.4514,                0.08753,               0.006337,               0.006337,               0.006337,                0.67747,                0.39505,                0.61427,                0.46148,                0.71071,                0.35427,                0.65703,                0.35947,                0.68994,                0.38851,                      0,                0.69065,                 0.6794,                 0.6659,                0.73779,                0.53474,                0.67534,                0.39726,                0.18287,                0.44724,                0.57129,                0.41328,                0.63428,                0.67108,                 0.4285,                0.61175,                0.49777,                0.71667,                 0.3669,                0.65671,                0.40083,                0.68366,                0.41847,                      0,                0.66225,                0.67754,                0.66643,                0.71821,                 0.5129,                0.66976,                0.43024,                0.18964,                 0.4526,                 0.5554,                0.41328,                0.68991,              0.0082254,                      0,                0.71262,                0.58175,                0.31341,                0.48327,                 0.2717,                 0.7283,                 0.7283,                      1
                     39,                0.69123,                0.45348,                 1.3788,                0.08252,                0.83291,                0.82825,                0.86959,                0.71785,                0.66335,                0.40662,                 1.4574,                0.08761,               0.006238,               0.006238,               0.006238,                0.67911,                0.39628,                0.61546,                 0.4434,                0.72982,                0.36941,                0.65726,                0.35599,                0.69706,                0.38171,                      0,                0.69142,                 0.6816,                0.66628,                0.74009,                 0.5325,                 0.6779,                0.39926,                0.18572,                0.44702,                0.56514,                0.41216,                0.64162,                 0.6749,                0.43651,                0.62359,                0.46354,                0.73125,                0.37042,                0.67043,                0.37525,                0.69881,                0.41878,                      0,                0.66924,                 0.6779,                0.66369,                0.72519,                0.51095,                0.67523,                0.43712,                0.19005,                0.45084,                0.54671,                0.41216,                 0.6913,              0.0081713,                      0,                 0.7134,                0.58372,                0.31466,                0.48334,                0.27146,                0.72854,                0.72854,                      1
                     40,                 0.6911,                0.45567,                  1.369,                0.08218,                0.82567,                0.82465,                0.86546,                0.71492,                0.66358,                0.40987,                 1.4473,                0.08778,               0.006139,               0.006139,               0.006139,                0.67743,                0.40218,                0.63353,                0.46733,                0.73193,                0.37734,                0.66732,                0.37165,                0.69469,                0.40475,                      0,                0.69117,                0.67763,                0.66196,                0.73415,                 0.5329,                0.67758,                0.40652,                0.18282,                0.44491,                0.57088,                0.40986,                0.63979,                0.67076,                0.43879,                0.63788,                0.49003,                0.74022,                0.38452,                0.65124,                0.41688,                0.68402,                0.43169,                      0,                0.66316,                0.67386,                  0.661,                0.71348,                0.50921,                0.67169,                0.44107,                0.18914,                 0.4502,                0.55275,                0.40986,                0.69545,              0.0081311,                      0,                0.70884,                0.58742,                0.31765,                0.48473,                0.26443,                0.73557,                0.73557,                      1
                     41,                0.68727,                0.44786,                 1.3649,                 0.0816,                0.82001,                0.82698,                0.86735,                0.71687,                0.66311,                0.40887,                 1.4423,                 0.0876,                0.00604,                0.00604,                0.00604,                0.67898,                 0.3999,                0.61571,                0.45113,                0.72699,                0.39223,                0.68003,                0.36189,                0.69483,                0.43198,                      0,                0.69236,                0.67872,                0.66353,                0.72401,                0.53079,                0.67821,                0.40332,                0.18407,                0.44471,                0.56926,                0.41184,                0.63916,                0.67277,                0.43578,                0.62312,                0.47932,                0.73541,                0.39203,                0.68202,                0.40041,                0.68484,                0.45844,                      0,                0.66673,                0.67442,                0.66179,                0.70675,                0.50761,                0.67328,                0.43815,                0.18983,                0.44976,                0.54896,                0.41184,                0.69133,              0.0081813,                      0,                0.70353,                0.58246,                0.31521,                0.48126,                0.26603,                0.73397,                0.73397,                      1
                     42,                0.68811,                0.44764,                 1.3692,                0.08181,                0.83134,                0.82994,                0.87244,                0.72144,                0.66152,                 0.4049,                 1.4466,                0.08771,               0.005941,               0.005941,               0.005941,                0.67818,                0.40095,                0.61748,                0.45164,                0.73604,                0.39207,                0.65864,                0.38711,                0.68812,                0.38835,                      0,                0.69173,                0.67839,                0.66415,                0.72878,                0.53054,                0.67704,                0.40431,                0.18363,                0.44542,                0.56828,                0.41187,                0.63709,                 0.6701,                0.43341,                0.62527,                0.48552,                0.73745,                0.40717,                0.66721,                0.42393,                0.70191,                  0.421,                      0,                0.66348,                0.67629,                0.66453,                0.70729,                0.50819,                0.67139,                0.43637,                0.19125,                0.45188,                0.55373,                0.41187,                0.69289,              0.0081425,                      0,                0.70539,                0.58544,                 0.3152,                0.48478,                0.26885,                0.73115,                0.73115,                      1
                     43,                0.68298,                 0.4458,                 1.3719,                0.08137,                0.83142,                0.82713,                0.87039,                0.71957,                0.66029,                0.40467,                 1.4463,                0.08773,               0.005842,               0.005842,               0.005842,                 0.6746,                 0.4014,                0.62496,                0.47797,                0.73366,                0.38932,                 0.6683,                0.39073,                0.70576,                0.43062,                      0,                 0.6902,                0.67863,                0.66363,                0.72324,                 0.5287,                0.67521,                0.40658,                0.18393,                0.44606,                0.57004,                0.41344,                0.63564,                0.67187,                0.44097,                0.62656,                0.49269,                0.73916,                 0.3801,                0.66552,                0.42009,                0.69666,                0.46115,                      0,                 0.6656,                0.67592,                0.66324,                0.70397,                0.50322,                0.67279,                0.44326,                0.19092,                0.45202,                0.54379,                0.41344,                0.69178,              0.0083157,                      0,                0.70145,                0.58142,                 0.3139,                0.48265,                0.27471,                0.72529,                0.72529,                      1
                     44,                0.68507,                0.44428,                 1.3677,                0.08223,                0.83032,                 0.8335,                0.87178,                0.72094,                0.65982,                0.40412,                 1.4472,                0.08758,               0.005743,               0.005743,               0.005743,                0.67583,                0.39998,                0.63171,                0.45975,                0.72958,                   0.36,                  0.671,                0.35952,                0.69796,                0.42113,                      0,                0.69073,                0.67953,                0.66408,                0.73453,                 0.5318,                0.67624,                0.40342,                0.18425,                0.44582,                0.57743,                0.41158,                0.63665,                0.67439,                0.43478,                 0.6326,                0.48737,                 0.7358,                0.35716,                0.66853,                0.39964,                0.70147,                0.46917,                      0,                0.67174,                0.67629,                0.66243,                0.71129,                0.50855,                0.67539,                0.43668,                0.19045,                0.44815,                0.55491,                0.41158,                0.68536,              0.0079226,                      0,                0.70836,                0.58405,                0.31746,                0.48302,                0.26785,                0.73215,                0.73215,                      1
                     45,                0.68429,                0.44189,                 1.3713,                0.08153,                0.84584,                0.82275,                0.87299,                 0.7223,                0.66022,                0.40351,                  1.451,                0.08754,               0.005644,               0.005644,               0.005644,                0.67773,                 0.4059,                0.62264,                0.47411,                 0.7281,                0.38415,                0.65356,                0.38267,                0.70136,                0.40269,                      0,                0.69212,                0.67747,                0.66247,                0.72922,                0.52648,                 0.6769,                0.41007,                0.18361,                0.44397,                 0.5645,                0.41241,                0.63567,                0.67185,                0.43608,                0.63871,                 0.5104,                 0.7365,                0.38169,                0.65635,                0.41063,                0.70437,                0.43729,                      0,                0.66987,                 0.6736,                0.66116,                0.70973,                0.50344,                0.67332,                0.43983,                0.19032,                0.44829,                0.54821,                0.41241,                0.68264,              0.0079163,                      0,                0.70352,                0.57972,                0.31417,                0.48003,                 0.2696,                 0.7304,                 0.7304,                      1
                     46,                0.68283,                0.44323,                 1.3731,                0.08171,                0.83334,                0.83158,                0.87146,                0.72134,                0.65995,                0.40287,                  1.455,                0.08755,               0.005545,               0.005545,               0.005545,                0.68184,                 0.4095,                0.63525,                0.45703,                0.74194,                0.37694,                0.65183,                0.35359,                0.68899,                0.40072,                      0,                0.69346,                0.67615,                0.66207,                0.73541,                0.52394,                0.68103,                0.41183,                0.18436,                 0.4443,                 0.5635,                0.40972,                0.64649,                0.67849,                0.44287,                0.64186,                 0.4895,                0.73306,                0.39221,                0.65009,                0.39294,                0.68741,                0.42678,                      0,                0.67182,                0.67504,                0.66186,                0.71476,                0.50305,                0.67813,                0.44469,                0.19057,                0.44907,                0.54714,                0.40972,                0.69565,              0.0082055,                      0,                 0.7055,                0.58536,                0.31761,                0.48212,                 0.2646,                 0.7354,                 0.7354,                      1
                     47,                0.68391,                0.44037,                 1.3705,                0.08166,                0.84094,                0.82857,                0.87192,                0.72202,                0.66015,                  0.402,                 1.4565,                0.08754,               0.005446,               0.005446,               0.005446,                 0.6822,                0.40792,                0.63241,                0.44822,                 0.7342,                 0.3572,                0.65397,                 0.3516,                0.69747,                0.40372,                      0,                0.69643,                0.67666,                 0.6626,                0.73323,                0.52438,                0.68164,                0.41071,                0.18416,                0.44362,                0.56525,                0.41094,                0.64127,                0.67824,                0.44356,                0.63279,                0.48042,                0.74667,                 0.3494,                0.65445,                0.38089,                0.69074,                0.44865,                      0,                0.67196,                0.67348,                0.66163,                0.71588,                0.50035,                0.67861,                0.44424,                0.19095,                0.44838,                0.54786,                0.41094,                0.69678,              0.0081409,                      0,                0.70469,                0.58102,                0.31865,                0.47974,                0.26805,                0.73195,                0.73195,                      1
                     48,                0.67999,                0.44095,                 1.3681,                0.08155,                0.83817,                0.82551,                0.86984,                0.72102,                0.65962,                0.40187,                 1.4538,                0.08752,               0.005347,               0.005347,               0.005347,                0.68065,                 0.4039,                0.63492,                0.46398,                0.72997,                0.35385,                0.65765,                0.38628,                0.71091,                0.40697,                      0,                0.69444,                 0.6787,                0.66506,                0.72933,                0.52414,                 0.6809,                0.40865,                0.18414,                0.44572,                0.57004,                0.41295,                0.64451,                0.67593,                0.44184,                0.62915,                0.48651,                0.72713,                0.35877,                0.66186,                0.42653,                0.70509,                0.42825,                      0,                0.67031,                0.67479,                0.66302,                0.71094,                 0.5005,                0.67638,                 0.4438,                0.18956,                0.45022,                0.55028,                0.41295,                0.69268,              0.0080701,                      0,                0.70278,                0.58606,                0.31309,                  0.487,                0.27117,                0.72883,                0.72883,                      1
                     49,                0.68072,                0.43821,                 1.3628,                0.08202,                0.84255,                0.82497,                0.87024,                0.72122,                0.65921,                0.40184,                 1.4514,                0.08745,               0.005248,               0.005248,               0.005248,                0.68094,                 0.4072,                0.60707,                 0.4437,                0.73006,                0.36463,                0.65071,                0.35186,                0.70268,                0.40197,                      0,                0.69256,                0.67692,                0.66242,                 0.7339,                0.52855,                0.67894,                0.40823,                0.18458,                0.44486,                 0.5666,                0.41161,                0.64205,                0.67505,                0.43625,                 0.6129,                0.45998,                0.73139,                0.36069,                0.66106,                0.37679,                0.70599,                0.42158,                      0,                0.66791,                 0.6744,                0.66336,                0.71892,                0.50645,                0.67468,                0.43591,                0.19206,                 0.4506,                0.55198,                0.41161,                0.69303,              0.0077916,                      0,                0.70789,                0.58215,                0.31803,                0.48126,                0.26974,                0.73026,                0.73026,                      1
                     50,                0.67733,                0.43331,                 1.3714,                 0.0815,                0.84358,                0.82521,                0.86929,                0.72052,                0.65924,                0.40175,                 1.4523,                0.08743,               0.005149,               0.005149,               0.005149,                0.67689,                0.39925,                0.62753,                0.47642,                 0.7275,                0.39997,                0.65956,                0.37241,                0.71565,                0.41571,                      0,                0.69023,                0.68058,                0.66581,                0.72291,                0.52719,                0.67745,                0.40512,                  0.184,                0.44613,                0.57411,                0.41274,                0.64314,                0.67379,                0.43873,                0.62587,                0.49772,                0.73694,                0.39783,                0.66477,                0.40886,                 0.7112,                0.43828,                      0,                0.66749,                0.67749,                0.66465,                0.70728,                0.50188,                0.67506,                0.44228,                0.19024,                0.45213,                0.55521,                0.41274,                0.69539,              0.0081534,                      0,                0.70141,                0.58418,                 0.3128,                0.48509,                0.27145,                0.72855,                0.72855,                      1
                     51,                0.67687,                0.43249,                 1.3648,                 0.0819,                0.84303,                0.82595,                0.86981,                0.72207,                0.65912,                0.40104,                 1.4526,                0.08741,                0.00505,                0.00505,                0.00505,                0.67736,                0.39282,                 0.6264,                0.47511,                0.74859,                0.39249,                0.64694,                0.34144,                 0.7179,                0.41909,                      0,                0.69476,                0.68067,                0.66524,                0.72903,                 0.5318,                0.67839,                0.39874,                0.18497,                0.44171,                0.56802,                0.41012,                0.63323,                0.67456,                0.43036,                0.62442,                0.49936,                0.75005,                0.39256,                0.64805,                0.37903,                0.70907,                 0.4397,                      0,                0.67164,                0.67702,                0.66464,                0.71205,                 0.5073,                0.67566,                0.43299,                0.19132,                  0.446,                0.54874,                0.41012,                0.68677,              0.0079698,                      0,                0.70663,                0.58263,                0.31591,                0.47968,                0.26602,                0.73398,                0.73398,                      1
                     52,                0.67184,                0.42973,                 1.3769,                0.08174,                0.84434,                0.82381,                0.87025,                0.72302,                0.65887,                0.40082,                 1.4543,                0.08736,               0.004951,               0.004951,               0.004951,                0.67653,                0.39963,                0.61482,                0.45906,                0.72024,                0.40843,                0.66701,                0.35706,                0.70086,                0.41764,                      0,                0.68854,                0.67839,                0.66405,                0.72817,                0.52855,                0.67546,                0.40306,                0.18349,                0.44645,                0.57389,                0.41231,                0.64024,                0.67494,                0.43949,                0.61845,                0.48439,                 0.7234,                0.41573,                0.67722,                0.38993,                0.69532,                0.44419,                      0,                 0.6691,                0.67641,                0.66213,                 0.7087,                0.50495,                0.67449,                0.44081,                0.18881,                0.45082,                0.55231,                0.41231,                0.68901,               0.007926,                      0,                0.70411,                0.58356,                0.31349,                0.48343,                0.27087,                0.72913,                0.72913,                      1
                     53,                0.67054,                0.42666,                 1.3666,                0.08153,                0.85024,                   0.82,                0.86988,                0.72269,                0.65873,                 0.4005,                 1.4544,                0.08735,               0.004852,               0.004852,               0.004852,                0.67653,                0.40154,                0.62332,                0.47267,                0.73945,                0.39089,                0.65659,                 0.3551,                0.69445,                0.41042,                      0,                0.69115,                0.67791,                0.66504,                0.72842,                0.52679,                0.67669,                0.40525,                0.18305,                0.44496,                0.57001,                 0.4119,                0.63707,                0.67514,                0.43843,                  0.625,                0.49913,                0.73926,                0.38945,                0.65791,                0.40849,                0.69801,                0.45022,                      0,                 0.6718,                0.67589,                0.66418,                0.70472,                0.50054,                0.67576,                0.44083,                0.18994,                 0.4473,                0.55379,                 0.4119,                 0.6866,              0.0080402,                      0,                0.70238,                0.58515,                0.31468,                0.48529,                0.26742,                0.73258,                0.73258,                      1
                     54,                0.66652,                0.42647,                 1.3694,                0.08167,                0.85086,                0.81958,                 0.8699,                0.72248,                0.65847,                0.40013,                 1.4541,                0.08736,               0.004753,               0.004753,               0.004753,                 0.6843,                0.41103,                0.61336,                 0.4537,                0.73656,                0.36115,                0.67081,                0.38303,                0.67566,                0.37336,                      0,                0.69973,                0.67835,                  0.662,                 0.7364,                0.52342,                0.68212,                0.41059,                0.18457,                0.43978,                0.56278,                0.41041,                0.63364,                0.68072,                0.44419,                 0.6236,                0.48228,                0.73736,                0.36678,                0.67148,                0.41572,                0.67766,                 0.4082,                      0,                0.67584,                0.67647,                0.66316,                0.71426,                0.49916,                0.67973,                0.44341,                0.19155,                0.44562,                0.54963,                0.41041,                0.69044,              0.0081203,                      0,                0.70497,                0.58605,                0.31481,                0.48323,                0.26647,                0.73353,                0.73353,                      1
                     55,                0.67246,                0.42787,                 1.3672,                0.08148,                0.85258,                0.81971,                0.87059,                0.72354,                0.65829,                0.39976,                 1.4554,                0.08737,               0.004654,               0.004654,               0.004654,                0.68015,                0.40353,                0.62595,                 0.4718,                0.74797,                0.36686,                0.65223,                 0.3808,                0.70078,                0.41023,                      0,                0.69385,                0.68002,                 0.6667,                 0.7284,                0.52478,                0.68027,                0.40739,                0.18543,                0.44453,                 0.5643,                0.41189,                0.64316,                0.67566,                0.43952,                0.62255,                0.50373,                 0.7475,                0.37736,                0.64941,                0.40659,                0.69922,                0.43298,                      0,                0.67095,                0.67611,                0.66503,                0.70933,                0.50298,                0.67617,                0.44161,                0.19059,                 0.4493,                0.54787,                0.41189,                0.69045,               0.007882,                      0,                0.70305,                0.58596,                 0.3159,                  0.486,                0.26781,                0.73219,                0.73219,                      1
                     56,                0.66462,                0.42356,                 1.3627,                0.08123,                0.84653,                0.82592,                0.87099,                0.72354,                0.65795,                0.39959,                 1.4549,                0.08737,               0.004555,               0.004555,               0.004555,                0.68582,                0.41333,                0.62568,                0.46935,                0.73985,                0.38311,                0.66498,                0.37585,                0.70358,                0.41306,                      0,                0.70269,                0.67629,                0.65992,                0.73022,                0.52299,                0.68504,                0.41581,                0.18288,                0.43927,                0.56175,                0.41029,                0.63631,                0.68345,                0.45184,                0.63268,                0.49575,                0.74111,                0.38061,                0.68031,                0.41642,                 0.7065,                0.43438,                      0,                 0.6812,                0.67149,                0.65752,                0.71015,                0.49631,                0.68397,                0.45255,                0.18876,                0.44366,                0.54257,                0.41029,                0.69163,               0.007871,                      0,                 0.7012,                 0.5877,                0.31877,                0.48535,                0.26589,                0.73411,                0.73411,                      1
                     57,                0.66569,                0.42171,                 1.3624,                0.08122,                0.84803,                0.82597,                0.87156,                0.72388,                0.65771,                0.39908,                 1.4557,                0.08736,               0.004456,               0.004456,               0.004456,                 0.6792,                0.40551,                0.63371,                0.44521,                0.71643,                0.39566,                0.66667,                0.38138,                0.70122,                0.40841,                      0,                0.69193,                0.67843,                0.66575,                0.72849,                0.52328,                0.67877,                0.40849,                0.18485,                0.44446,                0.55651,                0.41392,                0.64314,                 0.6761,                0.43774,                 0.6321,                0.47035,                 0.7283,                0.38091,                0.66701,                 0.4091,                0.69082,                0.43937,                      0,                0.67104,                0.67583,                0.66558,                0.70738,                0.50026,                0.67612,                0.43909,                 0.1915,                0.44883,                0.54383,                0.41392,                0.68988,              0.0078272,                      0,                0.70174,                0.58264,                 0.3135,                0.48492,                0.26971,                0.73029,                0.73029,                      1
                     58,                0.66549,                0.42057,                 1.3543,                0.08102,                0.84628,                0.82768,                0.87223,                0.72465,                0.65762,                0.39888,                 1.4554,                0.08734,               0.004357,               0.004357,               0.004357,                0.68313,                0.40833,                0.61704,                0.46046,                0.74319,                 0.4097,                0.66723,                0.36326,                0.72258,                0.41115,                      0,                0.69706,                0.68126,                0.66636,                0.72276,                0.52219,                 0.6834,                0.41096,                0.18449,                0.44206,                0.56392,                0.41047,                0.64523,                0.67866,                0.44485,                0.63516,                0.49367,                0.74998,                0.40526,                0.66553,                0.40478,                0.71799,                0.43599,                      0,                0.67584,                0.67725,                0.66424,                0.70417,                0.49816,                0.68059,                0.44663,                0.19021,                 0.4469,                0.54655,                0.41047,                0.69386,              0.0080195,                      0,                0.69858,                0.58767,                0.31373,                0.48561,                0.26365,                0.73635,                0.73635,                      1
                     59,                0.66752,                0.41981,                 1.3635,                0.08146,                0.84823,                0.82844,                0.87202,                 0.7246,                0.65742,                0.39868,                 1.4557,                0.08734,               0.004258,               0.004258,               0.004258,                0.68168,                0.39948,                0.61959,                 0.4391,                0.72235,                0.39978,                0.64042,                 0.3662,                 0.6791,                0.42775,                      0,                0.69197,                 0.6802,                 0.6662,                0.72791,                0.52678,                0.67877,                0.40406,                0.18584,                0.44489,                0.57023,                 0.4131,                0.64346,                0.68033,                  0.446,                0.61753,                0.46778,                0.72374,                0.40771,                0.64566,                0.39689,                0.68042,                0.45727,                      0,                0.66946,                0.67478,                0.66265,                  0.708,                0.49819,                0.67773,                0.44781,                0.19061,                0.45119,                0.54299,                 0.4131,                0.69986,              0.0081266,                      0,                0.70239,                 0.5788,                0.31479,                0.47954,                0.27216,                0.72784,                0.72784,                      1
                     60,                0.65872,                0.41511,                 1.3575,                 0.0809,                0.84953,                0.82831,                0.87219,                0.72482,                0.65727,                0.39842,                 1.4565,                0.08735,               0.004159,               0.004159,               0.004159,                0.68388,                0.40948,                0.63822,                0.47284,                 0.7237,                0.36114,                  0.674,                0.38349,                0.69946,                0.39864,                      0,                0.70149,                0.68002,                0.66334,                0.72387,                0.52021,                0.68321,                0.41334,                0.18508,                0.43999,                0.56102,                0.41206,                0.63427,                0.67908,                 0.4472,                 0.6341,                0.48922,                0.73256,                0.35527,                0.68691,                0.40804,                0.68904,                0.42838,                      0,                0.67568,                0.67548,                0.66062,                0.70642,                0.49712,                0.67917,                0.44869,                0.18992,                0.44645,                0.54107,                0.41206,                0.68851,              0.0080444,                      0,                0.69809,                0.58194,                0.31442,                0.48119,                0.27199,                0.72801,                0.72801,                      1
                     61,                0.66263,                 0.4156,                 1.3571,                0.08099,                0.84718,                0.83126,                0.87196,                0.72433,                0.65698,                0.39837,                 1.4568,                0.08732,                0.00406,                0.00406,                0.00406,                0.68217,                0.40526,                0.61819,                0.45907,                0.73153,                 0.3618,                0.66866,                0.40665,                0.68603,                0.44484,                      0,                0.69612,                0.67925,                0.66413,                0.72227,                0.52458,                0.68071,                0.40888,                0.18481,                0.44318,                0.56329,                0.41307,                0.63893,                0.67857,                 0.4391,                0.62652,                0.47634,                0.74091,                0.36443,                0.67649,                0.43444,                0.69432,                0.47762,                      0,                0.67661,                0.67664,                0.66346,                0.70066,                0.50083,                0.67891,                0.44125,                0.19099,                0.44604,                0.53932,                0.41307,                0.68515,              0.0078447,                      0,                0.69885,                0.58173,                0.31413,                0.48241,                0.26936,                0.73064,                0.73064,                      1
                     62,                0.66047,                0.41528,                 1.3621,                0.08107,                0.84707,                0.83207,                0.87207,                0.72445,                0.65683,                 0.3987,                 1.4566,                0.08732,               0.003961,               0.003961,               0.003961,                0.68618,                0.41592,                0.62638,                0.47228,                0.73255,                0.33984,                 0.6494,                0.36515,                 0.6921,                0.39193,                      0,                0.69761,                0.67827,                0.66284,                0.72933,                0.51931,                0.68387,                0.41766,                0.18485,                0.44301,                0.55976,                0.41245,                0.64704,                0.68364,                0.44854,                0.63668,                0.49606,                0.72957,                0.35152,                0.67128,                0.39308,                0.70002,                0.43251,                      0,                0.68073,                0.67731,                 0.6635,                0.70958,                0.49411,                0.68303,                 0.4495,                0.19213,                0.44667,                0.54503,                0.41245,                0.68917,              0.0081135,                      0,                0.69971,                0.58422,                0.31564,                0.48421,                0.27182,                0.72818,                0.72818,                      1
                     63,                 0.6598,                0.41439,                  1.362,                0.08131,                0.84652,                0.83127,                0.87193,                0.72477,                0.65664,                0.39831,                 1.4563,                0.08729,               0.003862,               0.003862,               0.003862,                0.67907,                0.40985,                0.60495,                 0.4729,                0.72882,                0.39601,                0.66091,                0.39492,                0.70085,                0.41003,                      0,                0.68939,                0.67893,                0.66327,                0.72526,                0.52477,                0.67748,                0.41383,                0.18459,                0.44424,                0.56563,                0.40987,                0.64433,                 0.6759,                0.44092,                0.60526,                0.49678,                0.73537,                0.40255,                0.67337,                0.42071,                0.69917,                0.43536,                      0,                0.66743,                0.67586,                0.66257,                0.70508,                0.50308,                0.67531,                0.44341,                0.19136,                0.44899,                0.55077,                0.40987,                0.69723,              0.0077724,                      0,                0.70092,                0.58494,                0.31756,                0.48197,                0.26437,                0.73563,                0.73563,                      1
                     64,                0.66003,                0.41433,                  1.363,                0.08136,                0.84775,                 0.8295,                0.87236,                0.72525,                0.65664,                0.39824,                 1.4568,                0.08728,               0.003763,               0.003763,               0.003763,                0.68273,                0.40859,                0.62482,                0.45867,                0.75381,                 0.3873,                0.66036,                0.37731,                0.67571,                0.39723,                      0,                0.69375,                0.67854,                0.66503,                0.72985,                0.52168,                0.68142,                 0.4107,                0.18383,                0.44397,                0.56665,                0.40959,                0.64705,                0.68033,                0.44478,                0.62607,                0.49605,                0.75243,                0.39625,                0.65654,                0.40944,                0.67496,                0.42856,                      0,                0.67412,                0.67586,                0.66359,                0.70896,                0.49912,                0.67929,                0.44572,                0.18976,                0.44658,                0.54666,                0.40959,                0.69367,              0.0079427,                      0,                0.70159,                0.58672,                 0.3156,                0.48391,                0.26414,                0.73586,                0.73586,                      1
                     65,                0.65713,                0.40944,                 1.3595,                0.08132,                0.84782,                0.82963,                0.87223,                0.72511,                0.65657,                0.39803,                  1.457,                0.08727,               0.003664,               0.003664,               0.003664,                 0.6793,                0.40695,                0.64245,                0.46091,                 0.7485,                0.41363,                0.66926,                0.38645,                0.68324,                0.40129,                      0,                0.69315,                0.68237,                0.66525,                 0.7278,                0.52557,                0.68016,                0.41109,                 0.1851,                 0.4427,                0.55913,                0.41063,                0.64455,                0.67648,                0.44258,                0.65127,                0.49304,                0.75066,                0.40778,                 0.6715,                0.41416,                0.68974,                0.43722,                      0,                0.67453,                0.67825,                0.66308,                0.71004,                0.50178,                 0.6786,                0.44534,                0.19115,                0.44583,                0.53804,                0.41063,                0.68974,               0.007799,                      0,                0.70283,                0.58161,                0.31629,                0.47945,                0.26726,                0.73274,                0.73274,                      1
                     66,                0.65447,                0.41013,                 1.3574,                0.08109,                0.84808,                0.82932,                0.87223,                0.72554,                0.65652,                0.39796,                 1.4573,                0.08724,               0.003565,               0.003565,               0.003565,                0.67849,                0.40591,                 0.6329,                0.49841,                0.75139,                0.38248,                0.65699,                0.34089,                0.71285,                0.40947,                      0,                0.69036,                0.67835,                0.66426,                0.72495,                0.52275,                0.67963,                0.41091,                0.18466,                0.44529,                0.56755,                0.41116,                0.65022,                0.67789,                 0.4468,                0.63793,                0.52479,                0.74898,                0.38552,                0.66516,                0.38847,                0.71531,                0.43775,                      0,                0.67281,                0.67284,                0.66075,                0.70329,                0.49643,                0.67959,                0.44985,                0.19006,                0.44957,                0.54746,                0.41116,                0.69819,              0.0076974,                      0,                0.69874,                0.58363,                0.31604,                0.48204,                0.26724,                0.73276,                0.73276,                      1
                     67,                0.65421,                0.40612,                 1.3539,                0.08109,                0.84893,                0.82853,                0.87188,                0.72522,                0.65649,                 0.3979,                 1.4578,                0.08722,               0.003466,               0.003466,               0.003466,                0.68117,                0.41447,                0.60729,                0.46244,                0.75298,                0.37433,                0.64737,                0.34749,                0.70022,                   0.41,                      0,                0.69236,                0.67587,                0.66183,                0.72902,                0.51802,                0.68015,                0.41682,                0.18592,                0.44437,                0.56557,                0.41054,                0.64688,                0.67966,                0.44702,                0.60839,                0.48729,                0.75905,                0.38546,                0.64803,                0.38271,                0.70131,                0.43717,                      0,                0.67381,                0.67228,                0.66004,                 0.7101,                0.49504,                0.67922,                0.44803,                0.19146,                0.44888,                0.54454,                0.41054,                0.69395,              0.0077376,                      0,                0.69919,                0.58249,                 0.3167,                0.47922,                0.26844,                0.73156,                0.73156,                      1
                     68,                0.65274,                0.40364,                 1.3541,                0.08061,                0.84561,                 0.8312,                0.87185,                  0.725,                0.65639,                0.39779,                  1.458,                0.08722,               0.003367,               0.003367,               0.003367,                0.68125,                0.40967,                0.62206,                0.45108,                 0.7362,                0.38315,                 0.6583,                0.41809,                0.70184,                0.39073,                      0,                0.69074,                0.67799,                0.66552,                0.72118,                0.51569,                0.68033,                0.41253,                0.18691,                0.44556,                0.56576,                 0.4119,                 0.6521,                0.68025,                0.44726,                0.63152,                0.47316,                0.74533,                0.38377,                0.68638,                0.43596,                0.70713,                0.42699,                      0,                0.67441,                0.67579,                0.66442,                0.70271,                0.48964,                0.68124,                0.44883,                0.19371,                0.44955,                0.54793,                 0.4119,                0.69979,              0.0081018,                      0,                0.69416,                0.58515,                0.31703,                0.48456,                0.26925,                0.73075,                0.73075,                      1
                     69,                0.65057,                0.40417,                  1.357,                0.08127,                0.84499,                0.83052,                 0.8721,                0.72554,                0.65637,                0.39788,                 1.4579,                0.08719,               0.003268,               0.003268,               0.003268,                 0.6801,                0.40466,                0.62162,                0.44765,                0.73551,                0.39188,                0.64253,                0.35947,                 0.6873,                0.39865,                      0,                  0.689,                0.67825,                0.66562,                0.72851,                0.52229,                0.67867,                0.40653,                0.18551,                0.44497,                0.56887,                0.41241,                0.65087,                0.67793,                0.44275,                0.63224,                0.47389,                0.74034,                0.39464,                0.65567,                0.39313,                0.69089,                0.43383,                      0,                0.66893,                 0.6747,                0.66445,                0.70618,                0.49545,                0.67802,                0.44366,                0.19234,                0.45046,                0.54683,                0.41241,                0.70249,              0.0078273,                      0,                0.70036,                0.58145,                0.31426,                0.48176,                0.27094,                0.72906,                0.72906,                      1
                     70,                0.64924,                0.40242,                  1.346,                0.08043,                 0.8437,                0.83015,                 0.8721,                0.72533,                0.65633,                0.39769,                 1.4582,                0.08719,               0.003169,               0.003169,               0.003169,                0.68098,                0.41044,                0.62631,                0.44814,                0.74866,                0.40505,                0.65744,                0.38534,                0.71254,                 0.3846,                      0,                0.69251,                0.67855,                0.66529,                0.71887,                0.51593,                0.68126,                0.41422,                0.18733,                0.44307,                0.55804,                0.41119,                0.65032,                0.67729,                0.44529,                0.62886,                0.46988,                0.76082,                 0.4133,                0.65121,                 0.4079,                0.71129,                0.40971,                      0,                0.67338,                0.67412,                0.66337,                0.70332,                0.49293,                0.67854,                0.44701,                0.19292,                0.44721,                0.53767,                0.41119,                0.69273,              0.0076702,                      0,                0.69406,                0.58203,                0.31605,                0.48092,                0.26655,                0.73345,                0.73345,                      1
                     71,                0.64577,                0.39892,                 1.3509,                0.08102,                0.84134,                0.83235,                0.87214,                0.72505,                0.65628,                0.39776,                 1.4584,                 0.0872,                0.00307,                0.00307,                0.00307,                0.68198,                 0.4107,                0.62974,                0.47756,                0.74261,                0.36912,                0.65233,                0.35209,                 0.6847,                0.39485,                      0,                0.69382,                 0.6792,                0.66577,                0.72866,                0.51905,                0.68094,                0.41329,                0.18485,                0.44321,                0.55937,                0.41363,                0.64628,                0.67865,                0.44388,                0.63661,                0.50642,                0.74557,                 0.3821,                0.65933,                0.39295,                0.68897,                0.43248,                      0,                0.67582,                0.67645,                0.66438,                0.70584,                0.49632,                0.67893,                0.44552,                0.19081,                0.44556,                0.54226,                0.41363,                0.68729,              0.0077213,                      0,                0.69942,                0.58362,                 0.3116,                0.48557,                0.27086,                0.72914,                0.72914,                      1
                     72,                0.64624,                0.39764,                 1.3513,                0.08011,                0.84214,                0.83025,                0.87212,                0.72535,                0.65632,                0.39778,                 1.4585,                0.08719,               0.002971,               0.002971,               0.002971,                0.68301,                 0.4171,                0.62766,                0.46619,                0.72435,                 0.4019,                0.67566,                0.41654,                0.71703,                0.39705,                      0,                0.69613,                0.67469,                0.66158,                0.71872,                0.51331,                0.68256,                0.42171,                0.18478,                 0.4426,                0.55551,                0.41209,                0.64577,                  0.682,                0.44882,                0.63547,                0.49347,                0.72279,                0.40109,                0.69125,                0.45703,                0.72106,                0.43958,                      0,                0.68008,                0.67256,                0.66097,                0.69811,                0.48976,                0.68262,                0.45252,                0.19123,                0.44563,                0.53621,                0.41209,                0.68952,              0.0078224,                      0,                0.69133,                0.58005,                0.31622,                0.47982,                0.26942,                0.73058,                0.73058,                      1
                     73,                 0.6436,                0.39554,                 1.3542,                0.08092,                0.84075,                0.83306,                0.87186,                0.72523,                0.65631,                0.39761,                 1.4585,                 0.0872,               0.002872,               0.002872,               0.002872,                0.68259,                0.41256,                0.63488,                0.46745,                0.73785,                0.35511,                0.65512,                0.32705,                0.68594,                0.40216,                      0,                0.69365,                0.67964,                0.66619,                0.72903,                0.51608,                0.68159,                0.41363,                0.18715,                0.44433,                0.55801,                0.41306,                0.64933,                0.68242,                0.44692,                0.63663,                 0.4867,                0.74218,                0.35519,                0.66277,                0.36262,                 0.6791,                0.43529,                      0,                0.67769,                0.67593,                0.66494,                0.71189,                0.49153,                0.68165,                0.44633,                0.19299,                0.44803,                0.53999,                0.41306,                0.69223,              0.0077993,                      0,                0.69883,                0.58327,                0.31457,                0.48445,                0.27223,                0.72777,                0.72777,                      1
                     74,                 0.6405,                 0.3938,                 1.3456,                0.08116,                0.84234,                0.83123,                0.87192,                0.72505,                0.65613,                0.39748,                 1.4591,                 0.0872,               0.002773,               0.002773,               0.002773,                0.67781,                0.40528,                0.61542,                0.45538,                 0.7501,                0.38917,                0.66248,                0.36814,                0.69361,                0.41374,                      0,                0.69124,                0.68143,                0.66719,                0.72871,                0.52297,                0.67769,                0.40734,                0.18638,                0.44177,                0.55841,                0.41108,                0.64021,                0.67837,                 0.4408,                0.62151,                0.48144,                 0.7673,                0.39729,                0.66626,                0.39361,                0.69036,                0.44669,                      0,                0.67487,                0.67894,                 0.6665,                0.70589,                0.49853,                0.67918,                0.44201,                0.19296,                0.44498,                 0.5378,                0.41108,                0.69109,              0.0077646,                      0,                0.70134,                0.58803,                0.31436,                0.48679,                0.26554,                0.73446,                0.73446,                      1
                     75,                0.64198,                0.39448,                 1.3516,                0.08039,                0.84055,                0.83293,                0.87183,                0.72514,                0.65615,                0.39757,                 1.4596,                 0.0872,               0.002674,               0.002674,               0.002674,                0.68181,                0.41071,                0.64754,                0.45297,                0.73484,                0.41635,                0.67742,                0.37631,                0.70519,                0.40784,                      0,                 0.6955,                0.67902,                0.66592,                0.71883,                0.51392,                 0.6829,                0.41515,                0.18533,                0.44244,                 0.5608,                0.41101,                0.64834,                0.68156,                0.44676,                0.64791,                0.46825,                0.73802,                0.40278,                0.66701,                0.40102,                0.70831,                0.43911,                      0,                0.67941,                0.67649,                0.66466,                0.70157,                0.49101,                0.68272,                0.44837,                 0.1913,                0.44483,                0.54386,                0.41101,                0.69177,              0.0076603,                      0,                0.69287,                0.58642,                0.31421,                0.48478,                0.26724,                0.73276,                0.73276,                      1
                     76,                0.63638,                0.39006,                 1.3504,                0.08026,                0.83943,                0.83186,                0.87175,                0.72518,                0.65615,                 0.3975,                 1.4597,                 0.0872,               0.002575,               0.002575,               0.002575,                0.68268,                0.40731,                 0.6298,                0.49069,                0.73578,                0.41445,                0.65539,                0.37848,                0.70655,                0.42591,                      0,                0.69722,                 0.6799,                0.66489,                0.71483,                0.51772,                0.68227,                 0.4133,                0.18581,                 0.4383,                0.56516,                0.41055,                0.64074,                0.68369,                0.44199,                0.64648,                0.52003,                0.73919,                0.41797,                0.67165,                0.42219,                0.71744,                0.45582,                      0,                0.68479,                0.67766,                 0.6637,                0.68805,                0.49269,                0.68494,                0.44724,                0.19121,                0.43975,                0.54808,                0.41055,                0.68537,              0.0078929,                      0,                 0.6907,                0.58707,                0.31338,                0.48498,                0.26469,                0.73531,                0.73531,                      1
                     77,                0.64009,                0.39079,                 1.3498,                0.08018,                0.83623,                0.83667,                0.87165,                0.72481,                 0.6562,                0.39746,                   1.46,                0.08718,               0.002476,               0.002476,               0.002476,                0.67995,                0.41797,                0.62972,                0.48912,                0.73422,                 0.3777,                0.65816,                0.37335,                0.70311,                0.40723,                      0,                0.68749,                0.67671,                0.66413,                0.71825,                0.51542,                0.67959,                0.42083,                0.18556,                0.44583,                0.55609,                 0.4106,                0.65748,                 0.6801,                0.45494,                0.63066,                0.51318,                0.73946,                0.37996,                0.65508,                0.38987,                0.69772,                0.43653,                      0,                0.67227,                0.67403,                0.66285,                0.69583,                0.49005,                0.67971,                0.45551,                0.19156,                0.44877,                0.53696,                 0.4106,                0.70052,              0.0078235,                      0,                0.69183,                0.58632,                0.31692,                0.48467,                0.26337,                0.73663,                0.73663,                      1
                     78,                0.63712,                0.38792,                 1.3426,                0.08048,                0.83619,                0.83729,                0.87128,                0.72491,                0.65602,                0.39739,                 1.4605,                0.08718,               0.002377,               0.002377,               0.002377,                0.68146,                0.40563,                 0.6484,                0.49371,                0.75072,                0.39854,                0.65877,                 0.3613,                0.68714,                0.40566,                      0,                0.69417,                0.68136,                0.66762,                0.71494,                0.51798,                0.68213,                   0.41,                0.18691,                0.44276,                0.56671,                 0.4114,                0.64921,                0.68076,                0.43989,                0.65666,                0.50902,                0.76098,                0.41296,                0.67499,                0.39872,                0.69385,                0.44283,                      0,                0.68025,                 0.6781,                0.66583,                0.69514,                0.49436,                0.68302,                0.44298,                0.19286,                0.44628,                0.54908,                 0.4114,                0.69059,              0.0078544,                      0,                 0.6926,                0.58252,                 0.3144,                0.48109,                0.26785,                0.73215,                0.73215,                      1
                     79,                0.63748,                0.38837,                 1.3456,                0.08075,                0.83429,                0.83837,                0.87135,                  0.725,                0.65597,                 0.3975,                 1.4608,                0.08718,               0.002278,               0.002278,               0.002278,                0.67882,                0.40804,                0.61849,                0.46561,                0.73662,                0.38603,                0.66684,                0.34299,                0.70828,                0.40686,                      0,                0.69058,                0.67954,                0.66823,                0.72616,                0.51538,                0.67891,                0.41106,                0.18595,                0.44501,                0.56131,                0.41345,                0.64723,                0.67932,                0.44319,                0.62688,                0.49339,                0.73754,                0.39779,                0.66563,                0.37161,                0.70504,                0.43642,                      0,                0.67585,                0.67587,                0.66635,                0.70498,                0.49029,                0.67964,                0.44464,                0.19152,                0.44793,                0.54277,                0.41345,                0.68991,              0.0077054,                      0,                0.69651,                0.58328,                0.31167,                0.48519,                0.26929,                0.73071,                0.73071,                      1
                     80,                0.62772,                0.38285,                 1.3458,                0.08044,                0.83146,                 0.8418,                0.87093,                0.72481,                0.65586,                0.39773,                 1.4612,                0.08718,               0.002179,               0.002179,               0.002179,                0.68257,                  0.407,                0.63913,                0.47776,                0.75049,                 0.3636,                0.65913,                0.36574,                0.70634,                0.42816,                      0,                0.69505,                 0.6792,                0.66549,                0.71898,                0.51595,                0.68312,                0.41049,                 0.1863,                0.44326,                0.56322,                0.41139,                 0.6506,                0.67856,                0.44363,                0.65204,                 0.4974,                0.75538,                 0.3693,                0.65786,                0.39857,                0.71997,                0.46462,                      0,                0.67757,                0.67709,                0.66457,                0.69663,                 0.4924,                0.68108,                0.44587,                0.19271,                0.44749,                0.54522,                0.41139,                0.69066,              0.0078356,                      0,                0.69297,                 0.5862,                0.31502,                0.48498,                0.26845,                0.73155,                0.73155,                      1
                     81,                 0.6342,                0.38489,                 1.3436,                0.08007,                0.83005,                0.84297,                0.87099,                0.72478,                0.65591,                0.39768,                 1.4616,                0.08718,                0.00208,                0.00208,                0.00208,                 0.6835,                0.41563,                 0.6421,                0.48021,                0.73847,                0.38735,                0.65675,                0.36204,                0.71785,                0.43252,                      0,                0.69697,                0.67874,                0.66451,                0.71776,                0.51407,                0.68384,                0.41903,                0.18737,                0.44213,                0.55871,                0.41122,                0.64846,                0.68362,                0.45249,                0.65185,                0.50309,                0.74799,                0.39145,                0.66198,                0.39975,                0.72081,                0.45964,                      0,                0.68061,                0.67474,                0.66312,                0.69206,                0.48787,                0.68507,                0.45458,                 0.1931,                0.44737,                0.53827,                0.41122,                0.69709,              0.0078317,                      0,                0.69027,                0.58167,                0.31836,                0.48029,                0.27065,                0.72935,                0.72935,                      1
                     82,                0.63203,                 0.3831,                 1.3377,                0.08035,                0.83155,                0.84187,                0.87114,                0.72472,                0.65584,                0.39767,                  1.462,                0.08718,               0.001981,               0.001981,               0.001981,                0.68104,                 0.4099,                0.64016,                0.48476,                0.73574,                0.40917,                0.66193,                0.40011,                0.70872,                0.41295,                      0,                0.69472,                0.67987,                0.66497,                0.71917,                0.51765,                0.68149,                0.41525,                0.18647,                0.44322,                0.55625,                0.41203,                0.64601,                0.67992,                0.44588,                0.64038,                0.51471,                0.73718,                0.40337,                0.66289,                0.41504,                0.70467,                0.45245,                      0,                 0.6762,                0.67676,                0.66358,                0.69799,                0.49279,                0.68049,                0.44998,                0.19238,                0.44771,                0.53348,                0.41203,                0.69201,              0.0077302,                      0,                 0.6938,                0.58197,                0.31514,                0.48148,                 0.2715,                 0.7285,                 0.7285,                      1
                     83,                0.62734,                0.38004,                 1.3454,                0.08004,                0.83202,                0.84074,                0.87115,                0.72526,                0.65588,                0.39778,                 1.4621,                0.08719,               0.001882,               0.001882,               0.001882,                 0.6845,                0.41659,                0.63119,                0.46289,                 0.7502,                0.39275,                 0.6531,                0.37203,                0.70832,                0.42287,                      0,                 0.6965,                0.67964,                0.66626,                0.71929,                0.51157,                 0.6844,                 0.4193,                0.18745,                0.44376,                0.54875,                0.41384,                0.65217,                0.68216,                0.44977,                0.63308,                 0.4897,                0.75549,                0.39256,                0.65783,                0.40501,                0.70225,                0.44699,                      0,                0.67846,                0.67715,                0.66508,                0.70099,                0.48873,                0.68263,                0.45137,                0.19381,                0.44734,                0.53108,                0.41384,                0.69374,              0.0077481,                      0,                 0.6918,                0.58044,                0.31431,                0.48231,                0.27305,                0.72695,                0.72695,                      1
                     84,                0.63262,                0.38087,                 1.3503,                0.08057,                0.83091,                0.84108,                0.87092,                0.72479,                0.65583,                0.39771,                 1.4627,                 0.0872,               0.001783,               0.001783,               0.001783,                0.68531,                0.41406,                 0.6337,                0.46776,                0.74305,                0.38631,                0.65519,                0.35179,                0.70583,                0.39303,                      0,                0.69533,                0.67804,                0.66513,                0.72576,                0.51383,                0.68468,                0.41784,                0.18636,                0.44234,                0.55595,                0.41141,                0.65539,                0.68408,                0.44699,                0.64043,                0.48327,                0.75232,                0.39058,                0.65756,                0.38733,                0.70855,                0.41143,                      0,                0.67952,                0.67656,                0.66467,                0.70479,                0.49071,                0.68455,                0.44934,                0.19252,                0.44571,                0.54032,                0.41141,                0.69838,              0.0077571,                      0,                0.69557,                0.58628,                0.31574,                0.48559,                0.26663,                0.73337,                0.73337,                      1
                     85,                0.62929,                0.37935,                 1.3412,                0.08092,                0.83088,                0.84218,                0.87034,                0.72461,                0.65584,                0.39792,                 1.4631,                 0.0872,               0.001684,               0.001684,               0.001684,                0.68517,                0.41379,                0.61781,                0.45565,                0.72847,                0.38599,                0.67438,                 0.3884,                0.69354,                 0.3891,                      0,                0.69977,                0.67833,                0.66313,                0.73075,                 0.5173,                0.68329,                0.41557,                0.18469,                0.43993,                  0.556,                0.41227,                0.63866,                0.68321,                0.44938,                0.63167,                0.48149,                 0.7305,                0.38848,                0.68242,                0.41077,                0.69883,                0.41785,                      0,                0.68221,                 0.6755,                0.66142,                0.70885,                0.49363,                0.68288,                0.44983,                0.19062,                0.44381,                0.53745,                0.41227,                0.68469,              0.0077913,                      0,                0.69925,                0.58181,                0.31433,                  0.482,                0.26978,                0.73022,                0.73022,                      1
                     86,                0.62354,                0.37446,                 1.3363,                0.07988,                0.82965,                0.84239,                0.87034,                0.72478,                0.65574,                0.39795,                 1.4637,                 0.0872,               0.001585,               0.001585,               0.001585,                0.68169,                0.41726,                 0.6444,                0.45278,                0.75226,                0.39026,                0.65594,                0.37039,                0.69018,                0.38515,                      0,                0.69191,                0.67846,                0.66678,                0.72115,                0.50855,                0.68235,                0.41982,                0.18703,                0.44646,                0.54459,                0.41422,                0.65707,                0.68133,                0.45499,                0.65213,                0.47179,                0.75785,                0.38071,                0.67212,                 0.4052,                0.68897,                0.41368,                      0,                 0.6758,                0.67507,                0.66453,                0.70375,                0.48444,                0.68298,                0.45545,                0.19312,                0.45071,                0.52544,                0.41422,                0.70199,              0.0077434,                      0,                0.69119,                0.58314,                0.31176,                0.48559,                0.27437,                0.72563,                0.72563,                      1
                     87,                0.62471,                0.37652,                 1.3383,                 0.0803,                0.82933,                0.84187,                0.86989,                0.72485,                0.65577,                0.39805,                 1.4641,                0.08719,               0.001486,               0.001486,               0.001486,                  0.683,                0.41249,                 0.6343,                0.48495,                0.73428,                0.43006,                0.67401,                0.38278,                0.69041,                0.38493,                      0,                 0.6926,                0.67923,                0.66622,                0.71923,                0.51439,                0.68249,                0.41688,                0.18595,                0.44429,                0.55834,                0.41214,                0.65468,                0.68311,                0.44745,                0.64011,                 0.5067,                0.74158,                0.43156,                0.67559,                0.40083,                0.69485,                 0.4237,                      0,                0.67752,                0.67711,                0.66555,                0.69899,                0.48994,                0.68339,                0.44999,                0.19285,                0.44678,                0.53915,                0.41214,                0.69951,              0.0077868,                      0,                0.69261,                 0.5853,                  0.315,                 0.4855,                0.26668,                0.73332,                0.73332,                      1
                     88,                 0.6229,                0.37409,                 1.3346,                0.08023,                0.82984,                0.84168,                0.86962,                0.72516,                0.65582,                0.39821,                 1.4649,                0.08718,               0.001387,               0.001387,               0.001387,                0.68357,                0.41769,                0.63626,                0.47508,                0.72565,                  0.376,                0.66629,                0.34214,                0.70636,                0.39659,                      0,                0.69667,                0.67797,                0.66436,                0.72294,                0.51177,                0.68294,                0.41997,                0.18644,                0.44124,                0.55363,                0.41031,                0.64504,                0.68366,                0.45557,                0.64344,                0.49161,                0.73253,                0.39846,                0.67196,                0.38725,                 0.7094,                0.43473,                      0,                0.68141,                0.67394,                0.66182,                0.70427,                0.48714,                0.68393,                0.45588,                0.19149,                0.44497,                0.53147,                0.41031,                0.69088,              0.0077897,                      0,                0.69308,                0.58733,                0.31822,                0.48505,                0.26595,                0.73405,                0.73405,                      1
                     89,                0.62122,                0.37056,                 1.3366,                0.08049,                 0.8357,                0.83592,                0.86959,                0.72503,                0.65575,                0.39828,                 1.4651,                0.08717,               0.001288,               0.001288,               0.001288,                0.68186,                0.41355,                0.63667,                0.46004,                0.74955,                0.40724,                0.67626,                0.41243,                0.70295,                0.40952,                      0,                0.69526,                0.68078,                0.66533,                0.72171,                0.51783,                0.68297,                0.41657,                0.18774,                0.44523,                 0.5542,                0.41323,                 0.6506,                0.67908,                0.44555,                0.64813,                0.49243,                0.75888,                0.39951,                0.68999,                0.43997,                0.70472,                0.43579,                      0,                0.67566,                0.67812,                0.66542,                0.70082,                0.49304,                0.68196,                0.44725,                0.19492,                0.44986,                0.53462,                0.41323,                0.69854,              0.0076668,                      0,                0.69533,                0.57726,                0.31581,                0.47765,                0.27518,                0.72482,                0.72482,                      1
                     90,                0.61786,                0.36903,                 1.3343,                 0.0802,                0.83544,                0.83664,                0.86953,                0.72509,                0.65572,                0.39823,                 1.4656,                0.08717,               0.001189,               0.001189,               0.001189,                0.68469,                0.41335,                0.64058,                0.46289,                0.76206,                0.39431,                0.65812,                0.38075,                0.72114,                0.40682,                      0,                0.70196,                0.68047,                0.66646,                0.71813,                0.51194,                0.68616,                0.41669,                 0.1855,                0.43976,                0.56323,                0.41296,                0.64324,                0.68299,                0.44716,                0.64942,                0.48568,                0.76846,                 0.4064,                0.67686,                0.40272,                0.72986,                0.44168,                      0,                0.68411,                0.67788,                0.66626,                0.69695,                0.48722,                0.68621,                 0.4492,                 0.1922,                0.44455,                0.54338,                0.41296,                0.69194,              0.0074119,                      0,                0.69068,                0.58554,                0.31351,                0.48708,                0.26905,                0.73095,                0.73095,                      1
                     91,                0.62294,                0.36944,                 1.3353,                 0.0801,                0.83502,                 0.8366,                 0.8694,                0.72499,                0.65567,                 0.3984,                  1.466,                0.08716,                0.00109,                0.00109,                0.00109,                0.67862,                0.41218,                0.63258,                0.43673,                0.75282,                0.37044,                0.67978,                0.38384,                0.72601,                0.42094,                      0,                0.69027,                0.67989,                0.66933,                0.71742,                0.50888,                0.68093,                0.41499,                0.18824,                0.44475,                0.55871,                0.41351,                0.65562,                0.68049,                0.44379,                0.63098,                0.46129,                0.76267,                0.37519,                0.69263,                0.42474,                0.72633,                0.43922,                      0,                0.67809,                0.67867,                0.66821,                0.69871,                0.48828,                0.68315,                0.44485,                0.19412,                0.44762,                0.54378,                0.41351,                0.69687,              0.0076375,                      0,                0.69022,                0.58326,                0.31167,                0.48493,                0.26951,                0.73049,                0.73049,                      1
                     92,                0.61979,                0.36843,                 1.3266,                0.07974,                0.83517,                 0.8355,                0.86923,                0.72512,                0.65563,                 0.3985,                 1.4664,                0.08716,               0.000991,               0.000991,               0.000991,                0.68714,                0.41814,                0.65417,                 0.4839,                0.73615,                0.39697,                0.67922,                0.37632,                0.71159,                0.40187,                      0,                 0.7014,                0.67955,                0.66588,                 0.7162,                0.50834,                0.68799,                0.42151,                0.18781,                0.44019,                0.55504,                0.41138,                0.65132,                0.68626,                0.45276,                0.65865,                0.49868,                0.73877,                0.40887,                0.68859,                0.41721,                0.70682,                  0.443,                      0,                0.68566,                 0.6753,                0.66306,                0.69362,                0.48458,                0.68764,                0.45483,                0.19272,                0.44392,                0.53607,                0.41138,                0.69307,              0.0076186,                      0,                0.68766,                0.58466,                0.31665,                0.48415,                0.26776,                0.73224,                0.73224,                      1
                     93,                0.61689,                0.36608,                 1.3335,                0.08019,                0.83457,                0.83573,                0.86921,                 0.7251,                0.65565,                0.39858,                 1.4668,                0.08716,               0.000892,               0.000892,               0.000892,                0.68086,                0.41649,                0.66197,                0.48446,                0.74208,                0.39573,                0.64745,                0.35954,                0.70778,                0.39416,                      0,                0.69259,                 0.6803,                0.66707,                0.72403,                0.51114,                 0.6824,                0.42014,                0.18773,                0.44595,                0.55181,                0.41435,                0.65567,                0.68026,                0.44814,                 0.6705,                0.50752,                0.74304,                0.40498,                0.65542,                0.39253,                0.71276,                0.42591,                      0,                0.67733,                0.67894,                0.66802,                0.70107,                0.48513,                0.68276,                0.45095,                0.19539,                0.44921,                0.53235,                0.41435,                0.69701,              0.0077344,                      0,                0.69285,                0.57933,                0.31171,                0.48219,                0.27607,                0.72393,                0.72393,                      1
                     94,                0.61272,                 0.3631,                 1.3289,                0.07935,                0.83467,                0.83621,                  0.869,                0.72489,                0.65568,                0.39864,                 1.4671,                0.08715,               0.000793,               0.000793,               0.000793,                 0.6845,                 0.4184,                0.64328,                0.47751,                0.74505,                 0.4159,                0.66369,                0.37673,                0.70848,                0.41583,                      0,                 0.6966,                0.67686,                0.66307,                0.71054,                0.50829,                0.68489,                0.42414,                0.18749,                0.44357,                0.54992,                0.41164,                 0.6533,                0.68428,                0.45582,                0.64343,                0.50672,                0.75444,                0.42207,                0.66173,                0.41457,                0.70817,                0.44054,                      0,                0.68023,                0.67423,                0.66179,                0.69107,                0.48275,                0.68498,                0.45968,                0.19363,                0.44738,                0.53112,                0.41164,                0.69779,              0.0078014,                      0,                0.68474,                0.57992,                0.31764,                0.47861,                0.27041,                0.72959,                0.72959,                      1
                     95,                0.61018,                0.36041,                 1.3311,                0.07985,                0.83011,                 0.8395,                0.86879,                0.72462,                0.65563,                0.39873,                 1.4675,                0.08715,               0.000694,               0.000694,               0.000694,                0.68494,                0.42206,                0.63258,                0.45918,                0.74088,                0.38422,                0.66378,                0.37484,                0.70094,                0.42733,                      0,                 0.6975,                0.67864,                0.66372,                 0.7198,                0.51029,                0.68445,                0.42316,                 0.1867,                0.43977,                0.54681,                0.41145,                0.64846,                0.68504,                0.45672,                 0.6412,                0.48244,                0.75307,                0.38554,                0.66955,                0.41104,                0.69867,                0.45926,                      0,                0.68199,                0.67587,                0.66265,                0.69885,                0.48546,                0.68551,                0.45651,                0.19294,                 0.4428,                0.52848,                0.41145,                0.69521,              0.0078129,                      0,                0.69034,                 0.5835,                0.31605,                0.48212,                0.26612,                0.73388,                0.73388,                      1
                     96,                0.60859,                0.36034,                 1.3239,                0.08012,                0.82905,                0.84056,                0.86868,                 0.7245,                0.65553,                0.39886,                 1.4677,                0.08715,               0.000595,               0.000595,               0.000595,                0.68491,                0.41464,                0.64129,                0.46456,                0.73574,                0.39995,                0.67155,                0.41519,                0.70688,                0.40182,                      0,                0.69853,                0.67952,                0.66434,                0.72008,                0.51116,                0.68489,                 0.4201,                0.18719,                0.43958,                0.55473,                0.41014,                0.64748,                0.68703,                0.44786,                0.65297,                0.49396,                0.73871,                 0.3999,                0.68574,                0.43271,                0.70549,                0.43232,                      0,                0.68673,                 0.6768,                0.66305,                0.70003,                 0.4873,                0.68773,                0.45204,                0.19327,                0.44323,                 0.5391,                0.41014,                0.69046,              0.0076597,                      0,                0.69129,                0.58458,                0.31508,                0.48153,                0.26732,                0.73268,                0.73268,                      1
                     97,                 0.6106,                0.36049,                 1.3194,                0.07984,                0.82796,                0.84074,                0.86849,                0.72449,                0.65554,                0.39886,                  1.468,                0.08714,               0.000496,               0.000496,               0.000496,                0.68343,                0.41536,                0.64517,                0.45727,                0.75201,                0.37144,                0.67081,                0.39567,                0.69981,                0.41268,                      0,                0.69674,                0.67972,                0.66618,                0.71701,                0.51144,                 0.6843,                0.41791,                0.18681,                0.44313,                0.55145,                0.41356,                0.65105,                0.68544,                0.44933,                 0.6467,                0.48755,                0.75757,                0.39108,                0.67097,                0.44158,                0.70393,                0.45211,                      0,                0.68318,                0.67692,                0.66467,                0.69247,                0.48617,                0.68645,                0.45151,                0.19273,                0.44567,                0.53634,                0.41356,                 0.6952,              0.0077263,                      0,                0.68913,                0.58191,                 0.3133,                0.48369,                0.27234,                0.72766,                0.72766,                      1
                     98,                0.60827,                0.35859,                 1.3267,                0.07993,                0.81896,                0.85188,                 0.8682,                0.72441,                 0.6555,                0.39882,                 1.4684,                0.08714,               0.000397,               0.000397,               0.000397,                0.68847,                0.41872,                0.63204,                0.48122,                0.74365,                0.40202,                0.66032,                 0.3869,                0.70271,                0.39376,                      0,                0.69801,                0.67939,                0.66613,                0.72186,                0.50865,                 0.6873,                0.42114,                0.18795,                0.44331,                0.54771,                0.41277,                0.65857,                0.69074,                0.44748,                0.64306,                0.50837,                0.74918,                0.40309,                0.66764,                0.42944,                0.69679,                 0.4287,                      0,                0.68678,                 0.6768,                0.66451,                0.69828,                0.48604,                0.69001,                0.44995,                0.19342,                0.44459,                0.53209,                0.41277,                0.69868,              0.0074408,                      0,                0.69076,                0.58392,                0.31632,                0.48444,                0.27141,                0.72859,                0.72859,                      1
                     99,                0.60936,                0.35954,                 1.3249,                0.08012,                 0.8195,                0.85274,                0.86798,                0.72421,                0.65551,                  0.399,                 1.4687,                0.08713,               0.000298,               0.000298,               0.000298,                0.68517,                0.41662,                0.65015,                0.47146,                0.75104,                0.38712,                0.67171,                0.38485,                0.70362,                0.39506,                      0,                0.70104,                0.67949,                0.66537,                0.72091,                0.50889,                0.68629,                0.42086,                0.18661,                0.43894,                0.55977,                0.40986,                0.64567,                0.68692,                0.45371,                0.65202,                0.49857,                0.75267,                  0.389,                0.68106,                0.42341,                0.71307,                0.43271,                      0,                  0.689,                0.67589,                0.66284,                0.69887,                0.48438,                0.68853,                0.45589,                0.19178,                0.44131,                0.54588,                0.40986,                0.68722,              0.0074638,                      0,                0.69021,                0.58592,                0.31741,                0.48333,                0.26625,                0.73375,                0.73375,                      1
                    100,                0.60692,                0.35635,                 1.3207,                0.07967,                0.81957,                0.85095,                0.86777,                0.72407,                0.65555,                 0.3991,                 1.4691,                0.08713,               0.000199,               0.000199,               0.000199,                0.68499,                0.41628,                0.63086,                0.46652,                0.74647,                0.40238,                0.65498,                0.37389,                0.71711,                0.41799,                      0,                0.69427,                0.67924,                0.66715,                0.71572,                 0.5063,                0.68495,                 0.4208,                0.18795,                0.44473,                0.55396,                0.41353,                 0.6601,                0.68759,                0.45408,                0.64265,                0.48726,                0.74657,                0.40463,                0.66793,                0.40553,                0.71506,                0.45244,                      0,                0.68221,                0.67507,                0.66358,                0.69722,                0.48112,                0.68802,                0.45689,                0.19319,                0.44741,                0.53818,                0.41353,                 0.7035,               0.007675,                      0,                0.68697,                0.58326,                0.31341,                0.48516,                0.27275,                0.72725,                0.72725,                      1
