                  epoch,         train/box_loss,         train/cls_loss,         train/dfl_loss,train/object_reliability_loss,   metrics/precision(B),      metrics/recall(B),       metrics/mAP50(B),    metrics/mAP50-95(B),           val/box_loss,           val/cls_loss,           val/dfl_loss,val/object_reliability_loss,                 lr/pg0,                 lr/pg1,                 lr/pg2,p2/P3_gate_direction_loss,    p2/P3_ir_win_recall,p2/P3_object_balanced_loss,p2/P3_object_calibrated_loss,p2/P3_object_hard_winner_loss,p2/P3_object_prompt_accuracy,p2/P3_object_prompt_correlation,p2/P3_object_prompt_mae,p2/P3_object_prompt_rgb, p2/P3_object_rank_loss,p2/P3_object_target_rgb,   p2/P3_rgb_win_recall,p2/P4_gate_direction_loss,    p2/P4_ir_win_recall,p2/P4_object_balanced_loss,p2/P4_object_calibrated_loss,p2/P4_object_hard_winner_loss,p2/P4_object_prompt_accuracy,p2/P4_object_prompt_correlation,p2/P4_object_prompt_mae,p2/P4_object_prompt_rgb, p2/P4_object_rank_loss,p2/P4_object_target_rgb,   p2/P4_rgb_win_recall,p2/object_cross_scale_consistency,p2/object_gate_raw_loss,p2/object_prompt_raw_loss,  p2/teacher_ir_quality,p2/teacher_relative_margin, p2/teacher_rgb_quality,p2/teacher_rgb_win_rate, p2/teacher_ir_win_rate,p2/teacher_majority_baseline,p2/object_reliability_warmup_factor
                      1,                 1.3275,                 1.5277,                 1.5488,                 0.0201,                0.36594,                0.60062,                0.42916,                0.31715,                 0.8859,                0.78809,                 1.5015,                 0.0201,               0.070106,              0.0033215,              0.0033215,                      0,                0.95893,                0.69318,                0.69311,                0.69315,                0.70654,                0.03372,                 0.1581,                0.49987,                0.69314,                0.41359,               0.039593,                      0,                0.96348,                0.69315,                0.69251,                0.69312,                0.70864,               0.031798,                0.15763,                0.49873,                0.69311,                0.41359,               0.035216,             1.3644e-06,                      0,                0.86637,                0.57858,                0.31632,                0.47969,                0.27453,                0.72547,                0.72547,                    0.2
                      2,                 1.0728,                0.89257,                 1.4153,                0.04017,                  0.569,                0.68538,                 0.6291,                0.46667,                0.84452,                0.65853,                 1.4655,                0.04015,                0.04004,               0.006589,               0.006589,                      0,                0.99999,                0.69311,                  0.692,                0.69311,                 0.7284,               0.048676,                0.15749,                0.49775,                0.69307,                0.41238,             0.00014565,                      0,                      1,                0.69321,                0.68586,                0.69312,                0.72836,               0.073939,                0.15308,                0.48504,                 0.6924,                0.41238,                      0,             9.6669e-05,                      0,                 0.8656,                0.57974,                0.31685,                0.47904,                0.27164,                0.72836,                0.72836,                    0.4
                      3,                0.89715,                0.70002,                 1.4051,                0.06012,                0.65332,                0.63397,                0.65414,                0.49805,                0.79405,                0.60473,                 1.5264,                0.06014,              0.0099086,              0.0097904,              0.0097904,                      0,                0.99999,                0.69366,                0.68418,                0.69356,                0.73011,               0.061866,                0.15087,                0.48075,                0.69248,                0.41206,             4.4649e-05,                      0,                 0.9892,                0.69337,                0.67848,                 0.6923,                0.72777,                0.13105,                0.14742,                0.47006,                0.68948,                0.41206,               0.020583,              0.0001206,                      0,                0.86371,                0.58341,                0.31463,                0.48316,                 0.2699,                 0.7301,                 0.7301,                    0.6
                      4,                0.81713,                0.61052,                 1.4272,                0.07984,                0.67396,                 0.7345,                0.71962,                0.55685,                0.76677,                0.55823,                 1.5064,                0.07976,               0.009703,               0.009703,               0.009703,                      0,                0.99999,                0.69484,                0.67839,                0.69438,                0.73616,               0.063131,                0.14858,                0.46747,                0.69191,                0.41068,             0.00013976,                      0,                0.89619,                0.69112,                 0.6751,                0.68477,                0.70636,                0.15557,                0.14901,                0.46949,                0.67956,                0.41068,                0.17678,             0.00047903,                      0,                 0.8605,                0.58712,                0.31808,                0.48547,                0.26387,                0.73613,                0.73613,                    0.8
                      5,                0.80181,                0.58532,                 1.4173,                0.09857,                0.73735,                0.69326,                0.74535,                0.57721,                0.77388,                0.55146,                 1.5603,                0.09928,               0.009604,               0.009604,               0.009604,                      0,                0.99999,                0.69481,                0.67928,                0.69432,                 0.7254,               0.066773,                0.14889,                0.46797,                  0.692,                0.41417,             0.00011667,                      0,                0.67134,                0.68797,                0.67437,                0.65288,                0.62714,                0.23657,                0.16291,                0.47266,                0.65267,                0.41417,                0.51041,              0.0054423,                      0,                0.84991,                0.57984,                0.31694,                0.48256,                0.27463,                0.72537,                0.72537,                      1
                      6,                0.78177,                 0.5615,                 1.4051,                0.09727,                0.74244,                0.72313,                0.76188,                0.59822,                0.75574,                0.52832,                 1.4794,                0.09854,               0.009505,               0.009505,               0.009505,                      0,                0.99999,                0.69485,                0.67775,                0.69426,                0.73651,               0.078028,                0.14725,                0.46613,                 0.6915,                0.41059,             0.00015257,                      0,                0.63198,                0.68538,                0.67121,                0.62029,                 0.6258,                0.30427,                0.17252,                0.47017,                0.62965,                0.41059,                0.60855,               0.011469,                      0,                 0.8385,                0.58711,                0.31611,                0.48511,                0.26353,                0.73647,                0.73647,                      1
                      7,                0.77406,                0.55426,                 1.4011,                 0.0969,                0.74578,                0.74842,                0.77402,                0.61385,                0.72641,                0.50757,                 1.4834,                0.09843,               0.009406,               0.009406,               0.009406,                      0,                0.99999,                0.69461,                0.67763,                 0.6941,                0.72964,                0.08533,                 0.1453,                0.46528,                0.69133,                0.41298,             0.00011886,                      0,                0.61961,                0.68477,                 0.6719,                 0.6096,                0.62585,                0.32077,                0.17632,                0.47227,                0.62934,                0.41298,                0.64269,               0.013846,                      0,                0.83486,                 0.5836,                0.31135,                0.48415,                0.27038,                0.72962,                0.72962,                      1
                      8,                0.76868,                0.54426,                 1.3993,                0.09665,                0.74242,                0.75183,                0.77955,                0.61902,                0.73074,                0.50561,                 1.4541,                 0.0978,               0.009307,               0.009307,               0.009307,                      0,                0.99998,                0.69456,                 0.6757,                0.69399,                0.73494,                0.10079,                 0.1472,                0.46255,                0.69064,                0.40945,             0.00016389,                      0,                 0.6231,                0.68414,                0.66996,                 0.6042,                0.63011,                0.33063,                0.17936,                  0.469,                0.62837,                0.40945,                0.64956,               0.015158,                      0,                 0.8325,                0.58339,                 0.3171,                0.47906,                0.26509,                0.73491,                0.73491,                      1
                      9,                0.76537,                0.54458,                 1.3921,                0.09648,                 0.7548,                0.77162,                0.79574,                0.63678,                0.71842,                0.48518,                 1.4651,                0.09771,               0.009208,               0.009208,               0.009208,                      0,                0.99967,                0.69484,                0.67612,                 0.6935,                0.73596,                 0.1051,                0.14718,                 0.4625,                0.69032,                0.41104,              0.0019952,                      0,                0.62691,                0.68391,                0.67145,                0.60119,                 0.6346,                0.33312,                0.17981,                0.46965,                0.62146,                0.41104,                0.65603,                0.01551,                      0,                0.83137,                0.58587,                0.31775,                 0.4845,                0.26432,                0.73568,                0.73568,                      1
                     10,                0.76345,                 0.5391,                 1.3972,                0.09597,                0.75127,                0.74806,                0.77469,                0.61582,                0.72389,                0.49453,                  1.442,                 0.0984,               0.009109,               0.009109,               0.009109,                      0,                0.99722,                0.69433,                0.67539,                0.69287,                0.73328,                0.11929,                0.14737,                0.46186,                0.68924,                0.41079,               0.010685,                      0,                 0.6194,                0.67945,                0.66725,                0.59077,                0.63395,                0.35404,                0.18009,                0.47067,                0.61122,                0.41079,                0.67378,               0.016479,                      0,                0.82701,                0.58406,                0.31827,                0.48249,                0.26755,                0.73245,                0.73245,                      1
                     11,                0.75244,                0.52594,                  1.398,                0.09579,                0.76342,                0.74807,                0.78514,                0.62803,                0.71758,                0.48791,                 1.4855,                0.09791,                0.00901,                0.00901,                0.00901,                      0,                0.99282,                0.69376,                0.67426,                0.69151,                0.73366,                0.14392,                0.14611,                0.46051,                0.68694,                0.41128,               0.026329,                      0,                0.63129,                0.68135,                 0.6687,                0.58965,                0.63868,                0.35246,                 0.1804,                0.46921,                0.60974,                0.41128,                0.65884,               0.016664,                      0,                0.82566,                0.58568,                0.31684,                  0.484,                0.26814,                0.73186,                0.73186,                      1
                     12,                0.75082,                0.52224,                 1.3906,                0.09328,                0.74034,                0.76118,                 0.7817,                0.62479,                0.71341,                0.48316,                 1.4765,                0.09413,               0.008911,               0.008911,               0.008911,                      0,                0.79468,                0.68637,                0.67134,                0.65971,                0.67341,                0.23455,                0.15372,                0.46743,                 0.6624,                0.41254,                0.34545,                      0,                0.63076,                0.68277,                0.67126,                0.58772,                0.64102,                0.34613,                0.18186,                0.47137,                0.61438,                0.41254,                0.66877,               0.014292,                      0,                0.80354,                0.58096,                0.31278,                0.48099,                0.26996,                0.73004,                0.73004,                      1
                     13,                0.74633,                0.51774,                 1.3923,                0.08989,                0.73812,                0.73063,                0.76599,                0.60719,                0.72325,                0.50486,                 1.5196,                0.09419,               0.008812,               0.008812,               0.008812,                      0,                0.61913,                0.68284,                0.66719,                0.61393,                0.62322,                0.32768,                0.17299,                0.46593,                0.63508,                0.40976,                0.63468,                      0,                0.63063,                0.68214,                0.66762,                 0.5907,                0.63974,                0.35481,                0.18117,                0.46784,                0.61853,                0.40976,                0.66526,               0.010498,                      0,                0.77302,                 0.5842,                0.31812,                0.48102,                0.26312,                0.73688,                0.73688,                      1
                     14,                0.74343,                0.51827,                 1.3831,                0.08798,                0.73831,                0.76494,                0.79002,                0.63927,                0.70056,                0.47343,                 1.4734,                0.09216,               0.008713,               0.008713,               0.008713,                      0,                0.62947,                0.67805,                0.66524,                 0.5929,                0.63531,                0.35352,                0.17225,                0.46674,                0.62541,                0.41092,                0.65155,                      0,                0.63423,                0.68203,                0.66947,                 0.5819,                0.64587,                0.35908,                0.18056,                0.46874,                0.60821,                0.41092,                0.67825,              0.0097591,                      0,                0.75589,                0.58655,                0.31289,                0.48549,                0.26434,                0.73566,                0.73566,                      1
                     15,                 0.7398,                0.51222,                 1.3875,                0.08779,                0.78456,                 0.7711,                0.81676,                0.66398,                0.69305,                0.45983,                 1.4438,                0.09276,               0.008614,               0.008614,               0.008614,                      0,                0.63802,                0.67814,                0.66652,                0.58995,                0.63901,                0.35211,                0.17463,                0.46373,                0.62649,                 0.4106,                0.64177,                      0,                0.63475,                0.68207,                 0.6696,                0.58163,                0.64432,                0.35801,                0.18231,                0.46648,                0.60494,                 0.4106,                0.67101,               0.010347,                      0,                0.75406,                 0.5856,                0.31765,                0.48426,                0.26381,                0.73619,                0.73619,                      1
                     16,                0.73936,                0.51001,                 1.3851,                0.08791,                0.76321,                0.77868,                0.81445,                0.65997,                0.69687,                0.46355,                 1.4804,                0.09176,               0.008515,               0.008515,               0.008515,                      0,                0.63571,                0.67869,                0.66717,                0.59175,                0.63579,                0.34867,                 0.1753,                0.46538,                0.61907,                0.41236,                0.63599,                      0,                 0.6283,                0.68169,                0.66894,                0.58509,                0.63817,                0.36106,                0.18212,                0.47054,                0.60093,                0.41236,                0.66511,                0.01009,                      0,                0.75647,                0.58123,                0.31533,                0.48155,                0.26825,                0.73175,                0.73175,                      1
                     17,                0.73681,                0.50519,                 1.3853,                0.08694,                0.77743,                 0.7749,                0.81798,                0.65643,                  0.705,                0.47041,                 1.5003,                0.09237,               0.008416,               0.008416,               0.008416,                      0,                0.64482,                0.67595,                0.66502,                0.57981,                 0.6435,                0.36057,                 0.1754,                0.46397,                 0.6262,                0.41182,                0.63995,                      0,                0.62309,                 0.6782,                0.66546,                0.57789,                0.63858,                0.37382,                0.18121,                0.47083,                0.60621,                0.41182,                0.68016,               0.010486,                      0,                0.74546,                0.58096,                0.31421,                0.47986,                0.27155,                0.72845,                0.72845,                      1
                     18,                 0.7309,                0.49881,                 1.3733,                0.08676,                0.78611,                0.78903,                0.82795,                0.66917,                0.69289,                0.45284,                 1.4593,                0.09145,               0.008317,               0.008317,               0.008317,                      0,                 0.6468,                 0.6757,                0.66097,                0.58146,                0.64666,                0.37111,                0.17466,                0.46119,                0.61774,                0.40969,                0.64628,                      0,                0.63369,                0.67779,                0.66331,                0.57545,                0.64584,                0.37781,                0.18155,                 0.4689,                0.60484,                0.40969,                0.67954,               0.010153,                      0,                 0.7449,                 0.5827,                0.32068,                0.47864,                0.26495,                0.73505,                0.73505,                      1
                     19,                0.72938,                0.49695,                   1.38,                0.08668,                0.79466,                0.78713,                0.82528,                0.67096,                0.68937,                0.44458,                 1.4715,                0.09114,               0.008218,               0.008218,               0.008218,                      0,                0.64923,                0.67879,                0.66533,                0.57704,                 0.6482,                0.36716,                0.17751,                0.46131,                0.62492,                0.41019,                 0.6454,                      0,                0.63466,                0.67998,                0.66445,                0.57652,                0.64621,                0.37876,                0.18181,                0.46786,                0.60564,                0.41019,                0.67786,                0.01104,                      0,                0.74313,                0.58532,                0.31768,                0.48241,                0.26725,                0.73275,                0.73275,                      1
                     20,                0.72724,                0.49662,                  1.375,                0.08683,                0.79138,                0.77545,                0.81983,                0.66682,                0.68631,                0.45067,                 1.4564,                0.09099,               0.008119,               0.008119,               0.008119,                      0,                0.63977,                0.67682,                0.66642,                 0.5801,                0.64048,                0.36005,                0.17573,                0.46544,                 0.6253,                0.41197,                0.64241,                      0,                0.62371,                0.67869,                0.66724,                0.57426,                0.63863,                0.37512,                0.18273,                 0.4727,                0.60196,                0.41197,                0.67913,               0.010366,                      0,                0.74483,                0.58195,                0.31557,                0.48117,                0.26921,                0.73079,                0.73079,                      1
                     21,                0.72899,                0.49378,                 1.3743,                0.08653,                0.79304,                0.79156,                0.83652,                0.67821,                0.68973,                 0.4484,                 1.4707,                0.09113,                0.00802,                0.00802,                0.00802,                      0,                0.65078,                0.67893,                0.66668,                 0.5781,                0.64733,                0.36445,                0.17781,                0.46249,                0.61732,                0.41286,                0.63816,                      0,                0.63597,                   0.68,                0.66662,                0.57378,                0.64636,                0.37694,                0.18325,                0.46978,                0.59432,                0.41286,                0.67393,               0.010643,                      0,                0.74332,                0.57717,                0.31643,                0.47805,                 0.2735,                 0.7265,                 0.7265,                      1
                     22,                0.72295,                  0.491,                 1.3794,                0.08623,                0.78701,                0.79422,                0.83073,                0.67764,                0.68063,                0.43951,                 1.4656,                0.09159,               0.007921,               0.007921,               0.007921,                      0,                 0.6504,                0.67667,                0.66458,                  0.575,                0.64955,                 0.3714,                0.17419,                0.46181,                0.61367,                0.41166,                0.64718,                      0,                0.63245,                0.67893,                0.66482,                 0.5736,                0.64513,                0.38144,                0.17981,                0.46868,                0.59628,                0.41166,                0.68012,               0.010329,                      0,                 0.7407,                0.58783,                0.31497,                0.48757,                0.26605,                0.73395,                0.73395,                      1
                     23,                 0.7222,                0.48823,                 1.3825,                0.08681,                0.81465,                0.80395,                0.84987,                0.69127,                0.68613,                0.44173,                  1.475,                0.09078,               0.007822,               0.007822,               0.007822,                      0,                0.65336,                0.68057,                0.66773,                0.57831,                0.64966,                0.36477,                0.17701,                0.46112,                0.62837,                0.41033,                0.63952,                      0,                0.63734,                 0.6806,                0.66698,                0.57446,                0.64621,                0.37358,                0.18214,                0.46719,                0.60685,                0.41033,                0.67056,               0.010657,                      0,                 0.7439,                0.58385,                0.31669,                 0.4814,                0.26724,                0.73276,                0.73276,                      1
                     24,                 0.7203,                0.48733,                 1.3775,                0.08612,                0.82323,                0.77998,                0.84752,                0.69536,                0.67779,                0.43105,                 1.4609,                0.09063,               0.007723,               0.007723,               0.007723,                      0,                0.64345,                0.67735,                0.66741,                0.57322,                0.64557,                0.36974,                0.17651,                0.46465,                0.61956,                0.41155,                0.65145,                      0,                0.63262,                0.68065,                0.66895,                0.56809,                0.64544,                0.37962,                0.18399,                0.47095,                0.60163,                0.41155,                0.68098,               0.011268,                      0,                0.73849,                0.58422,                 0.3137,                0.48391,                0.26505,                0.73495,                0.73495,                      1
                     25,                0.71607,                0.48223,                 1.3803,                0.08626,                0.81627,                0.81752,                 0.8524,                0.69832,                0.67801,                0.42812,                 1.4504,                0.09053,               0.007624,               0.007624,               0.007624,                      0,                0.64288,                0.67729,                0.66609,                 0.5759,                0.64645,                 0.3712,                0.17589,                0.46564,                0.61833,                0.41361,                0.65605,                      0,                0.62589,                0.67828,                0.66602,                0.56985,                0.64425,                0.38486,                0.18204,                0.47346,                0.59683,                0.41361,                0.69358,               0.010158,                      0,                 0.7404,                0.58057,                0.31345,                 0.4822,                 0.2713,                 0.7287,                 0.7287,                      1
                     26,                0.71334,                0.48075,                 1.3734,                0.08664,                0.81599,                0.77811,                0.84348,                0.69142,                0.67541,                0.43118,                 1.4589,                 0.0906,               0.007525,               0.007525,               0.007525,                      0,                0.65346,                0.68034,                0.66711,                0.57862,                0.64849,                0.36364,                0.17687,                0.45922,                 0.6227,                0.41039,                0.63457,                      0,                0.63078,                0.68056,                0.66604,                0.57212,                0.64216,                0.38297,                0.18287,                 0.4674,                0.60309,                0.41039,                  0.674,               0.010787,                      0,                0.74314,                0.58507,                0.31619,                0.48268,                0.26328,                0.73672,                0.73672,                      1
                     27,                0.70956,                0.47654,                 1.3832,                0.08551,                 0.8093,                0.81514,                 0.8606,                0.70525,                0.67397,                0.42222,                 1.4568,                 0.0907,               0.007426,               0.007426,               0.007426,                      0,                0.65322,                0.67735,                0.66568,                0.56899,                0.65247,                0.37559,                 0.1751,                0.46069,                 0.6181,                0.41328,                0.65045,                      0,                0.63405,                 0.6774,                0.66523,                 0.5615,                 0.6499,                0.39207,                0.18129,                0.46881,                 0.5977,                0.41328,                 0.6923,               0.010529,                      0,                0.73288,                0.58501,                 0.3114,                 0.4865,                0.27219,                0.72781,                0.72781,                      1
                     28,                0.71083,                0.47621,                 1.3768,                0.08595,                0.80586,                0.78556,                0.83489,                0.68591,                0.67421,                0.42925,                 1.4653,                 0.0906,               0.007327,               0.007327,               0.007327,                      0,                0.64766,                0.68066,                0.66928,                0.57267,                0.64848,                0.37061,                0.17819,                0.46291,                0.61228,                0.41045,                0.65074,                      0,                0.63218,                0.68052,                0.66742,                0.56782,                0.64741,                0.38724,                0.18285,                0.46907,                0.59411,                0.41045,                0.68925,               0.010317,                      0,                0.73822,                0.58558,                 0.3148,                0.48364,                0.26691,                0.73309,                0.73309,                      1
                     29,                0.70724,                0.47557,                 1.3821,                0.08548,                0.82122,                0.82054,                0.86372,                0.70854,                0.67154,                 0.4201,                 1.4464,                0.09058,               0.007228,               0.007228,               0.007228,                      0,                0.65814,                0.67744,                0.66571,                0.56838,                0.65523,                0.37644,                0.17715,                0.46219,                0.61505,                0.41262,                0.64742,                      0,                0.63658,                0.67769,                0.66529,                0.56336,                0.65004,                0.38994,                0.18293,                0.47082,                  0.595,                0.41262,                0.68614,               0.010738,                      0,                 0.7331,                0.58216,                0.31659,                0.48273,                0.27145,                0.72855,                0.72855,                      1
                     30,                0.70896,                 0.4742,                 1.3714,                0.08617,                0.81837,                0.81892,                0.86066,                0.70667,                0.66887,                0.42153,                 1.4358,                0.09029,               0.007129,               0.007129,               0.007129,                      0,                0.65048,                0.67911,                0.66779,                0.57244,                 0.6489,                0.36661,                0.17806,                 0.4612,                0.62785,                0.40999,                0.64448,                      0,                0.63218,                0.68012,                0.66733,                0.56793,                0.64538,                 0.3836,                0.18269,                0.46854,                0.60267,                0.40999,                 0.6822,               0.010333,                      0,                0.73785,                0.58696,                0.31641,                0.48447,                0.26393,                0.73607,                0.73607,                      1
                     31,                0.70625,                0.46804,                 1.3798,                0.08611,                0.81045,                0.83389,                0.86152,                0.70888,                0.66629,                0.41795,                 1.4543,                0.09034,                0.00703,                0.00703,                0.00703,                      0,                0.65311,                0.67969,                0.66841,                0.57132,                 0.6496,                0.36841,                0.17655,                0.46094,                0.62674,                0.41219,                0.64002,                      0,                0.63116,                0.67961,                  0.668,                0.56639,                0.64608,                0.38345,                0.18102,                0.46987,                0.61243,                0.41219,                0.68669,               0.010291,                      0,                0.73675,                0.58494,                0.31166,                0.48516,                0.26876,                0.73124,                0.73124,                      1
                     32,                0.70566,                0.46942,                 1.3801,                0.08639,                0.81558,                0.81544,                0.85543,                0.70313,                0.66813,                0.41811,                 1.4487,                 0.0903,               0.006931,               0.006931,               0.006931,                      0,                0.65656,                0.68137,                0.66808,                 0.5747,                0.65086,                0.36722,                0.17685,                0.45903,                0.62075,                0.41152,                0.63539,                      0,                0.63224,                0.68142,                0.66721,                0.57218,                0.64379,                0.38213,                0.18096,                0.46765,                0.60557,                0.41152,                 0.6752,               0.010036,                      0,                0.74081,                0.58439,                0.31392,                 0.4837,                0.26886,                0.73114,                0.73114,                      1
                     33,                0.69982,                0.46487,                 1.3784,                0.08565,                0.82173,                0.80479,                0.86094,                0.70782,                 0.6672,                0.41873,                 1.4516,                0.09009,               0.006832,               0.006832,               0.006832,                      0,                0.65592,                0.67805,                0.66563,                0.56978,                0.64918,                0.37357,                0.17764,                0.45896,                0.61388,                0.41208,                 0.6311,                      0,                0.63514,                0.67794,                0.66529,                  0.566,                0.64748,                 0.3866,                0.18153,                0.46869,                 0.5959,                0.41208,                0.68061,               0.010095,                      0,                 0.7349,                0.58181,                0.31676,                0.48126,                0.27149,                0.72851,                0.72851,                      1
                     34,                0.69815,                0.46143,                 1.3783,                0.08619,                0.81526,                0.81135,                0.85543,                0.70369,                0.66748,                0.41613,                 1.4547,                0.09026,               0.006733,               0.006733,               0.006733,                      0,                0.65934,                0.68294,                0.67174,                0.57441,                0.65309,                0.35897,                0.17882,                0.45896,                0.61623,                0.41202,                0.63596,                      0,                0.64142,                0.68242,                0.66873,                0.56785,                0.65031,                  0.383,                0.18244,                 0.4673,                0.59683,                0.41202,                0.67467,                0.01094,                      0,                0.73991,                0.58284,                0.31387,                0.48265,                0.26744,                0.73256,                0.73256,                      1
                     35,                0.69817,                 0.4597,                 1.3705,                0.08488,                 0.8171,                0.82699,                0.86221,                0.71049,                0.66557,                0.41337,                 1.4531,                0.09016,               0.006634,               0.006634,               0.006634,                      0,                0.65168,                0.67597,                0.66587,                0.56323,                0.65109,                0.38046,                0.17808,                0.46156,                0.60812,                 0.4133,                0.64953,                      0,                0.63914,                0.67769,                0.66678,                0.55928,                 0.6515,                0.39062,                0.18378,                0.46996,                 0.5883,                 0.4133,                0.68472,               0.010559,                      0,                0.72846,                0.58151,                0.31597,                 0.4826,                0.27132,                0.72868,                0.72868,                      1
                     36,                0.69923,                0.45491,                 1.3755,                 0.0846,                0.83082,                0.82228,                 0.8634,                0.71194,                0.66434,                0.41008,                 1.4556,                0.09024,               0.006535,               0.006535,               0.006535,                      0,                0.65063,                0.67616,                 0.6665,                 0.5618,                0.65008,                0.37996,                0.17804,                0.46314,                  0.603,                0.41522,                0.64865,                      0,                0.63203,                0.67633,                0.66543,                 0.5566,                0.64783,                0.39831,                0.18294,                0.47237,                0.58475,                0.41522,                0.68918,               0.010732,                      0,                 0.7266,                0.57927,                0.31241,                0.48306,                 0.2765,                 0.7235,                 0.7235,                      1
                     37,                  0.693,                0.45671,                 1.3741,                0.08535,                 0.8269,                0.83041,                0.86776,                0.71465,                0.66509,                0.40953,                 1.4536,                0.09011,               0.006436,               0.006436,               0.006436,                      0,                0.66332,                0.68022,                0.66654,                0.56898,                0.65682,                0.37454,                0.17857,                0.45628,                 0.6109,                0.41099,                0.63911,                      0,                0.64348,                0.67779,                0.66318,                0.56146,                0.65478,                 0.3968,                0.18201,                0.46668,                0.58773,                0.41099,                0.68555,               0.010816,                      0,                0.73283,                0.58454,                0.31817,                0.48243,                0.26862,                0.73138,                0.73138,                      1
                     38,                0.68983,                0.45381,                 1.3777,                0.08613,                0.83393,                0.82455,                0.86758,                0.71588,                0.66396,                0.40909,                 1.4552,                0.09005,               0.006337,               0.006337,               0.006337,                      0,                0.65184,                0.67981,                0.67004,                0.57302,                0.64787,                 0.3619,                0.17689,                 0.4624,                0.61572,                0.41328,                0.63722,                      0,                0.62801,                0.68012,                0.66925,                  0.569,                0.64263,                0.38064,                0.18102,                0.47136,                 0.6007,                0.41328,                0.68182,               0.010322,                      0,                0.73913,                0.58175,                0.31341,                0.48327,                 0.2717,                 0.7283,                 0.7283,                      1
                     39,                 0.6915,                 0.4537,                 1.3797,                0.08595,                0.83601,                0.82809,                 0.8702,                0.71743,                0.66303,                0.40693,                 1.4543,                 0.0901,               0.006238,               0.006238,               0.006238,                      0,                0.65673,                0.68345,                0.67211,                0.57142,                0.65225,                0.36146,                0.17954,                0.46236,                0.61691,                0.41216,                0.64022,                      0,                0.63079,                0.68216,                0.66893,                0.56614,                0.64722,                0.38673,                0.18379,                0.47035,                0.59808,                0.41216,                0.69132,               0.010731,                      0,                0.73742,                0.58372,                0.31466,                0.48334,                0.27146,                0.72854,                0.72854,                      1
                     40,                0.69127,                0.45385,                  1.375,                 0.0856,                0.83157,                0.82525,                0.86761,                0.71618,                0.66336,                0.40616,                 1.4569,                0.09009,               0.006139,               0.006139,               0.006139,                      0,                0.65292,                0.67863,                0.66674,                0.57088,                0.65045,                0.37341,                0.17772,                0.46068,                0.61297,                0.40986,                0.64361,                      0,                0.62543,                0.67736,                0.66532,                0.56222,                0.64313,                0.39826,                0.18289,                0.47087,                0.59627,                0.40986,                0.69238,               0.010762,                      0,                0.73456,                0.58742,                0.31765,                0.48473,                0.26443,                0.73557,                0.73557,                      1
                     41,                0.68686,                0.44612,                 1.3694,                0.08542,                0.83142,                0.82456,                0.86359,                0.71291,                 0.6629,                0.40772,                 1.4543,                0.09009,                0.00604,                0.00604,                0.00604,                      0,                0.65638,                 0.6792,                0.66745,                0.56825,                0.65223,                 0.3702,                0.17853,                0.46016,                0.61501,                0.41184,                 0.6408,                      0,                 0.6373,                0.67814,                0.66583,                0.56109,                0.64791,                0.38976,                0.18293,                0.46665,                0.59376,                0.41184,                 0.6772,               0.011199,                      0,                0.73259,                0.58246,                0.31521,                0.48126,                0.26603,                0.73397,                0.73397,                      1
                     42,                0.68797,                0.44766,                 1.3697,                0.08539,                0.82592,                0.82765,                0.86149,                0.71101,                0.66098,                 0.4076,                 1.4534,                   0.09,               0.005941,               0.005941,               0.005941,                      0,                0.65819,                  0.678,                0.66682,                0.56914,                 0.6527,                0.37269,                0.17706,                0.46029,                0.61054,                0.41187,                0.63778,                      0,                0.63454,                0.67678,                0.66502,                0.56036,                0.64943,                0.39471,                0.18112,                0.46759,                0.59621,                0.41187,                0.68991,               0.010111,                      0,                0.73277,                0.58544,                 0.3152,                0.48478,                0.26885,                0.73115,                0.73115,                      1
                     43,                0.68203,                0.44415,                 1.3762,                0.08517,                0.82348,                 0.8211,                0.85803,                 0.7081,                0.66019,                0.40822,                 1.4552,                0.08997,               0.005842,               0.005842,               0.005842,                      0,                0.65998,                0.67952,                 0.6678,                0.56737,                0.65302,                0.37235,                0.17746,                0.45921,                0.61175,                0.41344,                0.63464,                      0,                0.63081,                0.67779,                0.66577,                0.55814,                0.64776,                0.39959,                 0.1822,                0.47028,                0.58559,                0.41344,                0.69251,               0.010741,                      0,                0.73107,                0.58142,                 0.3139,                0.48265,                0.27471,                0.72529,                0.72529,                      1
                     44,                0.68454,                0.44311,                  1.368,                0.08608,                0.83931,                0.81534,                0.85934,                0.71046,                0.65995,                0.40795,                 1.4503,                0.08988,               0.005743,               0.005743,               0.005743,                      0,                0.65855,                0.68039,                0.66715,                0.57319,                0.65182,                0.37038,                0.17724,                0.45892,                0.62578,                0.41158,                0.63341,                      0,                0.64142,                0.67979,                 0.6656,                0.56649,                0.65154,                0.38905,                0.18181,                0.46614,                0.59633,                0.41158,                 0.6792,               0.010551,                      0,                0.73761,                0.58405,                0.31746,                0.48302,                0.26785,                0.73215,                0.73215,                      1
                     45,                0.68377,                0.44091,                 1.3752,                0.08523,                0.83112,                0.82416,                0.86126,                0.71283,                0.65979,                0.40539,                 1.4559,                0.08984,               0.005644,               0.005644,               0.005644,                      0,                 0.6579,                 0.6784,                0.66601,                0.56654,                0.65252,                0.37579,                 0.1766,                0.45899,                0.60958,                0.41241,                0.63792,                      0,                0.64107,                0.67916,                0.66587,                0.56127,                0.65138,                0.39205,                0.18141,                0.46649,                 0.5957,                0.41241,                0.67933,               0.010376,                      0,                0.73128,                0.57972,                0.31417,                0.48003,                 0.2696,                 0.7304,                 0.7304,                      1
                     46,                0.68269,                0.44288,                  1.373,                0.08455,                 0.8291,                0.82687,                0.86285,                0.71391,                0.65976,                0.40444,                 1.4571,                0.08987,               0.005545,               0.005545,               0.005545,                      0,                0.65567,                0.67632,                0.66557,                0.56019,                0.65461,                0.38494,                0.17792,                0.46046,                0.60737,                0.40972,                0.65169,                      0,                0.64062,                0.67744,                0.66521,                 0.5563,                0.65343,                0.39885,                0.18251,                0.46635,                0.58918,                0.40972,                0.68901,               0.010965,                      0,                0.72525,                0.58536,                0.31761,                0.48212,                 0.2646,                 0.7354,                 0.7354,                      1
                     47,                0.68484,                0.44055,                 1.3716,                 0.0849,                0.82949,                0.82793,                  0.862,                0.71376,                0.65924,                0.40456,                 1.4566,                0.08987,               0.005446,               0.005446,               0.005446,                      0,                 0.6584,                0.67855,                0.66766,                0.56483,                0.65402,                0.37688,                0.17833,                0.45947,                0.61019,                0.41094,                0.64207,                      0,                0.64956,                0.67868,                0.66547,                0.55542,                0.65689,                0.39738,                0.18336,                0.46422,                0.58888,                0.41094,                 0.6769,               0.011221,                      0,                0.72843,                0.58102,                0.31865,                0.47974,                0.26805,                0.73195,                0.73195,                      1
                     48,                0.67977,                0.43924,                 1.3701,                 0.0847,                0.82437,                0.82634,                0.85938,                0.71158,                0.65874,                0.40529,                 1.4551,                0.08983,               0.005347,               0.005347,               0.005347,                      0,                0.65674,                0.67747,                0.66683,                0.56193,                0.65382,                0.38077,                0.17659,                0.46146,                0.61225,                0.41295,                0.64597,                      0,                0.63891,                0.67947,                0.66778,                 0.5537,                0.65289,                0.39824,                0.18364,                0.46821,                0.59157,                0.41295,                0.69045,               0.011015,                      0,                0.72598,                0.58606,                0.31309,                  0.487,                0.27117,                0.72883,                0.72883,                      1
                     49,                0.67846,                0.43661,                 1.3656,                0.08527,                0.81939,                0.83469,                0.86178,                0.71393,                0.65844,                0.40458,                 1.4556,                0.08977,               0.005248,               0.005248,               0.005248,                      0,                0.65471,                0.67872,                0.66671,                0.56649,                0.65267,                0.38026,                0.17847,                 0.4602,                0.61664,                0.41161,                0.64713,                      0,                0.63955,                0.67819,                0.66516,                0.56045,                0.65017,                 0.3962,                0.18256,                0.46711,                0.59199,                0.41161,                0.67893,               0.010399,                      0,                0.73103,                0.58215,                0.31803,                0.48126,                0.26974,                0.73026,                0.73026,                      1
                     50,                 0.6765,                0.43273,                 1.3713,                0.08547,                0.82111,                0.83186,                0.86017,                0.71261,                0.65856,                0.40499,                 1.4562,                0.08974,               0.005149,               0.005149,               0.005149,                      0,                0.65735,                0.68101,                0.66916,                0.56756,                0.65328,                0.37304,                0.17696,                0.46072,                0.62415,                0.41274,                0.64235,                      0,                0.64023,                0.68034,                0.66628,                0.55873,                 0.6515,                0.39716,                0.18073,                0.46713,                0.59721,                0.41274,                0.68176,               0.010613,                      0,                0.73167,                0.58418,                 0.3128,                0.48509,                0.27145,                0.72855,                0.72855,                      1
                     51,                0.67685,                0.43188,                 1.3626,                0.08541,                0.82671,                0.82652,                0.86113,                0.71376,                0.65867,                0.40476,                 1.4542,                0.08965,                0.00505,                0.00505,                0.00505,                      0,                0.66062,                0.67969,                0.66675,                0.56967,                0.65377,                0.37014,                0.17734,                0.45798,                0.61013,                0.41012,                0.63489,                      0,                0.64316,                0.67941,                0.66676,                0.56048,                0.65114,                0.38943,                0.18242,                0.46402,                0.59199,                0.41012,                0.67317,               0.010249,                      0,                0.73329,                0.58263,                0.31591,                0.47968,                0.26602,                0.73398,                0.73398,                      1
                     52,                0.67269,                0.42984,                 1.3749,                0.08554,                0.83089,                0.82348,                0.86048,                0.71308,                 0.6584,                0.40451,                 1.4562,                0.08957,               0.004951,               0.004951,               0.004951,                      0,                0.65623,                0.68014,                0.66833,                0.56919,                0.65223,                0.36983,                0.17691,                 0.4611,                 0.6179,                0.41231,                0.64147,                      0,                0.62831,                0.67973,                0.66674,                0.56097,                0.64509,                0.39518,                0.18177,                0.46964,                0.59459,                0.41231,                0.69026,               0.010323,                      0,                 0.7334,                0.58356,                0.31349,                0.48343,                0.27087,                0.72913,                0.72913,                      1
                     53,                0.67034,                0.42629,                 1.3687,                0.08524,                0.82763,                0.83254,                0.86166,                0.71447,                0.65826,                0.40362,                 1.4566,                0.08954,               0.004852,               0.004852,               0.004852,                      0,                0.65774,                0.67973,                0.66855,                0.56739,                0.65173,                0.37205,                0.17596,                0.45851,                0.61589,                 0.4119,                0.63525,                      0,                0.64292,                0.67884,                0.66647,                0.55669,                0.65202,                0.39564,                0.18157,                0.46567,                0.59248,                 0.4119,                0.67694,               0.010555,                      0,                0.73079,                0.58515,                0.31468,                0.48529,                0.26742,                0.73258,                0.73258,                      1
                     54,                0.66688,                0.42643,                 1.3711,                0.08479,                0.83105,                0.83091,                0.86233,                0.71579,                0.65789,                0.40286,                 1.4571,                0.08954,               0.004753,               0.004753,               0.004753,                      0,                0.66742,                0.67874,                0.66459,                0.56264,                0.65848,                0.38238,                0.17651,                0.45475,                0.60864,                0.41041,                0.63387,                      0,                 0.6488,                0.67935,                0.66453,                0.55798,                0.65586,                0.39617,                0.18119,                0.46222,                0.59263,                0.41041,                 0.6753,               0.010837,                      0,                0.72723,                0.58605,                0.31481,                0.48323,                0.26647,                0.73353,                0.73353,                      1
                     55,                0.67186,                 0.4269,                 1.3681,                0.08508,                0.83093,                0.83207,                0.86325,                0.71571,                0.65768,                0.40219,                 1.4589,                0.08953,               0.004654,               0.004654,               0.004654,                      0,                0.65911,                0.68092,                0.67035,                0.56463,                0.65431,                0.37317,                0.17874,                0.45896,                0.61144,                0.41189,                 0.6412,                      0,                0.64261,                0.68144,                 0.6697,                 0.5581,                0.65209,                0.39172,                0.18352,                0.46564,                0.58996,                0.41189,                0.67801,               0.010969,                      0,                0.72999,                0.58596,                 0.3159,                  0.486,                0.26781,                0.73219,                0.73219,                      1
                     56,                0.66389,                0.42297,                  1.363,                0.08486,                0.83183,                0.83132,                0.86232,                0.71506,                0.65734,                0.40235,                 1.4584,                 0.0895,               0.004555,               0.004555,               0.004555,                      0,                0.66448,                0.67626,                0.66266,                0.56552,                0.65686,                0.38366,                0.17596,                0.45563,                0.61265,                0.41029,                0.63583,                      0,                0.64352,                0.67514,                0.66092,                0.55528,                0.65444,                0.40639,                   0.18,                0.46369,                0.58872,                0.41029,                0.68461,               0.010339,                      0,                0.72762,                 0.5877,                0.31877,                0.48535,                0.26589,                0.73411,                0.73411,                      1
                     57,                0.66591,                 0.4235,                  1.359,                0.08492,                 0.8333,                0.83341,                0.86323,                0.71597,                0.65691,                0.40174,                 1.4577,                0.08947,               0.004456,               0.004456,               0.004456,                      0,                0.65945,                0.67881,                 0.6681,                0.56418,                0.65487,                0.37553,                0.17719,                0.45953,                0.60197,                0.41392,                0.64246,                      0,                0.63663,                0.67823,                0.66756,                0.55958,                0.64814,                0.39078,                0.18131,                0.46713,                0.58892,                0.41392,                 0.6793,               0.010194,                      0,                0.72963,                0.58264,                 0.3135,                0.48492,                0.26971,                0.73029,                0.73029,                      1
                     58,                0.66465,                0.41947,                 1.3598,                0.08474,                0.83473,                0.83396,                0.86414,                0.71726,                0.65677,                0.40129,                 1.4589,                0.08948,               0.004357,               0.004357,               0.004357,                      0,                0.66433,                0.67929,                0.66729,                0.56316,                  0.659,                0.37899,                0.17608,                0.45781,                0.60741,                0.41047,                0.64412,                      0,                 0.6464,                 0.6785,                0.66564,                 0.5551,                0.65636,                0.39986,                0.18052,                0.46378,                0.58866,                0.41047,                0.68419,               0.010477,                      0,                0.72716,                0.58767,                0.31373,                0.48561,                0.26365,                0.73635,                0.73635,                      1
                     59,                 0.6674,                0.41931,                 1.3688,                0.08533,                 0.8349,                0.83182,                0.86434,                0.71751,                0.65669,                0.40101,                 1.4596,                0.08947,               0.004258,               0.004258,               0.004258,                      0,                0.65596,                0.68085,                0.66927,                0.56757,                0.65221,                0.37313,                0.17778,                 0.4605,                 0.6246,                 0.4131,                0.64221,                      0,                0.63836,                0.67758,                0.66606,                0.55553,                0.65163,                0.39944,                0.18165,                 0.4676,                0.59164,                 0.4131,                0.68715,               0.010276,                      0,                0.73061,                 0.5788,                0.31479,                0.47954,                0.27216,                0.72784,                0.72784,                      1
                     60,                0.65792,                0.41412,                 1.3598,                0.08468,                0.83591,                0.83036,                0.86509,                0.71798,                0.65653,                0.40049,                 1.4609,                0.08946,               0.004159,               0.004159,               0.004159,                      0,                0.67201,                0.68072,                0.66697,                0.56306,                0.66159,                0.37841,                0.17688,                0.45584,                0.60852,                0.41206,                0.63371,                      0,                0.64403,                0.67915,                0.66529,                0.55389,                0.65417,                0.40091,                0.18263,                0.46423,                0.58579,                0.41206,                0.68129,               0.010907,                      0,                 0.7266,                0.58194,                0.31442,                0.48119,                0.27199,                0.72801,                0.72801,                      1
                     61,                0.66313,                 0.4159,                 1.3614,                0.08508,                0.83462,                0.83322,                0.86593,                0.71887,                0.65654,                0.40022,                 1.4614,                0.08947,                0.00406,                0.00406,                0.00406,                      0,                0.66091,                0.67994,                0.66782,                0.56497,                0.65468,                 0.3758,                0.17715,                0.45876,                0.61052,                0.41307,                0.63777,                      0,                0.63814,                0.67886,                 0.6659,                0.55991,                0.65027,                0.39592,                 0.1819,                0.46731,                0.58936,                0.41307,                0.68319,               0.010439,                      0,                0.73008,                0.58173,                0.31413,                0.48241,                0.26936,                0.73064,                0.73064,                      1
                     62,                0.66034,                0.41514,                 1.3639,                0.08473,                0.83409,                0.83296,                0.86563,                 0.7187,                0.65651,                0.40007,                 1.4617,                0.08946,               0.003961,               0.003961,               0.003961,                      0,                0.66013,                0.67928,                0.66717,                0.56264,                0.65753,                0.38116,                0.17731,                0.45994,                0.61567,                0.41245,                0.65057,                      0,                0.64396,                0.67805,                0.66525,                0.55226,                0.65623,                 0.4039,                0.18301,                0.46655,                0.59038,                0.41245,                0.68908,               0.010414,                      0,                0.72581,                0.58422,                0.31564,                0.48421,                0.27182,                0.72818,                0.72818,                      1
                     63,                 0.6592,                0.41412,                 1.3635,                0.08517,                0.83243,                0.83303,                0.86594,                0.71919,                0.65625,                0.39978,                 1.4615,                0.08946,               0.003862,               0.003862,               0.003862,                      0,                0.66034,                 0.6787,                0.66609,                0.56578,                0.65529,                0.37901,                0.17717,                0.45891,                0.61156,                0.40987,                0.64125,                      0,                0.64175,                0.67991,                0.66589,                0.56058,                0.65118,                0.39437,                0.18309,                0.46521,                 0.5936,                0.40987,                0.67742,               0.010341,                      0,                0.73055,                0.58494,                0.31756,                0.48197,                0.26437,                0.73563,                0.73563,                      1
                     64,                0.66046,                0.41409,                 1.3652,                0.08474,                0.83448,                0.83037,                0.86628,                0.71967,                 0.6562,                0.39964,                 1.4617,                0.08945,               0.003763,               0.003763,               0.003763,                      0,                  0.662,                0.67865,                0.66717,                0.56175,                0.65634,                0.38117,                0.17567,                0.45776,                0.61524,                0.40959,                0.64059,                      0,                0.64154,                0.67814,                 0.6657,                0.55387,                0.65249,                0.40166,                0.18157,                0.46403,                0.59363,                0.40959,                0.68297,               0.010371,                      0,                0.72579,                0.58672,                 0.3156,                0.48391,                0.26414,                0.73586,                0.73586,                      1
                     65,                 0.6569,                0.40933,                 1.3627,                0.08541,                0.83712,                0.82895,                0.86605,                0.71961,                0.65601,                0.39946,                 1.4621,                0.08944,               0.003664,               0.003664,               0.003664,                      0,                0.65645,                0.68167,                0.66767,                0.56916,                0.65307,                0.37604,                0.17694,                0.46055,                0.61145,                0.41063,                0.64381,                      0,                0.63927,                0.68065,                0.66604,                0.56149,                0.65149,                0.39765,                0.18192,                0.46653,                0.58728,                0.41063,                0.68498,               0.010434,                      0,                0.73338,                0.58161,                0.31629,                0.47945,                0.26726,                0.73274,                0.73274,                      1
                     66,                0.65505,                0.41032,                 1.3579,                0.08484,                  0.836,                0.83015,                0.86633,                0.71992,                0.65585,                0.39912,                 1.4625,                0.08943,               0.003565,               0.003565,               0.003565,                      0,                0.65701,                0.67927,                 0.6669,                0.56525,                0.65488,                0.37779,                0.17645,                 0.4597,                0.61575,                0.41116,                0.64905,                      0,                0.64285,                0.67646,                0.66437,                 0.5512,                0.65532,                0.40259,                 0.1817,                0.46564,                0.58897,                0.41116,                0.68951,               0.010465,                      0,                0.72708,                0.58363,                0.31604,                0.48204,                0.26724,                0.73276,                0.73276,                      1
                     67,                 0.6548,                0.40653,                 1.3538,                0.08443,                0.83712,                0.82921,                0.86628,                0.71973,                0.65566,                0.39928,                 1.4628,                0.08942,               0.003466,               0.003466,               0.003466,                      0,                0.65994,                0.67731,                0.66524,                0.55916,                0.65706,                0.38529,                0.17835,                0.45924,                 0.6117,                0.41054,                0.64919,                      0,                0.64188,                0.67774,                0.66479,                0.55289,                0.65511,                 0.4012,                0.18432,                0.46521,                0.59072,                0.41054,                0.69115,               0.010519,                      0,                0.72334,                0.58249,                 0.3167,                0.47922,                0.26844,                0.73156,                0.73156,                      1
                     68,                 0.6521,                0.40252,                 1.3576,                0.08466,                0.83785,                0.82998,                0.86647,                0.72031,                0.65567,                0.39925,                 1.4628,                0.08941,               0.003367,               0.003367,               0.003367,                      0,                0.65694,                0.67883,                0.66852,                 0.5597,                 0.6565,                0.37907,                0.17879,                0.46167,                 0.6147,                 0.4119,                0.65528,                      0,                0.64262,                0.67968,                0.66679,                0.55471,                0.65526,                0.39832,                0.18309,                0.46654,                0.59399,                 0.4119,                0.68956,               0.010237,                      0,                0.72502,                0.58515,                0.31703,                0.48456,                0.26925,                0.73075,                0.73075,                      1
                     69,                0.64971,                0.40328,                 1.3601,                  0.085,                0.83702,                0.83104,                0.86623,                0.72009,                0.65547,                0.39897,                 1.4632,                 0.0894,               0.003268,               0.003268,               0.003268,                      0,                0.66079,                0.67912,                0.66865,                0.56402,                0.65751,                0.37317,                0.17712,                0.46062,                0.61538,                0.41241,                 0.6487,                      0,                0.64201,                0.67806,                0.66675,                0.55597,                 0.6542,                0.39485,                0.18162,                0.46638,                0.59445,                0.41241,                0.68702,               0.010469,                      0,                0.72834,                0.58145,                0.31426,                0.48176,                0.27094,                0.72906,                0.72906,                      1
                     70,                 0.6486,                0.40216,                 1.3481,                0.08431,                0.83818,                0.83178,                0.86643,                0.72036,                0.65543,                0.39895,                 1.4631,                0.08938,               0.003169,               0.003169,               0.003169,                      0,                0.66232,                0.67745,                0.66626,                 0.5597,                0.65808,                0.38261,                0.17752,                 0.4581,                0.60521,                0.41119,                0.64642,                      0,                0.64127,                0.67631,                0.66461,                0.55134,                0.65249,                0.40273,                0.18266,                0.46397,                0.58598,                0.41119,                0.68336,               0.010344,                      0,                0.72334,                0.58203,                0.31605,                0.48092,                0.26655,                0.73345,                0.73345,                      1
                     71,                0.64529,                0.39865,                 1.3505,                0.08465,                0.83703,                0.83223,                0.86643,                0.72031,                0.65538,                0.39885,                 1.4628,                0.08937,                0.00307,                0.00307,                0.00307,                      0,                0.66097,                0.67981,                0.66941,                0.56116,                0.65713,                0.37676,                0.17684,                0.45963,                0.61384,                0.41363,                 0.6468,                      0,                0.63946,                0.67837,                0.66701,                0.55272,                0.65189,                0.39828,                0.18197,                0.46577,                0.58744,                0.41363,                0.68538,               0.010392,                      0,                 0.7255,                0.58362,                 0.3116,                0.48557,                0.27086,                0.72914,                0.72914,                      1
                     72,                 0.6467,                0.39684,                 1.3531,                0.08415,                0.84113,                0.82835,                0.86642,                0.72013,                0.65528,                0.39884,                 1.4631,                0.08936,               0.002971,               0.002971,               0.002971,                      0,                0.66329,                0.67632,                0.66517,                0.55736,                0.65938,                 0.3871,                 0.1769,                0.45908,                0.60769,                0.41209,                0.64877,                      0,                 0.6414,                0.67653,                0.66436,                  0.551,                0.65369,                0.40576,                0.18271,                 0.4656,                0.58583,                0.41209,                0.68699,               0.010522,                      0,                0.72146,                0.58005,                0.31622,                0.47982,                0.26942,                0.73058,                0.73058,                      1
                     73,                0.64253,                0.39477,                  1.355,                 0.0847,                0.84054,                0.82914,                 0.8661,                0.72017,                 0.6551,                0.39883,                 1.4632,                0.08936,               0.002872,               0.002872,               0.002872,                      0,                0.65938,                0.68102,                0.66921,                0.56103,                0.65469,                0.37819,                0.17861,                0.45881,                0.61503,                0.41306,                0.64216,                      0,                0.63587,                0.67996,                0.66906,                0.55272,                0.65003,                0.39733,                0.18454,                0.46715,                0.59218,                0.41306,                0.68788,               0.010882,                      0,                0.72555,                0.58327,                0.31457,                0.48445,                0.27223,                0.72777,                0.72777,                      1
                     74,                0.63957,                0.39308,                  1.347,                0.08485,                0.83767,                0.83035,                0.86567,                0.71997,                0.65493,                0.39875,                 1.4636,                0.08936,               0.002773,               0.002773,               0.002773,                      0,                0.66438,                0.68085,                 0.6693,                0.56354,                0.65799,                0.37363,                0.17772,                0.45694,                0.60674,                0.41108,                0.64031,                      0,                0.64339,                0.68016,                  0.668,                0.55636,                 0.6544,                0.39479,                0.18266,                0.46351,                0.58861,                0.41108,                0.68487,               0.010348,                      0,                0.72836,                0.58803,                0.31436,                0.48679,                0.26554,                0.73446,                0.73446,                      1
                     75,                0.64113,                0.39416,                 1.3503,                0.08432,                0.83734,                0.82941,                 0.8658,                0.72005,                0.65492,                0.39868,                 1.4639,                0.08935,               0.002674,               0.002674,               0.002674,                      0,                0.66234,                0.67893,                0.66788,                0.55715,                0.65747,                0.38409,                0.17666,                0.45873,                0.61517,                0.41101,                0.64414,                      0,                0.64017,                0.67691,                0.66489,                0.55072,                0.65336,                0.40617,                0.18109,                0.46491,                0.59233,                0.41101,                0.68952,               0.010208,                      0,                0.72173,                0.58642,                0.31421,                0.48478,                0.26724,                0.73276,                0.73276,                      1
                     76,                0.63538,                0.38899,                 1.3528,                0.08486,                0.83759,                0.82984,                0.86579,                0.72019,                 0.6549,                0.39864,                 1.4643,                0.08935,               0.002575,               0.002575,               0.002575,                      0,                0.67154,                0.68098,                0.66712,                0.56238,                0.66178,                 0.3788,                0.17527,                0.45301,                0.62051,                0.41055,                0.63468,                      0,                0.64471,                0.67858,                0.66409,                0.55381,                 0.6546,                0.40454,                0.18016,                0.46132,                0.59666,                0.41055,                0.68207,               0.010312,                      0,                0.72605,                0.58707,                0.31338,                0.48498,                0.26469,                0.73531,                0.73531,                      1
                     77,                0.63987,                0.38986,                 1.3539,                0.08396,                0.83587,                0.83088,                0.86588,                0.72051,                0.65486,                0.39864,                 1.4649,                0.08934,               0.002476,               0.002476,               0.002476,                      0,                0.66299,                0.67789,                0.66738,                0.55629,                0.66028,                0.38787,                0.17734,                0.45911,                0.60221,                 0.4106,                0.65268,                      0,                 0.6386,                0.67553,                0.66518,                0.54864,                0.65355,                0.40697,                0.18199,                0.46725,                0.58319,                 0.4106,                0.69533,               0.010303,                      0,                 0.7204,                0.58632,                0.31692,                0.48467,                0.26337,                0.73663,                0.73663,                      1
                     78,                0.63565,                0.38683,                 1.3474,                0.08491,                0.83697,                0.83092,                 0.8658,                0.72013,                0.65477,                0.39831,                 1.4656,                0.08933,               0.002377,               0.002377,               0.002377,                      0,                0.65848,                0.68067,                0.66967,                0.56111,                 0.6556,                 0.3775,                0.17776,                0.46014,                0.62053,                 0.4114,                0.64773,                      0,                0.63723,                0.68029,                0.66828,                0.55619,                0.65139,                0.39542,                0.18337,                0.46683,                 0.5943,                 0.4114,                0.69009,                 0.0106,                      0,                0.72677,                0.58252,                 0.3144,                0.48109,                0.26785,                0.73215,                0.73215,                      1
                     79,                0.63707,                0.38793,                 1.3503,                0.08454,                0.83393,                0.83357,                0.86554,                0.72013,                0.65476,                0.39837,                 1.4661,                0.08932,               0.002278,               0.002278,               0.002278,                      0,                0.66106,                0.68066,                0.67082,                0.55999,                0.65699,                 0.3735,                0.17781,                0.46029,                 0.6154,                0.41345,                0.64595,                      0,                0.63632,                0.67771,                0.66782,                0.54929,                0.65136,                0.39908,                0.18222,                0.46736,                0.59222,                0.41345,                0.69216,               0.010978,                      0,                0.72388,                0.58328,                0.31167,                0.48519,                0.26929,                0.73071,                0.73071,                      1
                     80,                0.62713,                0.38156,                 1.3461,                0.08473,                0.83222,                0.83459,                0.86558,                0.72007,                0.65462,                0.39838,                 1.4662,                0.08931,               0.002179,               0.002179,               0.002179,                      0,                0.66071,                0.67938,                 0.6679,                0.56258,                0.65759,                 0.3744,                0.17643,                0.45961,                0.61692,                0.41139,                0.64907,                      0,                0.63939,                0.67782,                0.66616,                 0.5509,                0.65394,                0.39931,                0.18254,                0.46504,                0.59285,                0.41139,                0.69357,               0.010565,                      0,                0.72552,                 0.5862,                0.31502,                0.48498,                0.26845,                0.73155,                0.73155,                      1
                     81,                 0.6341,                0.38506,                 1.3419,                0.08423,                0.83175,                0.83553,                0.86559,                0.72024,                0.65466,                0.39824,                 1.4666,                0.08931,                0.00208,                0.00208,                0.00208,                      0,                0.66019,                0.67838,                0.66702,                0.55798,                0.65809,                0.38749,                0.17789,                0.45992,                0.61192,                0.41122,                0.65245,                      0,                0.63496,                0.67688,                0.66594,                0.54867,                0.65302,                0.40859,                0.18434,                0.46883,                0.58819,                0.41122,                 0.7017,               0.010368,                      0,                0.72154,                0.58167,                0.31836,                0.48029,                0.27065,                0.72935,                0.72935,                      1
                     82,                0.63132,                  0.383,                 1.3363,                0.08474,                0.83138,                0.83571,                0.86541,                0.72017,                0.65454,                0.39819,                 1.4667,                0.08929,               0.001981,               0.001981,               0.001981,                      0,                0.66251,                0.68103,                0.66878,                0.56323,                0.65718,                0.37728,                0.17748,                0.46002,                0.61018,                0.41203,                0.64288,                      0,                0.63819,                0.67913,                0.66663,                0.55316,                 0.6531,                0.40234,                0.18287,                0.46758,                0.58686,                0.41203,                0.69309,               0.010543,                      0,                0.72689,                0.58197,                0.31514,                0.48148,                 0.2715,                 0.7285,                 0.7285,                      1
                     83,                0.62717,                0.37914,                 1.3453,                0.08394,                0.83131,                0.83572,                0.86523,                0.72013,                0.65445,                0.39801,                 1.4668,                0.08928,               0.001882,               0.001882,               0.001882,                      0,                0.66086,                0.67841,                 0.6681,                0.55591,                0.65815,                0.38556,                0.17742,                0.46015,                0.60429,                0.41384,                0.65094,                      0,                0.63985,                0.67758,                0.66704,                 0.5478,                0.65513,                0.40502,                0.18318,                 0.4668,                0.58039,                0.41384,                0.69583,               0.010345,                      0,                0.72014,                0.58044,                0.31431,                0.48231,                0.27305,                0.72695,                0.72695,                      1
                     84,                0.63197,                0.38065,                 1.3485,                0.08446,                0.82953,                0.83806,                0.86512,                0.72023,                0.65448,                0.39831,                  1.467,                0.08926,               0.001783,               0.001783,               0.001783,                      0,                0.66062,                0.67952,                0.66828,                0.55795,                0.66011,                0.38652,                0.17707,                0.45828,                0.61438,                0.41141,                 0.6587,                      0,                0.64131,                0.67835,                0.66716,                0.55358,                0.65619,                0.39857,                 0.1829,                0.46548,                0.58771,                0.41141,                0.69711,               0.010456,                      0,                0.72347,                0.58628,                0.31574,                0.48559,                0.26663,                0.73337,                0.73337,                      1
                     85,                0.62806,                0.37808,                  1.342,                0.08484,                 0.8289,                0.83865,                0.86499,                0.71991,                0.65442,                0.39838,                 1.4674,                0.08926,               0.001684,               0.001684,               0.001684,                      0,                0.66469,                0.68026,                0.66737,                0.56245,                0.65752,                0.38095,                 0.1764,                0.45752,                0.61367,                0.41227,                0.63811,                      0,                0.64156,                0.67907,                0.66529,                0.55717,                0.65202,                0.39736,                0.18172,                0.46332,                0.58876,                0.41227,                0.68033,               0.010114,                      0,                0.72736,                0.58181,                0.31433,                  0.482,                0.26978,                0.73022,                0.73022,                      1
                     86,                0.62235,                0.37398,                 1.3357,                0.08399,                0.82762,                0.83828,                0.86507,                0.72026,                0.65426,                0.39851,                 1.4676,                0.08925,               0.001585,               0.001585,               0.001585,                      0,                0.66123,                0.67822,                0.66796,                0.55731,                0.65735,                0.38181,                0.17636,                0.46046,                0.59858,                0.41422,                0.64708,                      0,                0.63768,                0.67801,                0.66763,                0.54955,                 0.6531,                0.40073,                0.18288,                 0.4677,                0.57613,                0.41422,                0.69389,                0.01044,                      0,                0.72169,                0.58314,                0.31176,                0.48559,                0.27437,                0.72563,                0.72563,                      1
                     87,                0.62423,                0.37514,                 1.3416,                0.08464,                 0.8269,                0.83939,                0.86511,                0.72005,                0.65433,                0.39851,                 1.4681,                0.08924,               0.001486,               0.001486,               0.001486,                      0,                 0.6616,                0.67908,                0.66776,                0.56042,                0.65858,                0.37963,                0.17644,                0.45957,                0.61036,                0.41214,                0.65027,                      0,                0.63828,                0.67997,                 0.6676,                0.55522,                0.65215,                0.39802,                0.18262,                0.46555,                0.59134,                0.41214,                0.69031,               0.010367,                      0,                0.72561,                 0.5853,                  0.315,                 0.4855,                0.26668,                0.73332,                0.73332,                      1
                     88,                0.62268,                0.37294,                 1.3364,                0.08411,                0.82623,                0.83916,                0.86459,                 0.7197,                0.65429,                 0.3988,                 1.4686,                0.08924,               0.001387,               0.001387,               0.001387,                      0,                0.66383,                0.67658,                0.66619,                0.55695,                 0.6592,                0.38345,                 0.1768,                0.45835,                0.60562,                0.41031,                0.64642,                      0,                0.64202,                0.67464,                 0.6633,                0.55164,                0.65345,                0.40375,                0.18115,                0.46375,                0.58277,                0.41031,                0.68501,               0.010156,                      0,                0.72149,                0.58733,                0.31822,                0.48505,                0.26595,                0.73405,                0.73405,                      1
                     89,                0.62017,                0.36984,                 1.3402,                0.08485,                0.82559,                0.83916,                0.86424,                0.71971,                0.65427,                0.39876,                 1.4688,                0.08923,               0.001288,               0.001288,               0.001288,                      0,                0.65926,                 0.6816,                0.66853,                0.56288,                0.65576,                0.38012,                0.17929,                0.46065,                0.61498,                0.41323,                0.64655,                      0,                0.63659,                0.67978,                0.66647,                0.55574,                0.65164,                0.39878,                0.18389,                0.46772,                0.58492,                0.41323,                0.69129,               0.010268,                      0,                0.72746,                0.57726,                0.31581,                0.47765,                0.27518,                0.72482,                0.72482,                      1
                     90,                0.61713,                0.36818,                 1.3384,                 0.0848,                0.82521,                0.83972,                0.86415,                0.71965,                0.65436,                 0.3989,                  1.469,                0.08922,               0.001189,               0.001189,               0.001189,                      0,                0.66212,                0.67968,                 0.6684,                0.56182,                 0.6573,                0.37847,                0.17571,                0.45844,                0.61675,                0.41296,                0.64422,                      0,                0.64068,                 0.6794,                0.66739,                0.55349,                0.65328,                0.39959,                 0.1815,                0.46501,                0.59617,                0.41296,                0.68754,              0.0099811,                      0,                0.72606,                0.58554,                0.31351,                0.48708,                0.26905,                0.73095,                0.73095,                      1
                     91,                 0.6225,                0.36889,                 1.3355,                 0.0842,                0.82783,                0.83529,                0.86396,                0.71961,                0.65437,                0.39905,                 1.4691,                0.08921,                0.00109,                0.00109,                0.00109,                      0,                0.66017,                 0.6799,                0.67061,                0.55593,                0.65782,                0.38002,                0.17837,                0.46106,                 0.6105,                0.41351,                0.65146,                      0,                0.63493,                0.67783,                0.66765,                0.54919,                0.65037,                0.40094,                0.18299,                0.46694,                0.59316,                0.41351,                 0.6922,               0.010315,                      0,                0.72109,                0.58326,                0.31167,                0.48493,                0.26951,                0.73049,                0.73049,                      1
                     92,                0.61976,                0.36823,                 1.3321,                0.08406,                0.83644,                0.82746,                0.86383,                0.71975,                0.65435,                0.39928,                 1.4697,                0.08921,               0.000991,               0.000991,               0.000991,                      0,                0.66964,                0.67807,                0.66644,                0.55541,                0.66306,                0.38572,                0.17725,                0.45645,                  0.608,                0.41138,                0.64508,                      0,                0.64531,                 0.6775,                0.66498,                0.55053,                0.65578,                0.40318,                0.18246,                0.46228,                0.58922,                0.41138,                 0.6844,               0.010244,                      0,                0.72027,                0.58466,                0.31665,                0.48415,                0.26776,                0.73224,                0.73224,                      1
                     93,                0.61647,                0.36566,                 1.3339,                0.08423,                0.83769,                0.82681,                0.86375,                0.71947,                 0.6544,                0.39926,                 1.4699,                 0.0892,               0.000892,               0.000892,               0.000892,                      0,                0.65768,                0.68045,                0.66921,                0.55803,                0.65781,                0.38274,                0.17831,                0.46216,                0.60733,                0.41435,                0.65815,                      0,                0.63789,                0.67837,                0.66783,                0.54877,                0.65432,                0.40325,                0.18299,                0.46883,                0.58803,                0.41435,                0.69741,               0.010326,                      0,                0.72213,                0.57933,                0.31171,                0.48219,                0.27607,                0.72393,                0.72393,                      1
                     94,                0.61254,                0.36224,                 1.3303,                0.08385,                 0.8394,                0.82517,                0.86353,                0.71957,                0.65435,                0.39926,                 1.4701,                0.08919,               0.000793,               0.000793,               0.000793,                      0,                0.66488,                 0.6777,                0.66558,                0.55578,                0.66128,                0.38771,                0.17856,                   0.46,                0.60607,                0.41164,                0.65155,                      0,                 0.6388,                0.67562,                 0.6638,                 0.5453,                0.65584,                0.41193,                0.18378,                0.46779,                0.58709,                0.41164,                0.70182,               0.010613,                      0,                0.71853,                0.57992,                0.31764,                0.47861,                0.27041,                0.72959,                0.72959,                      1
                     95,                0.61019,                0.36127,                 1.3304,                0.08415,                0.84052,                0.82352,                0.86313,                0.71955,                0.65434,                0.39933,                 1.4704,                0.08918,               0.000694,               0.000694,               0.000694,                      0,                 0.6687,                0.67825,                0.66456,                0.55928,                0.66209,                0.38752,                0.17629,                0.45597,                0.59807,                0.41145,                0.64388,                      0,                0.64055,                0.67772,                0.66437,                0.55194,                0.65413,                0.40596,                0.18224,                0.46395,                0.58231,                0.41145,                 0.6916,                0.01037,                      0,                0.72296,                 0.5835,                0.31605,                0.48212,                0.26612,                0.73388,                0.73388,                      1
                     96,                 0.6084,                0.35893,                 1.3288,                0.08449,                0.84128,                0.82533,                0.86312,                0.71966,                0.65428,                0.39939,                 1.4706,                0.08916,               0.000595,               0.000595,               0.000595,                      0,                0.66461,                0.67946,                0.66625,                0.55983,                0.65969,                0.38498,                0.17682,                0.45747,                0.60824,                0.41014,                 0.6462,                      0,                0.63724,                  0.679,                0.66534,                0.55367,                 0.6517,                0.40505,                0.18279,                0.46542,                0.59302,                0.41014,                0.69131,               0.010664,                      0,                0.72426,                0.58458,                0.31508,                0.48153,                0.26732,                0.73268,                0.73268,                      1
                     97,                0.60998,                0.35938,                 1.3224,                0.08451,                0.84423,                0.81999,                0.86268,                 0.7192,                0.65428,                0.39925,                 1.4708,                0.08915,               0.000496,               0.000496,               0.000496,                      0,                0.65961,                0.68024,                0.66796,                0.55938,                0.65628,                0.38411,                0.17728,                0.45992,                 0.6128,                0.41356,                0.64738,                      0,                0.63542,                0.67944,                 0.6678,                0.55201,                0.65115,                 0.4026,                0.18288,                 0.4688,                0.59296,                0.41356,                0.69318,               0.010671,                      0,                 0.7239,                0.58191,                 0.3133,                0.48369,                0.27234,                0.72766,                0.72766,                      1
                     98,                0.60761,                0.35811,                 1.3273,                  0.084,                0.84421,                0.82002,                0.86251,                0.71922,                0.65427,                0.39942,                 1.4709,                0.08915,               0.000397,               0.000397,               0.000397,                      0,                0.66317,                0.67766,                0.66635,                0.55613,                0.66152,                0.38644,                0.17736,                0.46012,                0.60418,                0.41277,                 0.6571,                      0,                0.64041,                0.67699,                  0.665,                0.54934,                0.65614,                0.40614,                0.18296,                 0.4661,                0.58613,                0.41277,                0.69836,               0.010461,                      0,                0.72034,                0.58392,                0.31632,                0.48444,                0.27141,                0.72859,                0.72859,                      1
                     99,                0.60885,                0.35945,                 1.3253,                0.08418,                0.84524,                0.82078,                0.86248,                0.71883,                 0.6543,                0.39947,                 1.4712,                0.08914,               0.000298,               0.000298,               0.000298,                      0,                0.66497,                0.67897,                0.66685,                0.55693,                0.66034,                0.38695,                0.17701,                0.45744,                0.61321,                0.40986,                0.64757,                      0,                0.64355,                0.67651,                0.66401,                  0.548,                0.65558,                0.41072,                0.18181,                0.46377,                0.59473,                0.40986,                0.68875,               0.010422,                      0,                0.72043,                0.58592,                0.31741,                0.48333,                0.26625,                0.73375,                0.73375,                      1
                    100,                0.60646,                0.35567,                 1.3219,                0.08401,                0.84582,                0.82012,                0.86204,                0.71895,                0.65435,                0.39941,                 1.4715,                0.08915,               0.000199,               0.000199,               0.000199,                      0,                0.65996,                0.67822,                0.66768,                0.55554,                0.65914,                0.38626,                0.17723,                0.46204,                0.60843,                0.41353,                0.65696,                      0,                  0.638,                0.67722,                0.66583,                0.54732,                0.65573,                0.40825,                0.18273,                 0.4687,                0.59101,                0.41353,                0.70299,               0.010278,                      0,                0.71956,                0.58326,                0.31341,                0.48516,                0.27275,                0.72725,                0.72725,                      1
