                  epoch,         train/box_loss,         train/cls_loss,         train/dfl_loss,train/true_object_reliability_loss,   metrics/precision(B),      metrics/recall(B),       metrics/mAP50(B),    metrics/mAP50-95(B),           val/box_loss,           val/cls_loss,           val/dfl_loss,val/true_object_reliability_loss,                 lr/pg0,                 lr/pg1,                 lr/pg2,p2/P3_gate_direction_loss,p2/P3_gate_prompt_direction_agreement,    p2/P3_ir_win_recall,p2/P3_object_balanced_loss,p2/P3_object_calibrated_loss,p2/P3_object_gate_accuracy,p2/P3_object_hard_winner_loss,p2/P3_object_prompt_accuracy,p2/P3_object_prompt_correlation,p2/P3_object_prompt_mae,p2/P3_object_prompt_rgb, p2/P3_object_rank_loss,p2/P3_object_target_rgb,  p2/P3_prompt_strength,   p2/P3_rgb_win_recall,p2/P4_gate_direction_loss,p2/P4_gate_prompt_direction_agreement,    p2/P4_ir_win_recall,p2/P4_object_balanced_loss,p2/P4_object_calibrated_loss,p2/P4_object_gate_accuracy,p2/P4_object_hard_winner_loss,p2/P4_object_prompt_accuracy,p2/P4_object_prompt_correlation,p2/P4_object_prompt_mae,p2/P4_object_prompt_rgb, p2/P4_object_rank_loss,p2/P4_object_target_rgb,  p2/P4_prompt_strength,   p2/P4_rgb_win_recall,p2/object_cross_scale_consistency,p2/object_gate_raw_loss,p2/object_prompt_raw_loss,  p2/teacher_ir_quality,p2/teacher_relative_margin, p2/teacher_rgb_quality,p2/teacher_rgb_win_rate, p2/teacher_ir_win_rate,p2/teacher_majority_baseline,p2/object_reliability_warmup_factor
                      1,                  1.338,                 1.4895,                 1.6103,                0.02303,                0.37868,                0.55692,                0.45568,                0.33868,                0.91068,                0.76267,                 1.5024,                0.02381,               0.070106,              0.0033215,              0.0033215,                0.68956,                0.91954,                0.96474,                0.70677,                0.67779,                0.67401,                0.70627,                  0.711,               0.028792,                0.15785,                0.44224,                0.69249,                0.41307,                      1,               0.039997,                0.71237,                0.97802,                 0.3997,                0.69426,                0.69953,                0.44576,                0.69448,                0.45575,             -0.0031031,                0.16686,                 0.5106,                0.69338,                0.41307,                      1,                0.60396,              0.0054112,                0.13943,                 0.8736,                0.57662,                0.31811,                0.47728,                0.27439,                0.72561,                0.72561,                    0.2
                      2,                 1.0754,                0.89035,                 1.4197,                 0.0473,                0.56179,                0.63087,                0.61289,                0.45724,                0.85714,                0.68951,                 1.4554,                0.04737,                0.04004,               0.006589,               0.006589,                0.70494,                      1,                      1,                0.73419,                0.65928,                0.72648,                0.73069,                0.72648,                0.18371,                0.16763,                0.35042,                0.68017,                0.41275,                      1,                      0,                0.85695,                0.99997,             0.00014649,                0.70582,                  0.742,                0.27349,                0.70643,                0.27348,              -0.054007,                0.21248,                0.57271,                  0.696,                0.41275,                      1,                0.99947,               0.025729,                0.15112,                0.89431,                0.57994,                0.31752,                0.48022,                0.27352,                0.72648,                0.72648,                    0.4
                      3,                0.89734,                0.69237,                 1.4101,                  0.069,                0.59236,                0.67158,                0.63874,                0.48314,                0.79191,                0.60419,                 1.5511,                0.07038,              0.0099086,              0.0097904,              0.0097904,                0.65969,                      1,                      1,                0.72212,                0.64861,                0.72831,                0.71228,                0.72831,                 0.3375,                0.16004,                0.35217,                0.65702,                0.41209,                      1,                      0,                0.78718,                      1,             1.0948e-05,                0.69829,                0.72043,                 0.2717,                0.69812,                 0.2717,               -0.02914,                0.18937,                0.54443,                0.69398,                0.41209,                      1,                      1,               0.019826,                0.14044,                 0.8757,                0.58377,                0.31608,                0.48301,                0.27169,                0.72831,                0.72831,                    0.6
                      4,                 0.8156,                0.60891,                  1.429,                0.08958,                0.67949,                0.69272,                0.70732,                0.54353,                0.77592,                0.56883,                 1.5211,                0.09005,               0.009703,               0.009703,               0.009703,                0.62919,                      1,                      1,                0.70658,                0.64001,                0.73139,                0.68938,                0.73139,                0.36198,                 0.1498,                 0.3666,                0.64278,                0.41144,                      1,                      0,                0.72056,                0.99936,              0.0014916,                0.69379,                0.70154,                0.26888,                0.69349,                0.26893,                0.03864,                 0.1692,                0.51593,                0.69273,                0.41144,                      1,                0.99712,                0.01348,                0.13193,                0.85588,                0.58154,                0.31764,                0.48009,                0.26861,                0.73139,                0.73139,                    0.8
                      5,                0.80059,                0.58615,                 1.4205,                0.11044,                 0.6548,                 0.6813,                0.68411,                0.52176,                0.78614,                0.57563,                 1.6099,                0.11204,               0.009604,               0.009604,               0.009604,                0.61215,                      1,                      1,                0.69792,                0.63783,                0.73212,                0.67579,                0.73212,                0.35326,                0.14372,                0.37785,                0.64365,                0.41178,                      1,                      0,                0.68607,                0.98497,                0.77646,                0.69313,                0.68876,                0.63292,                0.69266,                0.63974,               0.057452,                0.15454,                 0.4915,                0.69229,                0.41178,                      1,                0.26608,              0.0094936,                0.12736,                0.84512,                0.58357,                0.31502,                0.48308,                0.26788,                0.73212,                0.73212,                      1
                      6,                0.78504,                0.56559,                 1.4071,                0.10945,                0.66236,                 0.6671,                0.69702,                0.54054,                0.77773,                0.59171,                 1.5315,                0.11162,               0.009505,               0.009505,               0.009505,                0.60019,                      1,                      1,                0.69337,                0.63428,                0.73077,                0.66767,                0.73077,                0.36958,                0.14318,                0.37958,                 0.6345,                0.41158,                      1,                      0,                0.67475,                0.98868,                0.96757,                0.69363,                0.68268,                0.72144,                0.69306,                0.72613,               0.055227,                0.15096,                0.47809,                0.69201,                0.41158,                      1,               0.070773,              0.0085702,                0.12501,                0.83874,                0.58147,                0.31718,                0.48018,                0.26923,                0.73077,                0.73077,                      1
                      7,                0.77657,                0.55224,                 1.4066,                 0.1093,                  0.746,                0.73944,                0.77996,                0.61839,                0.73967,                 0.5115,                  1.494,                0.11114,               0.009406,               0.009406,               0.009406,                0.59684,                      1,                      1,                0.69297,                0.63531,                 0.7319,                0.66508,                 0.7319,                0.36315,                0.14183,                0.38161,                0.64194,                0.41235,                      1,                      0,                0.66971,                0.99181,                0.97667,                0.69414,                 0.6802,                0.72662,                0.69322,                0.72903,               0.061961,                0.14826,                0.47194,                0.69183,                0.41235,                      1,               0.053009,              0.0081098,                0.12423,                0.83703,                0.58358,                0.31518,                0.48351,                 0.2681,                 0.7319,                 0.7319,                      1
                      8,                0.77283,                0.54866,                 1.4078,                0.10859,                0.73137,                0.72833,                0.74702,                0.59402,                0.73354,                0.51206,                 1.4634,                0.11126,               0.009307,               0.009307,               0.009307,                0.58838,                0.99997,                0.99992,                0.68898,                0.63235,                0.73225,                0.65971,                0.73226,                0.37469,                0.13975,                0.38386,                0.63154,                0.41137,                      1,              0.0001522,                0.66568,                0.99264,                0.97552,                0.69418,                0.67826,                0.72677,                 0.6932,                0.72928,               0.069541,                0.14718,                0.46806,                0.69135,                0.41137,                      1,               0.055782,              0.0079103,                0.12283,                0.83279,                0.58421,                0.31482,                 0.4831,                0.26773,                0.73227,                0.73227,                      1
                      9,                0.76685,                0.54022,                 1.3949,                0.10848,                0.75733,                  0.768,                0.79125,                0.63103,                0.72197,                0.49772,                 1.4651,                0.11101,               0.009208,               0.009208,               0.009208,                 0.5854,                 0.9999,                0.99987,                0.68907,                0.63228,                0.73496,                0.65856,                0.73499,                0.37266,                0.13959,                 0.3834,                0.63952,                0.41024,                      1,             0.00065515,                 0.6619,                0.99255,                0.97904,                0.69352,                0.67723,                0.73115,                0.69166,                0.73276,                0.10399,                 0.1468,                0.46727,                0.68972,                0.41024,                      1,               0.050005,              0.0079814,                0.12218,                0.83141,                 0.5853,                0.31562,                0.48306,                0.26509,                0.73491,                0.73491,                      1
                     10,                0.76321,                0.53751,                 1.3909,                0.10762,                0.72591,                0.73153,                0.75036,                0.59731,                0.73605,                0.51569,                 1.5138,                0.11099,               0.009109,               0.009109,               0.009109,                0.58426,                0.99952,                0.99926,                0.68794,                0.63246,                0.73061,                0.65608,                0.73079,                0.37325,                0.14094,                0.38326,                0.62849,                0.41188,                      1,              0.0035998,                0.64829,                0.98251,                0.91505,                0.68895,                0.67486,                0.71495,                0.68117,                0.71889,                0.19209,                0.14722,                0.46996,                0.67714,                0.41188,                      1,                0.18759,              0.0079744,                0.12112,                0.82609,                0.58274,                0.31667,                0.48211,                0.26964,                0.73036,                0.73036,                      1
                     11,                0.75892,                 0.5302,                 1.3917,                0.10662,                0.75556,                0.75565,                0.78982,                0.62817,                0.72114,                0.50323,                 1.4974,                0.10895,                0.00901,                0.00901,                0.00901,                0.58116,                0.99865,                0.99782,                0.68823,                0.63293,                 0.7333,                0.65436,                0.73346,                0.37784,                0.13877,                0.38377,                0.63227,                0.41246,                      1,              0.0092124,                 0.6228,                0.98764,                0.85337,                0.68258,                0.66995,                0.70903,                0.66393,                 0.7124,                0.24625,                0.14506,                0.47021,                0.66056,                0.41246,                      1,                 0.3262,              0.0074088,                0.11901,                0.81887,                0.58559,                0.31308,                0.48627,                 0.2674,                 0.7326,                 0.7326,                      1
                     12,                0.75317,                 0.5225,                 1.3928,                0.10599,                 0.7597,                0.76205,                 0.7981,                0.63996,                0.70836,                0.48217,                 1.4791,                 0.1088,               0.008911,               0.008911,               0.008911,                0.58302,                0.99897,                 0.9985,                0.68872,                0.63347,                0.72735,                0.65575,                0.72767,                 0.3742,                 0.1405,                0.38177,                0.63433,                0.41327,                      1,              0.0080427,                0.60113,                0.99542,                0.80181,                 0.6766,                0.66558,                0.69874,                0.64867,                0.69967,                0.28387,                0.14711,                0.47205,                0.64626,                0.41327,                      1,                0.42828,              0.0075757,                0.11781,                0.81443,                0.57932,                0.31285,                0.48057,                0.27344,                0.72656,                0.72656,                      1
                     13,                0.75007,                0.52389,                 1.3875,                0.10528,                0.77439,                0.75816,                0.80364,                0.64309,                0.71666,                0.47892,                 1.4853,                0.10917,               0.008812,               0.008812,               0.008812,                 0.5808,                0.99855,                0.99781,                0.68784,                0.62916,                0.73697,                0.65546,                0.73728,                0.38163,                0.13995,                0.38067,                0.62795,                0.40944,                      1,               0.011479,                0.58823,                0.99538,                0.76428,                0.67287,                0.66351,                0.69075,                0.63869,                0.68904,                0.29386,                0.15108,                0.47492,                0.63656,                0.40944,                      1,                0.47942,              0.0080249,                0.11666,                0.81002,                0.58166,                0.31685,                0.47739,                0.26414,                0.73586,                0.73586,                      1
                     14,                0.74668,                0.51875,                 1.3875,                0.10457,                0.75532,                0.75427,                0.78847,                0.63393,                0.70791,                0.47791,                 1.4622,                0.10832,               0.008713,               0.008713,               0.008713,                0.57914,                0.99772,                0.99573,                0.68895,                0.63215,                0.73498,                0.65327,                0.73548,                0.37651,                0.14036,                0.37898,                 0.6237,                0.41245,                      1,                0.02301,                0.57664,                0.98536,                0.73156,                0.66941,                0.66536,                0.68569,                0.62667,                0.67962,                0.30643,                0.15344,                  0.484,                0.62496,                0.41245,                      1,                0.53745,              0.0094289,                0.11566,                0.80521,                 0.5821,                0.31297,                0.48273,                0.26756,                0.73244,                0.73244,                      1
                     15,                0.74556,                0.51605,                 1.3883,                0.10466,                0.79983,                0.75845,                0.81543,                0.65725,                0.70563,                0.46984,                   1.47,                0.10799,               0.008614,               0.008614,               0.008614,                0.58274,                0.99639,                0.99246,                0.69001,                0.63361,                 0.7347,                0.65509,                0.73527,                0.37511,                0.14054,                0.37987,                0.63196,                0.41243,                      1,               0.034962,                0.57324,                0.96892,                0.69755,                0.66994,                0.67147,                0.68145,                0.62044,                0.66832,                0.31007,                0.16023,                0.49696,                0.61998,                0.41243,                      1,                0.58871,               0.011081,                0.11591,                 0.8051,                0.58307,                0.31427,                0.48385,                0.26861,                0.73139,                0.73139,                      1
                     16,                 0.7425,                0.50948,                 1.3847,                0.10388,                0.77937,                0.77208,                0.81614,                0.65894,                0.70056,                0.46166,                 1.4698,                0.10742,               0.008515,               0.008515,               0.008515,                0.57647,                0.99615,                0.99103,                0.68648,                0.63145,                0.73097,                 0.6512,                0.73155,                0.37999,                0.14015,                0.38203,                0.63266,                0.41291,                      1,               0.040886,                0.56218,                0.95761,                0.67304,                0.66933,                0.67398,                0.67703,                0.61125,                 0.6592,                0.31924,                0.16553,                0.50547,                0.61162,                0.41291,                      1,                0.62236,               0.012357,                0.11434,                0.79929,                0.57967,                0.31371,                0.47982,                 0.2731,                 0.7269,                 0.7269,                      1
                     17,                0.73863,                0.50717,                  1.388,                0.10379,                0.74548,                0.72793,                0.76647,                0.60953,                0.73401,                0.51362,                 1.5388,                0.10765,               0.008416,               0.008416,               0.008416,                0.57456,                0.99477,                0.98834,                0.68748,                0.63121,                0.73762,                0.65139,                0.73801,                0.38265,                0.13955,                0.38166,                0.63122,                0.41149,                      1,               0.047626,                0.55827,                 0.9555,                0.68278,                0.66863,                0.67146,                0.68172,                0.61118,                0.66369,                0.32314,                0.16359,                0.50045,                0.61128,                0.41149,                      1,                0.61105,               0.011772,                0.11383,                0.79914,                0.58426,                0.31438,                0.48368,                 0.2661,                 0.7339,                 0.7339,                      1
                     18,                0.73505,                0.50305,                 1.3789,                0.10312,                0.78085,                0.77407,                0.82245,                0.66311,                0.70224,                0.46369,                 1.4966,                0.10652,               0.008317,               0.008317,               0.008317,                0.57286,                0.99361,                0.98414,                0.68597,                0.62868,                0.73583,                0.64874,                0.73637,                0.39464,                0.13986,                0.38018,                0.62553,                0.41125,                      1,               0.063909,                0.54899,                0.95776,                0.68814,                0.66612,                0.66806,                0.68895,                  0.605,                 0.6716,                0.34073,                0.16433,                0.50017,                0.60313,                0.41125,                      1,                0.62671,               0.012216,                0.11298,                0.79461,                0.58251,                0.31788,                0.48052,                0.26925,                0.73075,                0.73075,                      1
                     19,                0.73328,                0.50065,                  1.388,                0.10325,                0.76998,                0.74409,                0.78693,                0.62857,                0.72269,                0.49047,                 1.5011,                0.10746,               0.008218,               0.008218,               0.008218,                0.57305,                0.99281,                0.98087,                0.68737,                 0.6311,                0.73771,                0.64934,                0.73833,                0.38587,                0.14005,                0.37967,                0.62794,                 0.4119,                      1,                0.07522,                0.55008,                0.95555,                  0.678,                0.66739,                0.67025,                0.68444,                0.60437,                0.66562,                0.33565,                0.16513,                0.50228,                0.60533,                 0.4119,                      1,                0.63179,               0.012657,                0.11308,                0.79539,                0.58309,                0.31416,                0.48278,                0.26781,                0.73219,                0.73219,                      1
                     20,                0.73386,                 0.5022,                 1.3804,                0.10316,                0.80493,                0.79931,                0.83905,                0.68389,                0.68802,                0.44222,                 1.4532,                0.10652,               0.008119,               0.008119,               0.008119,                0.57261,                0.99088,                0.97192,                0.68707,                0.63036,                0.74069,                0.64927,                0.74054,                0.38339,                 0.1396,                0.38104,                0.62781,                0.41087,                      1,               0.098773,                0.54698,                0.95696,                0.67986,                0.66741,                0.66996,                0.68333,                0.60288,                0.66518,                 0.3338,                0.16549,                0.50036,                0.60607,                0.41087,                      1,                0.62445,                0.01219,                0.11281,                 0.7947,                0.58365,                0.31478,                0.48214,                  0.265,                  0.735,                  0.735,                      1
                     21,                 0.7324,                0.49554,                 1.3843,                0.10263,                0.80487,                0.79215,                0.84375,                0.68874,                0.68841,                0.44507,                 1.4574,                0.10605,                0.00802,                0.00802,                0.00802,                0.56868,                0.98977,                0.96974,                0.68516,                0.62978,                0.73805,                 0.6458,                0.73793,                 0.3904,                   0.14,                0.38151,                0.62678,                0.41142,                      1,                0.10839,                0.54344,                0.95469,                0.66584,                0.66657,                0.67064,                0.68133,                0.59798,                0.66184,                 0.3461,                0.16818,                0.50534,                0.59945,                0.41142,                      1,                0.65096,               0.013077,                0.11205,                0.79071,                0.58415,                0.31647,                0.48313,                0.26913,                0.73087,                0.73087,                      1
                     22,                0.72458,                0.49495,                  1.379,                0.10249,                0.81117,                0.79452,                0.84302,                0.68661,                0.68263,                0.43845,                 1.4765,                0.10619,               0.007921,               0.007921,               0.007921,                 0.5664,                0.98927,                0.96579,                0.68471,                0.62933,                0.73736,                0.64456,                0.73764,                0.39407,                 0.1396,                0.38155,                0.62638,                0.41097,                      1,                0.11408,                0.54056,                0.95345,                0.66512,                0.66591,                 0.6695,                0.68308,                0.59777,                0.66343,                0.34977,                0.16673,                0.50309,                0.60209,                0.41097,                      1,                0.65881,               0.012617,                0.11156,                0.78964,                0.58597,                0.31677,                 0.4841,                0.26788,                0.73212,                0.73212,                      1
                     23,                0.72666,                0.49287,                 1.3901,                0.10178,                0.80634,                0.77211,                0.83667,                 0.6817,                0.68587,                0.44542,                  1.454,                0.10683,               0.007822,               0.007822,               0.007822,                0.56307,                0.98614,                0.94789,                 0.6845,                0.63119,                 0.7356,                0.64055,                  0.735,                0.39031,                0.14018,                0.38265,                0.62173,                0.41293,                      1,                0.16679,                 0.5321,                0.95436,                 0.6809,                0.66553,                0.66738,                0.68785,                0.59122,                0.66965,                 0.3513,                0.16575,                0.49877,                0.59185,                0.41293,                      1,                0.63962,               0.012381,                0.11055,                0.78492,                0.58417,                0.31415,                0.48545,                0.27255,                0.72745,                0.72745,                      1
                     24,                0.72324,                0.48939,                 1.3839,                 0.1012,                0.79956,                0.79701,                0.84453,                0.68909,                0.68284,                0.43788,                 1.4623,                0.10542,               0.007723,               0.007723,               0.007723,                 0.5577,                 0.9856,                0.94481,                0.68299,                0.62862,                0.74153,                0.63765,                0.74013,                0.39992,                0.13956,                0.38132,                0.62081,                0.41152,                      1,                0.18094,                0.52703,                0.95826,                0.67367,                0.66354,                0.66507,                0.68602,                0.58529,                0.66767,                0.36501,                0.16646,                 0.4982,                0.58995,                0.41152,                      1,                0.65128,               0.012466,                0.10949,                0.78039,                0.58644,                0.31583,                0.48597,                0.26796,                0.73204,                0.73204,                      1
                     25,                0.71975,                0.48213,                 1.3835,                0.10125,                0.81709,                0.80385,                0.85597,                0.69964,                0.68126,                0.43083,                 1.4503,                 0.1058,               0.007624,               0.007624,               0.007624,                0.55701,                0.98543,                0.93998,                0.68205,                0.62965,                0.73874,                0.63649,                0.73758,                0.40009,                0.13909,                  0.384,                0.61962,                0.41332,                      1,                0.19131,                0.52991,                0.95774,                0.67875,                0.66465,                0.66562,                0.68655,                0.58827,                0.66979,                0.35794,                0.16542,                0.49698,                0.59266,                0.41332,                      1,                0.64563,               0.011935,                 0.1096,                0.78083,                0.58158,                0.31321,                0.48275,                0.27035,                0.72965,                0.72965,                      1
                     26,                0.71729,                0.48055,                  1.384,                0.10148,                0.79234,                0.81805,                0.84926,                0.69624,                0.67969,                0.42818,                 1.4578,                0.10533,               0.007525,               0.007525,               0.007525,                0.56229,                0.98668,                0.94341,                 0.6851,                0.62927,                0.74084,                0.64034,                0.73934,                0.39526,                0.14013,                0.38047,                0.61794,                0.41188,                      1,                0.17942,                0.52995,                0.95981,                0.67952,                0.66462,                0.66477,                0.68598,                0.58706,                0.66929,                0.35857,                0.16613,                0.49526,                0.58839,                0.41188,                      1,                0.64121,               0.012509,                 0.1103,                0.78286,                0.58325,                0.31482,                0.48273,                0.26711,                0.73289,                0.73289,                      1
                     27,                0.71233,                0.47976,                 1.3759,                0.10088,                0.79803,                0.80798,                0.84375,                0.68939,                0.68141,                0.43554,                 1.4648,                0.10544,               0.007426,               0.007426,               0.007426,                0.55579,                0.98317,                0.92581,                0.68206,                0.63014,                0.73663,                0.63431,                 0.7341,                0.39585,                0.13925,                0.38413,                0.61722,                0.41334,                      1,                0.21653,                0.52631,                0.96333,                0.68758,                0.66322,                0.66232,                0.68702,                0.58519,                0.67292,                0.35945,                0.16321,                 0.4906,                0.58698,                0.41334,                      1,                0.63334,               0.011435,                0.10919,                0.77815,                0.58636,                0.31113,                 0.4875,                0.27029,                0.72971,                0.72971,                      1
                     28,                0.71289,                0.47721,                 1.3736,                0.10062,                0.81549,                0.79423,                0.84838,                 0.6943,                 0.6774,                0.43296,                 1.4397,                0.10507,               0.007327,               0.007327,               0.007327,                0.55296,                0.98314,                0.92448,                0.68126,                0.62792,                 0.7396,                0.63191,                0.73691,                0.40065,                0.14172,                0.38144,                0.61943,                0.41199,                      1,                0.22913,                0.52565,                0.96482,                0.68725,                0.66233,                0.66067,                0.68907,                0.58374,                 0.6743,                0.36578,                0.16521,                0.48994,                0.58946,                0.41199,                      1,                0.63922,               0.011593,                0.10877,                0.77556,                0.58155,                 0.3163,                0.48049,                0.26975,                0.73025,                0.73025,                      1
                     29,                0.71257,                0.47675,                 1.3828,                0.10002,                0.80749,                 0.8073,                0.84667,                0.69356,                0.67656,                0.42806,                 1.4647,                0.10496,               0.007228,               0.007228,               0.007228,                 0.5491,                0.98184,                0.90878,                0.68014,                0.62757,                 0.7388,                0.62966,                0.73574,                0.40537,                0.14039,                0.38388,                0.62049,                0.41077,                      1,                0.26238,                0.51525,                0.96825,                0.69897,                0.66057,                0.65852,                0.69493,                0.57549,                0.68172,                0.37312,                0.16528,                0.48762,                0.58201,                0.41077,                      1,                0.63453,               0.011391,                0.10756,                0.77108,                0.58478,                0.31724,                 0.4836,                 0.2677,                 0.7323,                 0.7323,                      1
                     30,                0.71025,                0.47491,                 1.3766,                0.09988,                0.80801,                0.80266,                0.84937,                 0.6962,                0.67477,                0.42566,                 1.4643,                0.10478,               0.007129,               0.007129,               0.007129,                0.54735,                 0.9817,                0.89865,                0.67993,                0.62701,                0.73604,                0.62749,                0.73249,                0.40481,                 0.1411,                0.38334,                0.61585,                0.40967,                      1,                0.27306,                 0.5185,                   0.97,                 0.7016,                0.66213,                0.65787,                0.69388,                0.57779,                0.68167,                0.36951,                0.16508,                0.48357,                0.58352,                0.40967,                      1,                0.62657,               0.010948,                0.10755,                0.77025,                0.58492,                0.31711,                 0.4819,                 0.2656,                 0.7344,                 0.7344,                      1
                     31,                0.71365,                0.47591,                 1.3821,                0.10006,                0.81819,                0.81683,                0.86385,                0.71048,                0.67186,                0.41944,                 1.4591,                0.10449,                0.00703,                0.00703,                0.00703,                0.54967,                0.98152,                0.89478,                0.68137,                0.63195,                0.73046,                0.62764,                0.72687,                0.39268,                 0.1413,                0.38652,                0.61795,                0.41353,                      1,                0.27634,                0.52095,                0.96839,                0.68372,                0.66288,                0.66084,                0.68554,                0.57744,                0.67285,                0.36968,                0.16439,                 0.4882,                0.58389,                0.41353,                      1,                0.64366,               0.010917,                0.10802,                 0.7713,                0.58411,                0.31215,                0.48683,                0.27151,                0.72849,                0.72849,                      1
                     32,                0.70854,                0.47068,                 1.3782,                0.10017,                0.81792,                0.80819,                 0.8591,                0.70593,                0.67217,                0.42114,                 1.4465,                0.10448,               0.006931,               0.006931,               0.006931,                0.55008,                0.98142,                0.89612,                0.68147,                0.63058,                0.73049,                 0.6287,                0.72689,                0.39505,                0.14131,                 0.3845,                0.62021,                0.41267,                      1,                0.26953,                0.52023,                0.97245,                0.69536,                0.66302,                0.65818,                0.68839,                0.57823,                0.67732,                0.36862,                0.16293,                0.48328,                0.58726,                0.41267,                      1,                0.62856,               0.010477,                0.10803,                0.77182,                0.58191,                0.31099,                 0.4821,                0.27009,                0.72991,                0.72991,                      1
                     33,                0.70778,                0.47012,                 1.3732,                0.09903,                0.81217,                0.82784,                0.86064,                0.70651,                0.67014,                0.41816,                 1.4567,                0.10377,               0.006832,               0.006832,               0.006832,                0.54159,                 0.9804,                0.88436,                0.67734,                0.62758,                0.73361,                0.62161,                0.72923,                0.40681,                0.14144,                0.38746,                0.61173,                0.41145,                      1,                0.30798,                0.51159,                0.97303,                0.69724,                0.66053,                0.65519,                0.69275,                0.57075,                0.68255,                0.38232,                0.16477,                0.48161,                0.57839,                0.41145,                      1,                0.64264,               0.010263,                0.10632,                0.76385,                0.58508,                0.31604,                0.48374,                0.26914,                0.73086,                0.73086,                      1
                     34,                0.70369,                0.46612,                  1.374,                0.09987,                0.81198,                0.81644,                0.85761,                0.70477,                0.67065,                0.42053,                 1.4569,                0.10379,               0.006733,               0.006733,               0.006733,                0.54837,                0.97954,                0.88158,                0.68161,                0.63219,                0.73181,                0.62685,                0.72667,                0.39032,                0.14134,                0.38775,                0.61611,                0.41267,                      1,                0.29598,                 0.5188,                 0.9751,                0.69881,                0.66314,                0.65739,                 0.6897,                 0.5757,                0.68052,                 0.3691,                0.16227,                0.47818,                0.58384,                0.41267,                      1,                0.62965,              0.0097471,                 0.1077,                0.76995,                0.58807,                0.30975,                0.48939,                0.26453,                0.73547,                0.73547,                      1
                     35,                0.70675,                0.46649,                 1.3758,                0.09913,                0.80564,                  0.826,                 0.8571,                0.70556,                0.67059,                0.41813,                 1.4552,                0.10333,               0.006634,               0.006634,               0.006634,                0.54224,                0.97799,                0.87708,                0.67848,                  0.628,                0.73482,                0.62132,                0.72919,                0.40388,                0.14228,                0.38832,                0.61338,                 0.4107,                      1,                0.32123,                  0.515,                0.97517,                0.69567,                0.66215,                0.65596,                0.69054,                0.57083,                 0.6801,                0.37754,                0.16616,                0.47999,                0.58526,                 0.4107,                      1,                0.63716,              0.0098702,                0.10663,                0.76382,                 0.5855,                 0.3166,                0.48359,                0.26605,                0.73395,                0.73395,                      1
                     36,                0.69985,                0.46022,                 1.3704,                0.09865,                0.80593,                0.82499,                  0.855,                0.70361,                0.66944,                0.41599,                 1.4586,                0.10346,               0.006535,               0.006535,               0.006535,                 0.5394,                 0.9776,                0.86623,                0.67625,                0.62933,                0.72697,                0.61675,                0.72131,                0.40127,                0.14357,                0.39204,                0.61349,                0.41276,                      1,                0.33208,                0.51553,                0.98325,                0.70007,                0.66013,                0.65265,                0.68793,                0.56802,                0.68139,                0.38346,                0.16456,                0.47527,                 0.5794,                0.41276,                      1,                0.63123,              0.0091022,                0.10629,                0.75978,                0.58016,                0.31457,                0.48024,                0.27131,                0.72869,                0.72869,                      1
                     37,                0.69475,                0.45766,                 1.3704,                0.09769,                 0.8228,                0.80315,                0.85559,                0.70581,                0.66603,                0.41571,                 1.4524,                0.10327,               0.006436,               0.006436,               0.006436,                0.53678,                 0.9788,                0.86304,                0.67573,                0.62719,                0.72844,                0.61307,                0.72287,                0.40958,                0.14541,                 0.3891,                0.59921,                0.41213,                      1,                0.34309,                0.50668,                0.98384,                 0.7121,                0.65771,                0.64878,                0.69465,                0.56031,                0.68869,                0.39385,                 0.1664,                0.47051,                0.56392,                0.41213,                      1,                0.62525,              0.0092396,                0.10535,                0.75408,                0.58323,                0.31809,                0.48254,                0.26958,                0.73042,                0.73042,                      1
                     38,                0.69811,                   0.46,                 1.3732,                0.09846,                0.81473,                0.82704,                0.85812,                0.70798,                0.66691,                0.41529,                 1.4495,                0.10325,               0.006337,               0.006337,               0.006337,                0.53993,                 0.9767,                0.86764,                0.67839,                0.63059,                0.73314,                0.61647,                 0.7269,                0.39487,                 0.1451,                0.38999,                0.60579,                0.41175,                      1,                0.33646,                0.51616,                0.98746,                0.71705,                0.66047,                0.64912,                0.69191,                0.56747,                0.68833,                  0.383,                0.16363,                  0.463,                0.57134,                0.41175,                      1,                0.60866,              0.0079819,                 0.1064,                0.75933,                0.58481,                0.31648,                0.48446,                0.26497,                0.73503,                0.73503,                      1
                     39,                0.69465,                0.45373,                 1.3785,                0.09831,                0.82036,                 0.8266,                0.86341,                 0.7115,                0.66645,                 0.4114,                 1.4599,                0.10298,               0.006238,               0.006238,               0.006238,                0.54008,                0.97496,                0.85881,                0.67821,                0.63253,                0.72328,                0.61518,                0.71645,                0.39332,                0.14525,                0.39244,                0.60516,                0.41424,                      1,                0.34393,                0.51455,                0.98755,                0.70908,                0.66223,                0.65151,                0.68653,                0.56415,                  0.683,                0.38343,                 0.1654,                0.46849,                0.57251,                0.41424,                      1,                0.61475,              0.0087424,                0.10631,                0.75789,                 0.5808,                0.31082,                0.48319,                 0.2765,                 0.7235,                 0.7235,                      1
                     40,                0.69347,                0.45562,                 1.3737,                0.09708,                0.83346,                0.81833,                0.86224,                0.71028,                0.66598,                0.41098,                  1.461,                0.10259,               0.006139,               0.006139,               0.006139,                 0.5294,                0.97482,                0.85578,                0.67439,                 0.6288,                0.72874,                0.60797,                 0.7214,                0.40802,                0.14392,                0.39204,                0.59944,                0.41111,                      1,                0.35316,                0.50429,                0.98798,                0.71817,                0.65924,                0.64805,                0.69357,                0.55428,                0.69013,                0.39565,                  0.165,                0.46308,                0.56653,                0.41111,                      1,                 0.6133,              0.0084622,                0.10421,                0.74888,                0.58941,                0.31381,                0.48782,                0.26736,                0.73264,                0.73264,                      1
                     41,                0.69278,                0.45046,                 1.3796,                0.09786,                0.82721,                0.83698,                0.86604,                0.71528,                0.66535,                   0.41,                 1.4566,                0.10256,                0.00604,                0.00604,                0.00604,                0.53685,                0.97461,                0.85533,                0.67866,                0.63102,                0.73074,                0.61264,                0.72325,                0.40173,                 0.1453,                0.39188,                0.60352,                0.41164,                      1,                0.35805,                0.50993,                0.98731,                0.72213,                0.66196,                0.64814,                0.69514,                0.56077,                0.69141,                0.38858,                0.16531,                0.45919,                0.56989,                0.41164,                      1,                0.60645,              0.0082685,                0.10558,                0.75453,                0.58428,                0.31387,                0.48399,                0.26561,                0.73439,                0.73439,                      1
                     42,                0.69101,                0.45142,                 1.3703,                0.09704,                0.83171,                 0.8287,                 0.8673,                0.71505,                 0.6652,                0.40881,                 1.4538,                0.10249,               0.005941,               0.005941,               0.005941,                  0.529,                0.97452,                0.84833,                0.67354,                0.62813,                0.72882,                0.60626,                 0.7219,                0.40945,                0.14537,                0.39523,                0.59948,                0.41059,                      1,                0.37573,                0.50763,                0.98852,                0.71927,                0.65955,                0.64613,                0.69463,                0.55689,                0.69206,                0.39516,                0.16603,                0.45898,                0.56579,                0.41059,                      1,                0.61756,              0.0078586,                0.10438,                0.74834,                0.58698,                0.31749,                 0.4847,                0.26751,                0.73249,                0.73249,                      1
                     43,                0.68559,                0.44805,                 1.3774,                0.09685,                0.82403,                0.83492,                0.86692,                0.71533,                0.66416,                0.40773,                 1.4603,                0.10236,               0.005842,               0.005842,               0.005842,                0.52839,                0.97565,                0.85383,                0.67502,                0.62983,                0.72907,                0.60445,                0.72265,                0.40956,                0.14616,                0.39173,                 0.6048,                0.41273,                      1,                0.37092,                0.50365,                 0.9885,                0.72598,                0.66005,                 0.6463,                0.69795,                0.55246,                0.69571,                0.39884,                0.16592,                0.45694,                0.56791,                0.41273,                      1,                0.61454,              0.0080676,                0.10403,                0.74595,                0.58307,                0.31414,                0.48378,                0.27165,                0.72835,                0.72835,                      1
                     44,                0.68718,                0.44562,                 1.3708,                0.09674,                0.83526,                 0.8261,                0.86689,                0.71561,                0.66339,                0.40715,                 1.4579,                0.10235,               0.005743,               0.005743,               0.005743,                0.52921,                 0.9742,                  0.853,                0.67538,                0.62818,                0.73024,                0.60445,                0.72356,                0.40963,                0.14698,                0.39096,                0.60062,                0.41076,                      1,                0.36956,                0.50583,                 0.9886,                0.72458,                0.65986,                0.64488,                0.69644,                 0.5521,                0.69446,                0.40172,                0.16698,                0.45595,                0.56401,                0.41076,                      1,                0.61209,              0.0081481,                0.10428,                0.74544,                 0.5845,                0.31797,                0.48238,                0.26775,                0.73225,                0.73225,                      1
                     45,                0.69194,                0.44924,                 1.3726,                 0.0966,                0.83059,                0.83107,                0.86517,                0.71636,                0.66283,                 0.4077,                 1.4538,                0.10222,               0.005644,               0.005644,               0.005644,                0.52906,                0.97319,                0.84165,                0.67456,                0.63026,                0.72503,                0.60356,                0.71689,                0.40799,                0.14591,                0.39548,                0.59668,                0.41177,                      1,                0.37377,                0.50448,                0.98843,                0.72373,                0.66063,                0.64554,                0.69395,                 0.5507,                0.69223,                0.40055,                0.16591,                0.45266,                0.56273,                0.41177,                      1,                0.60562,              0.0075353,                0.10417,                0.74478,                0.58417,                0.31455,                0.48407,                0.26665,                0.73335,                0.73335,                      1
                     46,                0.68681,                0.44541,                 1.3785,                 0.0958,                0.83003,                0.82654,                0.86388,                0.71497,                0.66328,                0.40835,                 1.4542,                0.10207,               0.005545,               0.005545,               0.005545,                0.52079,                0.97332,                0.84208,                0.67232,                0.62829,                0.73145,                0.59807,                 0.7235,                0.41553,                0.14591,                0.39633,                 0.5925,                0.41022,                      1,                0.39347,                0.49925,                0.98693,                0.73023,                0.65989,                0.64355,                0.69961,                0.54569,                0.69789,                0.40749,                0.16689,                0.45032,                0.55934,                0.41022,                      1,                0.60787,              0.0074621,                0.10272,                0.73896,                0.58842,                0.31642,                0.48644,                0.26433,                0.73567,                0.73567,                      1
                     47,                0.68567,                0.44237,                 1.3692,                0.09625,                 0.8384,                0.82054,                 0.8621,                0.71424,                0.66246,                0.40817,                 1.4534,                0.10195,               0.005446,               0.005446,               0.005446,                0.52445,                0.97287,                0.84655,                0.67342,                0.62727,                0.73212,                0.60053,                0.72439,                0.41189,                0.14665,                0.39341,                0.59779,                0.40971,                      1,                0.38482,                0.50392,                 0.9872,                0.72153,                0.66034,                0.64409,                0.69459,                0.54899,                0.69261,                 0.4039,                0.16833,                0.45345,                0.56506,                0.40971,                      1,                0.61224,              0.0078643,                0.10352,                0.74157,                0.58445,                0.31771,                0.48138,                0.26457,                0.73543,                0.73543,                      1
                     48,                0.68445,                0.44343,                 1.3725,                 0.0962,                0.83946,                0.82109,                0.86077,                0.71297,                0.66155,                0.40816,                 1.4555,                0.10187,               0.005347,               0.005347,               0.005347,                0.52409,                0.97234,                0.83295,                0.67399,                0.63182,                0.72415,                0.59848,                0.71591,                0.40434,                0.14698,                0.39884,                 0.6025,                 0.4125,                      1,                0.39719,                0.50465,                0.98758,                0.71902,                 0.6623,                0.64753,                0.69347,                0.54679,                0.69236,                0.39999,                0.16814,                0.45359,                0.56474,                 0.4125,                      1,                0.61977,               0.007476,                0.10352,                0.74052,                 0.5855,                0.31155,                0.48605,                 0.2686,                 0.7314,                 0.7314,                      1
                     49,                0.68055,                0.43819,                 1.3694,                0.09609,                0.83118,                0.82874,                0.86391,                0.71535,                 0.6617,                 0.4067,                 1.4596,                0.10181,               0.005248,               0.005248,               0.005248,                0.52566,                0.97147,                0.84028,                0.67458,                0.63002,                0.72823,                0.59933,                0.71953,                0.40956,                 0.1472,                0.39522,                0.59647,                0.41145,                      1,                0.38895,                0.50165,                0.98661,                0.72907,                0.66198,                0.64386,                0.69766,                0.54699,                0.69727,                0.40589,                0.16726,                0.44821,                0.55992,                0.41145,                      1,                 0.6102,              0.0074834,                0.10353,                0.74054,                 0.5864,                0.31304,                0.48536,                0.26753,                0.73247,                0.73247,                      1
                     50,                0.67598,                  0.434,                 1.3669,                0.09566,                0.82825,                0.83072,                0.86345,                0.71521,                0.66158,                0.40669,                 1.4596,                0.10169,               0.005149,               0.005149,               0.005149,                0.52083,                0.97107,                0.83816,                0.67274,                0.63003,                0.73052,                0.59507,                 0.7217,                0.41087,                0.14777,                0.39722,                 0.5969,                0.41178,                      1,                0.39976,                0.49985,                0.98715,                0.72646,                0.66189,                0.64529,                0.69897,                0.54391,                0.69813,                 0.4042,                0.16989,                0.44933,                0.56167,                0.41178,                      1,                0.61984,              0.0074538,                0.10277,                0.73679,                0.58711,                0.31598,                0.48687,                0.26566,                0.73434,                0.73434,                      1
                     51,                0.67965,                0.43806,                 1.3699,                0.09618,                0.83059,                0.82934,                0.86531,                0.71652,                0.66125,                0.40612,                 1.4584,                0.10154,                0.00505,                0.00505,                0.00505,                0.52434,                0.97078,                0.83326,                0.67538,                0.63266,                 0.7268,                0.59774,                0.71833,                0.40446,                0.14611,                0.40002,                0.60367,                0.41128,                      1,                0.40061,                0.50184,                0.98754,                0.72175,                0.66391,                0.64738,                0.69528,                0.54644,                0.69398,                0.40192,                0.16825,                0.45075,                 0.5687,                0.41128,                      1,                0.61721,              0.0072876,                0.10337,                0.74003,                0.58864,                0.31115,                0.48808,                0.26565,                0.73435,                0.73435,                      1
                     52,                0.67563,                0.43415,                 1.3761,                0.09538,                0.82104,                0.84012,                0.86511,                 0.7163,                0.66131,                 0.4057,                 1.4591,                0.10149,               0.004951,               0.004951,               0.004951,                 0.5199,                0.97136,                  0.834,                0.67128,                0.62913,                 0.7272,                0.59344,                0.71879,                0.41484,                0.14774,                0.39995,                0.59355,                0.41096,                      1,                0.40644,                0.50095,                0.98699,                0.72246,                 0.6607,                0.64537,                0.69546,                0.54116,                0.69468,                0.41093,                0.17006,                0.45217,                0.55964,                0.41096,                      1,                0.61935,                0.00761,                0.10272,                0.73465,                0.58642,                0.31671,                0.48459,                0.26945,                0.73055,                0.73055,                      1
                     53,                0.67239,                0.42898,                 1.3747,                0.09574,                0.83081,                0.82941,                0.86553,                0.71685,                 0.6612,                0.40482,                 1.4606,                0.10146,               0.004852,               0.004852,               0.004852,                0.52212,                0.96994,                 0.8324,                  0.674,                0.63205,                0.72516,                0.59546,                0.71593,                0.40875,                0.14641,                0.39838,                0.59865,                0.41148,                      1,                0.39473,                 0.5009,                0.98595,                0.72067,                0.66336,                0.64718,                0.69398,                0.54183,                0.69304,                0.40656,                0.16887,                0.44889,                 0.5655,                0.41148,                      1,                0.61682,              0.0075709,                0.10301,                0.73685,                0.58905,                0.31202,                0.48919,                0.26612,                0.73388,                0.73388,                      1
                     54,                0.67005,                0.42955,                 1.3729,                0.09498,                0.83171,                0.82857,                0.86548,                0.71693,                0.66093,                0.40468,                 1.4604,                0.10139,               0.004753,               0.004753,               0.004753,                 0.5178,                0.97037,                 0.8288,                 0.6734,                0.63233,                0.72627,                0.59003,                 0.7174,                0.40981,                0.14855,                0.39908,                0.58757,                0.41316,                      1,                0.41448,                0.49798,                0.98585,                0.72186,                0.66294,                0.64641,                0.69626,                0.53865,                 0.6956,                0.40942,                0.16952,                0.44881,                0.55539,                0.41316,                      1,                0.62417,              0.0075644,                0.10224,                0.73216,                0.58807,                0.30999,                0.48928,                0.26888,                0.73112,                0.73112,                      1
                     55,                0.67256,                0.42701,                 1.3646,                0.09504,                0.82667,                0.83636,                0.86525,                0.71685,                0.66043,                0.40439,                 1.4599,                0.10132,               0.004654,               0.004654,               0.004654,                0.51705,                0.96974,                 0.8255,                0.67236,                0.63124,                0.72675,                0.59027,                0.71713,                0.41295,                0.14793,                0.40122,                0.58867,                0.41236,                      1,                0.41771,                0.49697,                0.98637,                0.72667,                0.66187,                0.64505,                 0.6992,                0.54071,                0.69829,                0.41006,                 0.1686,                0.44985,                0.55675,                0.41236,                      1,                0.61987,              0.0071677,                0.10207,                0.73271,                0.58737,                0.31247,                0.48769,                0.26573,                0.73427,                0.73427,                      1
                     56,                0.66778,                0.42618,                 1.3655,                0.09437,                0.83224,                0.83339,                 0.8654,                0.71789,                 0.6601,                0.40393,                 1.4598,                0.10131,               0.004555,               0.004555,               0.004555,                0.51325,                0.97057,                0.83045,                0.66988,                0.62694,                0.72843,                0.58632,                0.71961,                0.42334,                0.14859,                0.39836,                0.58959,                0.41087,                      1,                0.41391,                 0.4931,                0.98561,                0.73173,                0.65904,                0.64045,                0.69977,                0.53456,                0.70055,                0.41969,                0.16986,                0.44461,                0.55265,                0.41087,                      1,                0.61454,              0.0073499,                0.10131,                0.72693,                0.58748,                0.31619,                0.48532,                 0.2661,                 0.7339,                 0.7339,                      1
                     57,                0.66456,                0.42114,                 1.3648,                0.09477,                0.83136,                0.83283,                0.86622,                0.71838,                0.65979,                0.40346,                 1.4599,                0.10126,               0.004456,               0.004456,               0.004456,                0.51818,                 0.9708,                0.82594,                0.67204,                 0.6331,                0.72501,                0.58727,                0.71589,                0.40912,                0.14959,                0.40212,                0.58914,                 0.4151,                      1,                0.41863,                0.49849,                0.98551,                0.72748,                0.66227,                0.64636,                0.69718,                0.53723,                0.69755,                0.41126,                0.16958,                0.44816,                 0.5531,                 0.4151,                      1,                0.61669,                0.00718,                0.10232,                0.72997,                0.58533,                0.31095,                0.48852,                0.27019,                0.72981,                0.72981,                      1
                     58,                0.67182,                0.42385,                 1.3616,                0.09433,                0.82963,                 0.8327,                0.86652,                0.71889,                0.65966,                0.40313,                 1.4609,                0.10119,               0.004357,               0.004357,               0.004357,                0.51237,                0.97049,                0.82371,                 0.6706,                  0.631,                0.72702,                0.58483,                0.71815,                0.40991,                0.14981,                0.40164,                0.59144,                0.41045,                      1,                  0.424,                 0.4943,                0.98619,                0.72714,                0.66194,                0.64533,                0.69729,                0.53301,                0.69682,                0.41241,                0.17185,                0.44487,                0.55033,                0.41045,                      1,                0.61233,              0.0071748,                0.10127,                 0.7265,                0.58487,                0.31542,                0.48292,                0.26409,                0.73591,                0.73591,                      1
                     59,                0.67044,                 0.4233,                 1.3752,                0.09505,                0.83172,                0.82917,                0.86545,                0.71799,                0.65948,                0.40332,                 1.4611,                0.10117,               0.004258,               0.004258,               0.004258,                   0.52,                0.97016,                0.82101,                0.67275,                0.63382,                 0.7235,                0.58877,                0.71433,                0.40474,                0.15033,                0.40482,                0.59442,                0.41311,                      1,                0.42374,                0.49966,                0.98528,                0.72701,                0.66435,                0.64675,                0.69708,                0.53826,                0.69753,                0.40829,                0.17164,                0.44524,                 0.5573,                0.41311,                      1,                0.61722,               0.007056,                0.10264,                0.73146,                0.58584,                0.31285,                 0.4871,                0.26851,                0.73149,                0.73149,                      1
                     60,                0.67012,                0.42299,                 1.3658,                0.09476,                0.83093,                0.82882,                0.86491,                0.71775,                0.65924,                0.40303,                 1.4617,                0.10114,               0.004159,               0.004159,               0.004159,                0.51709,                0.97052,                0.82513,                0.67415,                0.63355,                0.72336,                0.58652,                0.71419,                0.40715,                 0.1515,                    0.4,                0.59389,                0.41226,                      1,                0.41613,                0.49569,                0.98606,                0.73024,                0.66371,                0.64578,                0.69824,                0.53629,                0.69779,                 0.4108,                0.17115,                0.44556,                0.55828,                0.41226,                      1,                0.61062,              0.0072835,                0.10199,                0.72918,                0.58144,                0.31277,                0.48168,                0.27125,                0.72875,                0.72875,                      1
                     61,                0.66449,                0.41859,                 1.3598,                0.09446,                0.83259,                 0.8278,                0.86457,                0.71784,                0.65889,                0.40307,                 1.4614,                0.10111,                0.00406,                0.00406,                0.00406,                0.51621,                0.97121,                0.82732,                0.67308,                0.63242,                 0.7256,                0.58566,                0.71738,                0.41199,                0.15032,                0.40081,                0.59248,                0.41316,                      1,                0.42174,                0.49263,                0.98511,                0.72595,                 0.6632,                 0.6462,                 0.6994,                0.53212,                0.69809,                0.41624,                0.17153,                0.44868,                0.55263,                0.41316,                      1,                0.62315,              0.0075402,                0.10167,                0.72706,                0.58484,                0.31234,                0.48588,                0.27106,                0.72894,                0.72894,                      1
                     62,                 0.6606,                0.41733,                 1.3613,                0.09424,                 0.8288,                0.82988,                0.86413,                0.71784,                0.65885,                0.40312,                 1.4616,                0.10107,               0.003961,               0.003961,               0.003961,                0.51305,                0.96768,                0.82163,                0.67284,                0.63241,                0.72726,                 0.5829,                0.71719,                0.41377,                0.15068,                0.40236,                0.59035,                0.41192,                      1,                0.43159,                0.49133,                0.98562,                0.74075,                0.66512,                0.64486,                0.70525,                0.53284,                0.70512,                0.41745,                0.17104,                0.44074,                 0.5571,                0.41192,                      1,                0.60769,               0.007051,                0.10116,                0.72535,                0.58284,                0.31373,                0.48236,                0.26776,                0.73224,                0.73224,                      1
                     63,                0.66471,                0.41798,                 1.3662,                0.09421,                0.83081,                0.82824,                0.86381,                 0.7174,                0.65875,                0.40313,                  1.462,                0.10101,               0.003862,               0.003862,               0.003862,                0.51253,                0.96853,                 0.8236,                0.67142,                0.63195,                0.72421,                0.58367,                0.71499,                0.41452,                0.14979,                 0.4023,                0.58727,                0.41256,                      1,                0.41852,                0.49217,                0.98546,                0.72535,                0.66311,                0.64549,                0.69841,                0.53273,                0.69658,                0.41641,                0.17144,                0.44617,                0.55297,                0.41256,                      1,                0.61807,              0.0072611,                0.10115,                0.72581,                0.58341,                0.31129,                0.48398,                0.26814,                0.73186,                0.73186,                      1
                     64,                0.66366,                0.41804,                 1.3696,                0.09449,                0.82964,                0.82642,                0.86312,                0.71699,                0.65861,                 0.4033,                 1.4632,                0.10096,               0.003763,               0.003763,               0.003763,                0.51296,                0.96934,                0.82119,                0.67339,                0.63403,                  0.727,                0.58298,                0.71672,                0.40483,                0.15204,                0.40208,                0.59252,                0.41087,                      1,                0.42793,                0.49923,                0.98525,                0.72538,                 0.6669,                0.64883,                0.69535,                0.53508,                0.69598,                0.40484,                 0.1735,                0.44456,                0.56132,                0.41087,                      1,                0.61471,              0.0069993,                0.10168,                0.72676,                0.58509,                0.31451,                 0.4838,                0.26564,                0.73436,                0.73436,                      1
                     65,                0.65743,                0.41275,                 1.3601,                0.09475,                0.83171,                0.82462,                0.86298,                0.71724,                 0.6585,                0.40331,                 1.4628,                0.10091,               0.003664,               0.003664,               0.003664,                0.51652,                0.96841,                0.82288,                0.67418,                0.63199,                0.72829,                0.58588,                0.71823,                0.40522,                0.15208,                0.40096,                0.59368,                0.40881,                      1,                  0.422,                0.49731,                0.98515,                0.73388,                0.66563,                0.64419,                0.70181,                0.53808,                0.70076,                0.41042,                0.17231,                0.43969,                0.56029,                0.40881,                      1,                0.60701,              0.0069253,                0.10202,                0.72896,                0.58724,                0.31804,                 0.4829,                0.26104,                0.73896,                0.73896,                      1
                     66,                 0.6563,                0.41174,                 1.3641,                 0.0937,                0.83548,                0.82233,                0.86271,                 0.7168,                0.65847,                0.40326,                 1.4632,                0.10087,               0.003565,               0.003565,               0.003565,                0.51001,                0.96803,                0.82262,                0.67144,                 0.6315,                0.72855,                0.58018,                0.71815,                0.41547,                0.15058,                0.40282,                0.58862,                0.41077,                      1,                0.42944,                0.48745,                0.98472,                0.72962,                0.66261,                0.64452,                0.70094,                0.52669,                0.70068,                0.42046,                0.17259,                0.44418,                0.55075,                0.41077,                      1,                0.62068,              0.0074147,                 0.1005,                0.72131,                0.58706,                0.31411,                0.48546,                0.26571,                0.73429,                0.73429,                      1
                     67,                0.66184,                0.41128,                 1.3575,                0.09361,                0.83479,                0.82172,                0.86261,                0.71611,                0.65837,                0.40329,                 1.4637,                0.10084,               0.003466,               0.003466,               0.003466,                0.50997,                0.96706,                0.81632,                0.67058,                0.63234,                0.72489,                0.57896,                0.71442,                0.41512,                0.15105,                0.40409,                0.58473,                0.41153,                      1,                0.43493,                0.48757,                0.98502,                0.72893,                0.66187,                0.64421,                0.70071,                0.52736,                0.69989,                0.42381,                0.17123,                0.44332,                 0.5517,                0.41153,                      1,                0.62023,              0.0070542,                 0.1005,                0.72083,                0.58394,                0.31408,                  0.483,                0.26719,                0.73281,                0.73281,                      1
                     68,                0.65463,                0.40636,                  1.363,                0.09282,                 0.8344,                0.82198,                0.86235,                0.71594,                0.65835,                0.40328,                 1.4641,                0.10079,               0.003367,               0.003367,               0.003367,                0.50342,                0.96927,                0.81833,                 0.6691,                0.63134,                0.72765,                0.57256,                0.71776,                0.42132,                 0.1515,                0.40437,                0.58042,                0.41233,                      1,                0.44215,                0.48402,                0.98501,                0.73438,                0.66148,                0.64354,                0.70347,                0.52313,                 0.7028,                0.42483,                0.17158,                0.44197,                 0.5471,                0.41233,                      1,                0.61626,              0.0068964,               0.099392,                0.71494,                0.58972,                 0.3131,                0.48977,                0.26733,                0.73267,                0.73267,                      1
                     69,                0.65452,                0.40627,                 1.3644,                0.09393,                0.83647,                0.82132,                0.86218,                0.71554,                0.65824,                0.40327,                 1.4645,                0.10075,               0.003268,               0.003268,               0.003268,                0.51278,                 0.9686,                0.81852,                0.67226,                0.63338,                0.72361,                0.58059,                0.71424,                0.41115,                0.15269,                0.40371,                0.58845,                0.41234,                      1,                0.43446,                  0.491,                0.98523,                0.73102,                0.66261,                0.64445,                0.69983,                0.52991,                0.69972,                0.42044,                0.17158,                0.44453,                0.55169,                0.41234,                      1,                0.61576,              0.0070268,                 0.1011,                0.72296,                0.58192,                0.31304,                  0.482,                0.27151,                0.72849,                0.72849,                      1
                     70,                0.65291,                0.40455,                 1.3501,                0.09377,                0.83135,                0.82416,                0.86175,                0.71568,                0.65822,                0.40338,                 1.4646,                0.10071,               0.003169,               0.003169,               0.003169,                0.51118,                0.96804,                 0.8191,                0.67132,                 0.6316,                0.72589,                0.57997,                0.71573,                0.41462,                0.15187,                0.40297,                0.58474,                0.41114,                      1,                0.43112,                0.49071,                0.98465,                0.73144,                0.66382,                0.64464,                0.70032,                0.52954,                0.70025,                0.41807,                0.17336,                0.44084,                0.55016,                0.41114,                      1,                0.61439,              0.0071186,                0.10087,                0.72215,                 0.5834,                0.31493,                0.48166,                0.26644,                0.73356,                0.73356,                      1
                     71,                0.65135,                0.40582,                 1.3568,                0.09344,                 0.8307,                0.82564,                0.86217,                0.71604,                0.65824,                0.40321,                  1.465,                0.10069,                0.00307,                0.00307,                0.00307,                0.50894,                0.96687,                0.81604,                0.67128,                0.63251,                0.72395,                0.57798,                0.71288,                0.41825,                0.15184,                0.40553,                0.58441,                0.41267,                      1,                0.43521,                0.48732,                 0.9855,                0.72943,                0.66313,                0.64414,                0.69871,                0.52528,                0.69912,                0.42462,                0.17315,                0.44309,                0.54944,                0.41267,                      1,                0.61753,              0.0071559,                0.10035,                0.71951,                0.58313,                0.31415,                0.48403,                0.27088,                0.72912,                0.72912,                      1
                     72,                0.65028,                0.40161,                 1.3531,                 0.0927,                0.82077,                0.83322,                0.86169,                0.71595,                0.65819,                0.40332,                 1.4652,                0.10067,               0.002971,               0.002971,               0.002971,                0.50302,                0.96955,                0.81984,                0.67038,                0.63207,                0.72704,                0.57162,                0.71753,                0.42282,                0.15257,                0.40347,                0.57601,                0.41351,                      1,                0.44347,                0.48641,                 0.9849,                  0.728,                0.66275,                 0.6447,                0.69885,                0.52276,                 0.6998,                0.42857,                0.17311,                0.44419,                0.54394,                0.41351,                      1,                0.62425,              0.0070413,               0.099497,                0.71441,                0.58207,                0.31324,                0.48393,                0.27182,                0.72818,                0.72818,                      1
                     73,                0.64623,                0.39806,                 1.3585,                0.09302,                0.82089,                0.83412,                0.86185,                0.71618,                0.65817,                0.40329,                 1.4653,                0.10064,               0.002872,               0.002872,               0.002872,                0.50596,                0.96884,                 0.8175,                0.67111,                0.63271,                0.72493,                0.57434,                0.71535,                0.41882,                0.15202,                0.40307,                0.57863,                0.41249,                      1,                 0.4366,                0.48505,                0.98538,                0.73651,                0.66406,                0.64435,                0.70129,                0.52466,                0.70139,                  0.424,                0.17272,                0.43679,                0.54539,                0.41249,                      1,                0.60555,              0.0069824,               0.099798,                0.71693,                0.58578,                0.31311,                0.48656,                0.26819,                0.73181,                0.73181,                      1
                     74,                0.64494,                0.39713,                 1.3571,                0.09299,                0.82013,                0.83563,                0.86163,                0.71592,                0.65816,                0.40324,                 1.4657,                0.10062,               0.002773,               0.002773,               0.002773,                0.50511,                0.96767,                0.81898,                0.67056,                0.63214,                 0.7275,                0.57469,                0.71747,                   0.42,                0.15199,                0.40266,                0.57265,                0.41198,                      1,                0.43859,                0.48692,                0.98594,                0.73379,                0.66392,                0.64444,                0.70293,                0.52616,                0.70284,                0.42378,                0.17318,                0.43955,                0.54195,                0.41198,                      1,                0.61783,               0.006852,               0.099809,                0.71757,                0.58746,                 0.3139,                0.48742,                0.26686,                0.73314,                0.73314,                      1
                     75,                0.64545,                0.39756,                 1.3527,                0.09323,                0.82172,                0.83502,                0.86168,                0.71583,                0.65811,                 0.4032,                 1.4657,                0.10059,               0.002674,               0.002674,               0.002674,                0.50727,                0.96767,                0.81753,                0.67143,                0.63347,                0.72736,                0.57584,                0.71683,                0.41668,                0.15211,                0.40544,                0.58418,                0.41258,                      1,                 0.4401,                0.48452,                 0.9843,                0.73044,                0.66285,                 0.6444,                0.70154,                0.52463,                0.70002,                0.42629,                0.17261,                0.44222,                0.54622,                0.41258,                      1,                0.61642,              0.0069932,               0.099938,                0.71805,                 0.5858,                0.31323,                0.48641,                0.26682,                0.73318,                0.73318,                      1
                     76,                0.64293,                0.39554,                 1.3506,                0.09336,                0.82213,                  0.836,                 0.8617,                0.71554,                0.65807,                0.40309,                 1.4662,                0.10056,               0.002575,               0.002575,               0.002575,                0.50887,                0.96872,                0.81717,                0.67321,                0.63532,                0.72493,                0.57509,                0.71533,                 0.4126,                0.15347,                0.40428,                0.58239,                0.41331,                      1,                0.44202,                0.48899,                0.98541,                0.73587,                0.66496,                0.64573,                0.70124,                0.52783,                0.70126,                0.42075,                0.17249,                0.44064,                  0.547,                0.41331,                      1,                0.60837,              0.0067358,                0.10045,                0.71903,                0.58322,                  0.311,                0.48439,                0.27146,                0.72854,                0.72854,                      1
                     77,                0.64264,                0.39332,                 1.3492,                0.09307,                0.82304,                0.83471,                 0.8616,                0.71538,                0.65804,                0.40294,                 1.4667,                0.10054,               0.002476,               0.002476,               0.002476,                0.50589,                0.96786,                0.81172,                 0.6712,                0.63297,                0.72742,                0.57363,                0.71672,                0.41781,                0.15329,                0.40588,                0.57997,                0.41049,                      1,                0.45109,                0.48787,                0.98501,                0.72423,                0.66365,                0.64572,                0.69987,                0.52468,                0.69928,                0.42682,                0.17391,                0.44354,                0.55093,                0.41049,                      1,                0.62949,               0.006877,               0.099977,                0.71662,                0.58397,                0.31739,                0.48191,                0.26341,                0.73659,                0.73659,                      1
                     78,                0.64158,                0.39101,                 1.3524,                0.09277,                0.82305,                0.83516,                0.86154,                0.71538,                0.65797,                0.40284,                 1.4672,                0.10051,               0.002377,               0.002377,               0.002377,                 0.5032,                0.96837,                0.81286,                0.66931,                0.63355,                0.72605,                0.57071,                0.71577,                0.42005,                0.15227,                0.40671,                0.58261,                0.41246,                      1,                0.45023,                0.48532,                0.98583,                0.73278,                0.66266,                0.64551,                0.70261,                0.52249,                0.70234,                0.42531,                0.17339,                0.44193,                0.54803,                0.41246,                      1,                0.61909,              0.0070149,               0.099449,                0.71402,                0.58455,                0.31294,                0.48517,                0.26774,                0.73226,                0.73226,                      1
                     79,                0.64233,                0.39249,                 1.3513,                0.09263,                0.82283,                0.83637,                 0.8613,                0.71562,                0.65796,                 0.4028,                 1.4674,                0.10048,               0.002278,               0.002278,               0.002278,                0.50338,                0.96724,                0.81127,                0.67023,                0.63467,                0.72306,                0.56996,                0.71347,                0.41846,                0.15327,                0.40732,                0.57999,                0.41414,                      1,                0.45469,                0.48527,                0.98576,                0.72722,                0.66357,                0.64659,                0.69933,                0.52019,                0.69928,                0.42638,                0.17496,                0.44357,                0.54704,                0.41414,                      1,                0.62536,              0.0070675,               0.099468,                0.71303,                 0.5807,                0.31269,                 0.4835,                0.27427,                0.72573,                0.72573,                      1
                     80,                0.63693,                0.38904,                 1.3479,                0.09316,                0.82445,                0.83576,                0.86101,                0.71562,                 0.6579,                0.40283,                 1.4676,                0.10046,               0.002179,               0.002179,               0.002179,                0.50594,                0.96734,                0.81574,                0.67144,                 0.6342,                0.72701,                0.57385,                0.71641,                0.41484,                0.15303,                0.40539,                0.58658,                0.41155,                      1,                0.44513,                0.48735,                0.98537,                0.73034,                0.66367,                0.64589,                 0.7016,                0.52389,                 0.7013,                0.42241,                 0.1739,                0.44212,                0.55134,                0.41155,                      1,                  0.622,              0.0070702,               0.099949,                0.71673,                0.58564,                0.31607,                0.48477,                0.26803,                0.73197,                0.73197,                      1
                     81,                0.63707,                0.38593,                 1.3534,                0.09233,                0.82257,                0.83794,                0.86084,                0.71543,                0.65789,                0.40284,                 1.4679,                0.10044,                0.00208,                0.00208,                0.00208,                0.50223,                0.96817,                0.80398,                0.66766,                0.63215,                0.72088,                0.56793,                0.71156,                0.42407,                0.15378,                 0.4103,                0.58008,                0.41341,                      1,                0.46636,                0.48238,                0.98701,                0.72593,                0.66051,                0.64318,                0.69945,                0.51861,                0.69939,                0.43271,                0.17396,                0.44472,                0.54553,                0.41341,                      1,                  0.629,              0.0069736,               0.099122,                0.71044,                0.58163,                0.31436,                0.48282,                0.27375,                0.72625,                0.72625,                      1
                     82,                0.63868,                0.38784,                 1.3428,                0.09277,                0.82275,                0.83916,                0.86088,                0.71531,                0.65791,                0.40283,                 1.4681,                0.10042,               0.001981,               0.001981,               0.001981,                0.50335,                0.96676,                0.80252,                 0.6695,                0.63488,                0.71985,                0.56934,                0.70897,                 0.4159,                0.15384,                0.41028,                0.58445,                0.41275,                      1,                 0.4578,                0.48686,                0.98607,                0.72319,                0.66499,                0.64896,                0.69583,                 0.5212,                0.69565,                0.42147,                  0.177,                0.44533,                0.55557,                0.41275,                      1,                 0.6217,               0.007022,                0.09957,                0.71318,                0.58411,                0.31384,                0.48519,                0.27137,                0.72863,                0.72863,                      1
                     83,                0.63254,                0.38273,                  1.343,                0.09277,                0.82263,                0.84021,                0.86073,                 0.7154,                0.65783,                0.40292,                 1.4683,                 0.1004,               0.001882,               0.001882,               0.001882,                0.50552,                0.96615,                0.80637,                0.67036,                0.63403,                0.72175,                 0.5707,                0.71068,                0.41843,                0.15403,                 0.4079,                 0.5767,                0.41312,                      1,                0.45521,                0.48691,                0.98512,                0.72665,                0.66473,                0.64599,                0.69735,                0.52398,                 0.6963,                0.42451,                0.17517,                0.44226,                0.54509,                0.41312,                      1,                0.61527,              0.0067775,               0.099864,                0.71463,                0.58188,                0.31374,                0.48286,                0.27249,                0.72751,                0.72751,                      1
                     84,                0.63459,                0.38571,                 1.3477,                0.09297,                0.82307,                0.83999,                0.86038,                0.71538,                0.65782,                0.40297,                 1.4685,                0.10037,               0.001783,               0.001783,               0.001783,                0.50566,                0.96531,                0.79682,                0.67116,                0.63464,                0.71971,                0.57072,                0.70835,                0.42052,                0.15293,                0.41079,                 0.5882,                0.41202,                      1,                0.46659,                 0.4849,                0.98603,                0.72586,                0.66637,                0.64682,                 0.6988,                0.52252,                0.69827,                0.42731,                0.17434,                0.44189,                0.55838,                0.41202,                      1,                0.62285,              0.0067437,               0.099748,                0.71433,                 0.5863,                0.31311,                0.48639,                 0.2679,                 0.7321,                 0.7321,                      1
                     85,                0.63443,                 0.3825,                 1.3469,                 0.0924,                0.82059,                0.84253,                0.86018,                0.71516,                0.65783,                0.40305,                 1.4688,                0.10035,               0.001684,               0.001684,               0.001684,                0.50182,                0.96801,                0.81294,                0.67013,                0.63174,                 0.7279,                0.56911,                0.71719,                0.42217,                 0.1538,                0.40457,                0.57796,                0.41011,                      1,                 0.4498,                0.48001,                0.98563,                0.73996,                0.66278,                0.64198,                 0.7072,                 0.5205,                0.70667,                0.43171,                0.17328,                0.43696,                0.54543,                0.41011,                      1,                0.61371,              0.0065968,               0.098909,                0.71169,                0.58638,                0.31682,                0.48429,                0.26368,                0.73632,                0.73632,                      1
                     86,                0.62916,                0.37986,                 1.3471,                0.09193,                0.82154,                 0.8413,                0.86011,                0.71503,                0.65786,                  0.403,                 1.4691,                0.10034,               0.001585,               0.001585,               0.001585,                0.49764,                0.96676,                 0.8061,                0.66929,                0.63419,                0.72637,                0.56477,                 0.7157,                0.42408,                0.15347,                0.40933,                0.57617,                0.41333,                      1,                0.46974,                0.47769,                0.98547,                0.73529,                0.66285,                0.64504,                0.70696,                0.51666,                0.70646,                0.42932,                0.17398,                 0.4406,                0.54065,                0.41333,                      1,                  0.628,              0.0066368,               0.098198,                0.70819,                0.58704,                0.31339,                 0.4888,                0.26876,                0.73124,                0.73124,                      1
                     87,                0.62824,                0.37747,                 1.3378,                0.09202,                 0.8211,                0.83984,                0.85982,                0.71475,                0.65793,                0.40308,                 1.4693,                0.10032,               0.001486,               0.001486,               0.001486,                0.49853,                0.96817,                0.81205,                 0.6688,                0.63212,                0.72648,                0.56519,                0.71602,                0.42594,                0.15428,                0.40602,                0.57686,                0.41198,                      1,                0.45439,                0.48079,                0.98626,                0.72607,                0.66442,                0.64617,                0.70237,                0.51714,                0.70108,                0.43129,                0.17662,                0.44357,                0.54642,                0.41198,                      1,                0.63302,              0.0070329,               0.098523,                0.70838,                0.58568,                0.31539,                0.48522,                0.26849,                0.73151,                0.73151,                      1
                     88,                 0.6278,                0.37851,                 1.3452,                0.09256,                0.82027,                 0.8403,                0.85959,                0.71436,                0.65791,                0.40323,                 1.4696,                 0.1003,               0.001387,               0.001387,               0.001387,                0.50123,                0.96655,                0.80918,                0.67078,                0.63558,                0.72456,                0.56782,                0.71409,                0.41917,                 0.1531,                0.40904,                0.58305,                0.41292,                      1,                0.45878,                0.48485,                0.98581,                0.72988,                 0.6657,                0.64773,                0.70064,                0.52033,                0.70017,                0.42502,                0.17516,                0.44189,                0.55283,                0.41292,                      1,                0.62042,              0.0067333,               0.099154,                 0.7119,                0.58328,                0.31181,                0.48431,                0.27139,                0.72861,                0.72861,                      1
                     89,                 0.6252,                0.37507,                 1.3468,                0.09226,                0.82149,                0.83919,                0.85942,                0.71462,                0.65792,                0.40339,                 1.4701,                0.10028,               0.001288,               0.001288,               0.001288,                0.50009,                0.96782,                0.80884,                0.67148,                0.63453,                 0.7264,                0.56659,                 0.7165,                0.41608,                0.15522,                0.40678,                0.57833,                0.41097,                      1,                0.46135,                0.48069,                0.98517,                0.73208,                0.66507,                0.64604,                0.70474,                0.51839,                0.70326,                0.42601,                 0.1755,                0.43986,                0.54908,                0.41097,                      1,                0.62365,              0.0066158,               0.098725,                0.71012,                0.58473,                0.31513,                0.48289,                0.26575,                0.73425,                0.73425,                      1
                     90,                0.62313,                0.37426,                 1.3386,                0.09203,                0.82431,                0.83446,                0.85917,                0.71442,                0.65798,                0.40346,                 1.4705,                0.10025,               0.001189,               0.001189,               0.001189,                0.49839,                0.96736,                0.80212,                0.66997,                0.63462,                0.72414,                0.56435,                0.71359,                0.42394,                0.15403,                0.40954,                0.58144,                0.41128,                      1,                0.46776,                0.47924,                0.98519,                0.72853,                0.66378,                0.64583,                0.70276,                0.51585,                0.70165,                0.43335,                0.17483,                0.44153,                0.54942,                0.41128,                      1,                  0.627,              0.0065242,               0.098401,                0.70778,                0.58666,                0.31467,                0.48609,                0.26479,                0.73521,                0.73521,                      1
                     91,                0.62327,                0.37184,                  1.336,                0.09187,                0.82561,                0.83354,                0.85895,                 0.7143,                0.65799,                0.40348,                 1.4712,                0.10023,                0.00109,                0.00109,                0.00109,                0.49708,                0.96714,                0.80459,                0.66829,                0.63472,                0.72416,                0.56381,                0.71345,                0.42189,                0.15381,                0.41013,                0.57347,                0.41353,                      1,                0.46479,                0.47968,                0.98605,                0.73428,                0.66284,                0.64472,                0.70513,                0.51723,                0.70427,                0.42992,                0.17435,                0.43809,                0.54263,                0.41353,                      1,                 0.6224,              0.0065274,               0.098255,                 0.7078,                0.58406,                0.31266,                 0.4863,                0.26823,                0.73177,                0.73177,                      1
                     92,                0.62102,                0.36945,                 1.3347,                 0.0922,                0.82576,                0.83413,                0.85893,                0.71426,                0.65804,                0.40358,                 1.4714,                0.10021,               0.000991,               0.000991,               0.000991,                0.50027,                0.96679,                0.80076,                0.67015,                0.63347,                0.72307,                0.56673,                0.71206,                0.42165,                0.15397,                 0.4107,                 0.5765,                0.41156,                      1,                0.46937,                0.48027,                0.98575,                0.73116,                0.66521,                0.64432,                0.70331,                0.51927,                0.70181,                0.43153,                0.17469,                0.44024,                0.54344,                0.41156,                      1,                0.62151,              0.0065138,                0.09872,                0.71018,                0.58336,                0.31338,                0.48223,                0.26766,                0.73234,                0.73234,                      1
                     93,                0.61924,                0.36658,                 1.3386,                0.09112,                0.82534,                0.83498,                 0.8591,                0.71422,                0.65802,                0.40357,                 1.4718,                0.10019,               0.000892,               0.000892,               0.000892,                0.49009,                0.96508,                0.79906,                0.66524,                0.63197,                0.72542,                0.55863,                0.71348,                0.42965,                 0.1539,                 0.4127,                0.57481,                0.41283,                      1,                0.48392,                0.47344,                0.98545,                0.72851,                 0.6601,                0.64271,                0.70337,                0.51086,                0.70128,                0.43719,                0.17472,                0.44344,                0.54147,                0.41283,                      1,                0.62825,               0.006611,               0.096908,                 0.7016,                0.58135,                0.31485,                 0.4816,                0.27156,                0.72844,                0.72844,                      1
                     94,                0.61963,                0.36866,                 1.3368,                0.09179,                0.82765,                0.83452,                0.85873,                 0.7141,                0.65804,                0.40359,                 1.4721,                0.10017,               0.000793,               0.000793,               0.000793,                0.49743,                0.96652,                 0.8024,                0.66822,                0.63335,                0.72279,                0.56296,                0.71234,                0.42456,                0.15514,                 0.4098,                0.57217,                0.41228,                      1,                0.46945,                0.48064,                0.98638,                0.73023,                0.66422,                0.64531,                0.70249,                 0.5169,                0.70145,                0.43432,                0.17557,                0.44107,                0.54481,                0.41228,                      1,                0.62383,              0.0065697,               0.098367,                0.70694,                0.58108,                 0.3162,                0.48116,                 0.2705,                 0.7295,                 0.7295,                      1
                     95,                0.61807,                0.36914,                 1.3314,                0.09242,                0.83086,                0.83066,                 0.8587,                0.71427,                0.65801,                0.40364,                 1.4724,                0.10015,               0.000694,               0.000694,               0.000694,                0.50306,                0.96678,                0.80743,                 0.6707,                0.63279,                 0.7276,                0.56965,                0.71666,                0.42127,                0.15452,                0.40772,                0.56966,                0.41034,                      1,                  0.466,                0.48338,                0.98591,                0.73109,                 0.6641,                0.64343,                0.70437,                0.52257,                0.70296,                0.43067,                0.17463,                   0.44,                0.53865,                0.41034,                      1,                 0.6253,              0.0065094,                 0.0993,                0.71304,                0.58404,                0.31739,                0.48148,                0.26585,                0.73415,                0.73415,                      1
                     96,                0.61429,                0.36418,                 1.3264,                0.09167,                0.83274,                0.82981,                0.85879,                0.71407,                0.65804,                0.40378,                 1.4727,                0.10012,               0.000595,               0.000595,               0.000595,                0.49672,                0.96638,                0.80174,                0.66772,                0.63139,                0.72283,                0.56348,                0.71203,                 0.4284,                0.15476,                0.40908,                0.57032,                0.41148,                      1,                0.47038,                0.47641,                0.98658,                0.73356,                0.66297,                0.64241,                0.70409,                0.51627,                0.70268,                0.43584,                0.17558,                0.43864,                0.54309,                0.41148,                      1,                0.61949,              0.0065823,               0.097991,                0.70651,                0.58231,                0.31487,                0.48131,                0.27074,                0.72926,                0.72926,                      1
                     97,                0.61111,                 0.3624,                 1.3269,                0.09183,                0.83286,                0.82911,                0.85856,                0.71404,                0.65807,                0.40382,                 1.4731,                 0.1001,               0.000496,               0.000496,               0.000496,                0.49713,                 0.9662,                0.80712,                0.67006,                0.63332,                0.72714,                0.56447,                0.71573,                0.42404,                0.15354,                0.40755,                0.57544,                0.41203,                      1,                0.46688,                0.47555,                0.98544,                0.73526,                 0.6633,                0.64383,                0.70613,                0.51519,                 0.7045,                0.43398,                0.17354,                0.43975,                0.54489,                0.41203,                      1,                0.62076,              0.0064445,               0.097987,                0.70725,                0.58375,                0.31231,                0.48361,                0.26861,                0.73139,                0.73139,                      1
                     98,                0.61364,                0.36252,                  1.338,                0.09114,                0.83059,                0.83113,                0.85824,                0.71376,                0.65798,                0.40379,                 1.4733,                0.10008,               0.000397,               0.000397,               0.000397,                0.49298,                0.96617,                0.79595,                0.66735,                0.63428,                0.72347,                0.55794,                0.71252,                0.42723,                0.15566,                0.41385,                0.57371,                0.41364,                      1,                0.49035,                0.47417,                0.98658,                0.73356,                0.66294,                0.64533,                0.70597,                0.51061,                0.70492,                0.43482,                 0.1767,                0.44275,                  0.538,                0.41364,                      1,                0.62865,              0.0065191,               0.097341,                0.70166,                0.58359,                0.31369,                0.48538,                  0.273,                  0.727,                  0.727,                      1
                     99,                0.61179,                0.36183,                  1.329,                0.09196,                0.82974,                0.83159,                0.85801,                0.71355,                0.65804,                 0.4039,                 1.4736,                0.10006,               0.000298,               0.000298,               0.000298,                0.49692,                0.96749,                0.80828,                 0.6692,                0.63083,                0.72806,                0.56493,                0.71717,                0.42379,                 0.1546,                0.40545,                0.57875,                0.40886,                      1,                0.46068,                0.47709,                0.98612,                0.73812,                0.66422,                0.64309,                0.70672,                 0.5171,                 0.7057,                 0.4303,                0.17545,                  0.435,                0.55051,                0.40886,                      1,                0.61444,              0.0065507,               0.098062,                0.70772,                0.58636,                0.31748,                0.48223,                0.26211,                0.73789,                0.73789,                      1
                    100,                0.61159,                0.36151,                 1.3268,                0.09148,                0.83178,                0.82956,                0.85762,                0.71334,                0.65808,                0.40405,                 1.4738,                0.10004,               0.000199,               0.000199,               0.000199,                0.49497,                0.96721,                0.79743,                0.66818,                0.63372,                0.72417,                0.56019,                 0.7126,                0.42451,                0.15492,                 0.4115,                0.57366,                0.41133,                      1,                 0.4783,                0.47644,                0.98568,                0.73342,                0.66463,                0.64572,                0.70643,                0.51424,                0.70499,                0.43197,                0.17597,                0.43978,                0.54382,                0.41133,                      1,                0.62646,              0.0064287,               0.097759,                 0.7043,                0.58621,                0.31529,                0.48531,                0.26582,                0.73418,                0.73418,                      1
