                  epoch,         train/box_loss,         train/cls_loss,         train/dfl_loss,train/object_reliability_loss,   metrics/precision(B),      metrics/recall(B),       metrics/mAP50(B),    metrics/mAP50-95(B),           val/box_loss,           val/cls_loss,           val/dfl_loss,val/object_reliability_loss,                 lr/pg0,                 lr/pg1,                 lr/pg2,p2/P3_gate_direction_loss,    p2/P3_ir_win_recall,p2/P3_object_balanced_loss,p2/P3_object_calibrated_loss,p2/P3_object_hard_winner_loss,p2/P3_object_prompt_accuracy,p2/P3_object_prompt_correlation,p2/P3_object_prompt_mae,p2/P3_object_prompt_rgb, p2/P3_object_rank_loss,p2/P3_object_target_rgb,   p2/P3_rgb_win_recall,p2/P4_gate_direction_loss,    p2/P4_ir_win_recall,p2/P4_object_balanced_loss,p2/P4_object_calibrated_loss,p2/P4_object_hard_winner_loss,p2/P4_object_prompt_accuracy,p2/P4_object_prompt_correlation,p2/P4_object_prompt_mae,p2/P4_object_prompt_rgb, p2/P4_object_rank_loss,p2/P4_object_target_rgb,p2/P4_prompt_residual_gain,   p2/P4_rgb_win_recall,p2/object_cross_scale_consistency,p2/object_gate_raw_loss,p2/object_prompt_raw_loss,  p2/teacher_ir_quality,p2/teacher_relative_margin, p2/teacher_rgb_quality,p2/teacher_rgb_win_rate, p2/teacher_ir_win_rate,p2/teacher_majority_baseline,p2/object_reliability_warmup_factor
                      1,                  1.312,                 1.4938,                 1.5534,                 0.0201,                 0.3475,                 0.5794,                 0.4411,                0.32315,                0.91468,                0.90668,                 1.4451,                 0.0201,               0.070106,              0.0033215,              0.0033215,                      0,                 0.9589,                0.69318,                0.69311,                0.69314,                0.70651,               0.034044,                 0.1581,                0.49987,                0.69314,                0.41359,               0.039564,                      0,                0.96348,                0.69315,                 0.6925,                0.69312,                0.70864,               0.032656,                0.15762,                 0.4987,                0.69311,                0.41359,            -2.7764e-07,               0.035216,             1.4148e-06,                      0,                0.86636,                0.57858,                0.31632,                0.47969,                0.27453,                0.72547,                0.72547,                    0.2
                      2,                 1.0725,                0.89928,                 1.4156,                0.04017,                0.59339,                0.68156,                0.63471,                0.47272,                0.84666,                0.65883,                 1.4716,                0.04015,                0.04004,               0.006589,               0.006589,                      0,                0.99999,                0.69311,                  0.692,                0.69311,                0.72839,               0.049011,                0.15749,                0.49775,                0.69307,                0.41238,             0.00013109,                      0,                      1,                0.69321,                0.68591,                0.69312,                0.72836,               0.073001,                0.15311,                0.48514,                0.69241,                0.41238,            -1.4624e-05,                      0,             9.5095e-05,                      0,                0.86561,                0.57974,                0.31685,                0.47904,                0.27164,                0.72836,                0.72836,                    0.4
                      3,                0.89883,                0.69994,                 1.4066,                 0.0601,                0.63863,                0.63558,                0.64758,                0.49069,                0.81458,                0.60722,                 1.5665,                0.06008,              0.0099086,              0.0097904,              0.0097904,                      0,                      1,                0.69368,                0.68397,                0.69355,                0.73011,               0.064517,                0.15075,                0.48028,                 0.6924,                0.41206,             4.4649e-05,                      0,                 0.9894,                0.69312,                0.67765,                0.69171,                0.72793,                0.14888,                  0.147,                0.46891,                0.68836,                0.41206,            -2.4511e-05,               0.020628,             0.00012894,                      0,                 0.8634,                0.58341,                0.31463,                0.48316,                 0.2699,                 0.7301,                 0.7301,                    0.6
                      4,                0.81754,                0.61107,                 1.4268,                0.07817,                0.69236,                0.71388,                0.72399,                0.55849,                0.76466,                0.55197,                 1.5359,                0.07825,               0.009703,               0.009703,               0.009703,                      0,                0.99999,                0.69492,                 0.6777,                0.69435,                0.73616,               0.073442,                0.14821,                0.46587,                0.69152,                0.41068,             0.00013976,                      0,                0.73986,                0.68085,                0.66505,                0.63476,                0.66639,                 0.2912,                0.16015,                0.46436,                0.63024,                0.41068,            -0.00043366,                0.46142,              0.0074193,                      0,                0.84286,                0.58712,                0.31808,                0.48547,                0.26387,                0.73613,                0.73613,                    0.8
                      5,                0.80223,                0.58635,                  1.416,                0.09544,                0.73433,                0.70574,                0.74309,                0.58023,                0.74793,                0.53728,                  1.497,                0.09716,               0.009604,               0.009604,               0.009604,                      0,                0.99999,                0.69491,                0.67834,                0.69423,                0.72542,               0.082213,                0.14841,                0.46576,                0.69149,                0.41417,             0.00018958,                      0,                0.63333,                0.67875,                0.66931,                 0.5724,                0.64097,                0.36304,                0.18282,                0.46405,                0.59589,                0.41417,             0.00052357,                0.66116,               0.019601,                      0,                0.82245,                0.57984,                0.31694,                0.48256,                0.27463,                0.72537,                0.72537,                      1
                      6,                 0.7831,                 0.5636,                 1.4017,                0.09463,                 0.7008,                0.67747,                0.70589,                0.53955,                0.78547,                0.58578,                 1.5068,                0.09867,               0.009505,               0.009505,               0.009505,                      0,                0.99999,                0.69496,                0.67616,                  0.694,                0.73651,                0.10603,                0.14641,                0.46268,                0.69054,                0.41059,             0.00016783,                      0,                 0.6331,                0.67603,                0.66447,                0.55487,                0.64447,                0.39641,                0.18322,                0.46366,                0.57807,                0.41059,              0.0010884,                0.67624,               0.022325,                      0,                0.81569,                0.58711,                0.31611,                0.48511,                0.26353,                0.73647,                0.73647,                      1
                      7,                0.77349,                0.55547,                 1.3978,                0.09444,                0.74221,                0.73154,                0.75764,                 0.5983,                0.73499,                0.51666,                 1.4763,                0.09634,               0.009406,               0.009406,               0.009406,                      0,                0.99992,                0.69471,                0.67525,                0.69354,                 0.7297,                0.12463,                0.14419,                0.46006,                0.68963,                0.41298,             0.00050516,                      0,                0.63602,                0.67733,                0.66572,                0.54851,                0.64901,                0.40239,                0.18443,                0.46408,                0.58801,                0.41298,            -0.00024709,                0.68407,               0.023565,                      0,                0.81321,                 0.5836,                0.31135,                0.48415,                0.27038,                0.72962,                0.72962,                      1
                      8,                0.76938,                0.54644,                 1.3949,                0.09192,                0.67846,                0.64872,                0.67693,                0.51839,                0.77929,                0.59233,                 1.5181,                0.09331,               0.009307,               0.009307,               0.009307,                      0,                 0.8445,                0.68836,                0.66993,                0.66721,                 0.6886,                0.22341,                0.15347,                0.46267,                0.66444,                0.40945,                0.25638,                      0,                0.63908,                 0.6751,                0.66263,                0.54027,                0.65219,                0.41177,                 0.1859,                0.46056,                0.58222,                0.40945,              0.0046463,                0.68852,               0.021117,                      0,                0.79177,                0.58339,                 0.3171,                0.47906,                0.26509,                0.73491,                0.73491,                      1
                      9,                0.76607,                0.54481,                 1.3921,                0.08628,                0.74751,                 0.7454,                0.77468,                0.61922,                0.72392,                0.49634,                 1.4881,                0.09064,               0.009208,               0.009208,               0.009208,                      0,                0.64091,                0.68087,                0.66875,                0.59015,                 0.6398,                0.34814,                0.17569,                0.46318,                0.62252,                0.41104,                 0.6367,                      0,                0.64328,                0.67534,                0.66422,                0.54189,                 0.6549,                0.40897,                0.18509,                0.45931,                0.58373,                0.41104,              0.0072208,                0.68726,                0.01142,                      0,                0.74087,                0.58587,                0.31775,                 0.4845,                0.26432,                0.73568,                0.73568,                      1
                     10,                0.76413,                0.54067,                 1.3956,                0.08391,                 0.7475,                0.75558,                0.78032,                0.62305,                0.72051,                0.49335,                 1.4522,                0.08969,               0.009109,               0.009109,               0.009109,                      0,                0.66458,                0.68018,                0.66711,                0.56705,                0.65491,                0.37619,                0.17945,                0.45771,                0.60156,                0.41079,                0.62847,                      0,                0.64885,                0.67351,                0.66113,                0.52998,                0.65909,                0.42656,                0.18564,                0.45923,                0.56876,                0.41079,              0.0081157,                0.68712,               0.011158,                      0,                0.72097,                0.58406,                0.31827,                0.48249,                0.26755,                0.73245,                0.73245,                      1
                     11,                0.75366,                0.52746,                 1.3923,                0.08357,                0.74104,                0.74239,                0.77082,                0.61237,                0.72592,                0.50859,                 1.4958,                0.08982,                0.00901,                0.00901,                0.00901,                      0,                0.66955,                0.68084,                0.66803,                0.56153,                0.65994,                0.37846,                0.18032,                0.45626,                0.59931,                0.41128,                0.63372,                      0,                0.64951,                0.67321,                0.66143,                 0.5314,                0.65941,                0.42437,                0.18429,                0.45882,                0.56803,                0.41128,              0.0094131,                0.68644,               0.010071,                      0,                0.71795,                0.58568,                0.31684,                  0.484,                0.26814,                0.73186,                0.73186,                      1
                     12,                 0.7513,                0.52341,                 1.3874,                0.08344,                0.75569,                0.76269,                0.80263,                0.64175,                0.70645,                0.47532,                 1.4688,                 0.0872,               0.008911,               0.008911,               0.008911,                      0,                0.66353,                0.68386,                0.67281,                0.55783,                0.65746,                0.37491,                0.18236,                0.46021,                0.59883,                0.41254,                0.64104,                      0,                0.64112,                0.67736,                0.66659,                0.52994,                0.65627,                0.41896,                0.18713,                 0.4631,                0.57436,                0.41254,              0.0086409,                0.69724,                0.01023,                      0,                0.71622,                0.58096,                0.31278,                0.48099,                0.26996,                0.73004,                0.73004,                      1
                     13,                  0.746,                0.51799,                 1.3926,                0.08331,                0.76138,                0.76842,                0.80733,                0.64853,                0.70418,                0.47325,                 1.4609,                0.08702,               0.008812,               0.008812,               0.008812,                      0,                0.68066,                0.68473,                0.66976,                0.55755,                0.66622,                0.38123,                0.18249,                0.45154,                 0.5948,                0.40976,                0.62581,                      0,                0.65214,                0.67697,                0.66348,                0.53159,                0.66144,                0.42369,                0.18665,                0.45703,                 0.5703,                0.40976,               0.010403,                0.68748,               0.010042,                      0,                0.71581,                 0.5842,                0.31812,                0.48102,                0.26312,                0.73688,                0.73688,                      1
                     14,                0.74358,                0.51917,                 1.3827,                0.08208,                 0.7701,                0.76357,                0.79541,                0.64424,                0.70008,                0.46978,                 1.4684,                 0.0876,               0.008713,               0.008713,               0.008713,                      0,                0.67422,                0.68356,                 0.6711,                0.54584,                0.66637,                0.39088,                0.18196,                0.45406,                0.58651,                0.41092,                0.64453,                      0,                0.65096,                0.67658,                0.66455,                0.52194,                0.66416,                0.43202,                0.18523,                0.45904,                0.56252,                0.41092,                0.01131,                0.70089,              0.0096011,                      0,                 0.7051,                0.58655,                0.31289,                0.48549,                0.26434,                0.73566,                0.73566,                      1
                     15,                0.74049,                0.51246,                 1.3855,                 0.0819,                0.76335,                0.78529,                0.81016,                0.65428,                0.69363,                0.46126,                 1.4725,                0.08761,               0.008614,               0.008614,               0.008614,                      0,                0.68131,                0.68386,                0.67099,                0.54422,                0.66842,                0.39065,                0.18394,                0.45012,                 0.5832,                 0.4106,                0.63244,                      0,                0.65684,                0.67662,                0.66449,                0.52187,                0.66638,                0.42996,                0.18773,                0.45612,                 0.5583,                 0.4106,               0.014127,                  0.693,              0.0098559,                      0,                0.70398,                 0.5856,                0.31765,                0.48426,                0.26381,                0.73619,                0.73619,                      1
                     16,                 0.7398,                0.51164,                 1.3824,                0.08212,                0.75146,                 0.7865,                 0.8074,                0.65261,                0.70078,                0.46389,                 1.5129,                0.08646,               0.008515,               0.008515,               0.008515,                      0,                 0.6742,                0.68415,                  0.672,                0.54835,                0.66368,                0.38744,                0.18444,                0.45377,                0.57823,                0.41236,                0.63498,                      0,                0.65066,                0.67572,                0.66508,                0.52181,                0.66186,                0.43067,                0.18772,                 0.4589,                0.55817,                0.41236,               0.012425,                0.69243,              0.0095923,                      0,                0.70693,                0.58123,                0.31533,                0.48155,                0.26825,                0.73175,                0.73175,                      1
                     17,                0.73725,                0.50607,                  1.384,                0.08109,                0.76946,                0.79497,                0.82406,                 0.6648,                0.69671,                0.46278,                 1.4541,                0.08719,               0.008416,               0.008416,               0.008416,                      0,                0.68031,                0.68135,                0.66945,                0.53576,                0.66896,                0.39751,                0.18497,                0.45215,                0.58296,                0.41182,                 0.6385,                      0,                0.65252,                0.67424,                0.66271,                0.51636,                0.66425,                0.43596,                0.18799,                0.45754,                0.55591,                0.41182,               0.015801,                0.69571,              0.0094784,                      0,                0.69609,                0.58096,                0.31421,                0.47986,                0.27155,                0.72845,                0.72845,                      1
                     18,                0.73209,                0.50162,                 1.3711,                0.08098,                0.79981,                0.78413,                 0.8339,                0.67647,                 0.6912,                0.45078,                 1.4603,                0.08727,               0.008317,               0.008317,               0.008317,                      0,                0.68478,                0.68084,                0.66504,                0.53787,                 0.6723,                0.40472,                0.18365,                0.44862,                0.57274,                0.40969,                0.63768,                      0,                0.66176,                0.67408,                0.65909,                0.51651,                0.66942,                0.43973,                0.18696,                0.45403,                0.55369,                0.40969,               0.016562,                0.69066,              0.0091155,                      0,                0.69651,                 0.5827,                0.32068,                0.47864,                0.26495,                0.73505,                0.73505,                      1
                     19,                 0.7301,                0.49857,                 1.3767,                0.08089,                0.79399,                0.78881,                0.82712,                0.67394,                0.69007,                 0.4484,                 1.4595,                0.08684,               0.008218,               0.008218,               0.008218,                      0,                0.68606,                 0.6831,                  0.668,                0.53494,                 0.6735,                0.40204,                0.18504,                0.44887,                0.57864,                0.41019,                0.63907,                      0,                0.66101,                0.67501,                0.66058,                0.51496,                0.67013,                0.44144,                0.18706,                0.45496,                0.55694,                0.41019,               0.016681,                0.69511,              0.0093306,                      0,                0.69466,                0.58532,                0.31768,                0.48241,                0.26725,                0.73275,                0.73275,                      1
                     20,                0.72849,                 0.4989,                 1.3722,                0.08106,                0.78651,                0.78221,                0.82231,                0.66763,                0.68869,                0.44739,                 1.4695,                0.08655,               0.008119,               0.008119,               0.008119,                      0,                0.67683,                0.68234,                0.67123,                0.53558,                0.66613,                0.39582,                0.18554,                0.45329,                0.58128,                0.41197,                0.63707,                      0,                0.64969,                0.67586,                0.66439,                0.51448,                0.66312,                 0.4384,                0.18829,                0.45989,                0.55921,                0.41197,               0.016808,                0.69958,               0.009075,                      0,                0.69578,                0.58195,                0.31557,                0.48117,                0.26921,                0.73079,                0.73079,                      1
                     21,                0.72833,                0.49385,                 1.3725,                 0.0805,                0.79799,                 0.7783,                0.83082,                0.67392,                0.69218,                0.45375,                 1.4829,                0.08663,                0.00802,                0.00802,                0.00802,                      0,                0.68412,                0.68271,                0.67015,                0.53206,                0.67177,                0.40314,                0.18647,                0.45116,                0.57173,                0.41286,                0.63895,                      0,                0.66019,                0.67626,                0.66384,                0.51144,                0.66944,                0.44023,                0.18914,                0.45631,                0.54881,                0.41286,               0.018647,                0.69401,              0.0088982,                      0,                 0.6922,                0.57717,                0.31643,                0.47805,                 0.2735,                 0.7265,                 0.7265,                      1
                     22,                 0.7228,                0.49184,                 1.3765,                0.08064,                0.77136,                0.78614,                 0.8186,                0.66743,                0.68219,                0.44549,                 1.4528,                0.08612,               0.007921,               0.007921,               0.007921,                      0,                 0.6836,                0.68268,                0.66963,                0.53294,                0.67354,                0.40509,                0.18336,                0.45052,                0.56962,                0.41166,                 0.6458,                      0,                0.66206,                0.67627,                0.66335,                0.51389,                 0.6711,                0.44056,                 0.1866,                0.45455,                0.55495,                0.41166,               0.018239,                0.69604,              0.0087678,                      0,                0.69347,                0.58783,                0.31497,                0.48757,                0.26605,                0.73395,                0.73395,                      1
                     23,                0.72398,                0.49038,                 1.3802,                0.08098,                0.80784,                0.80279,                0.84271,                0.68867,                 0.6812,                0.43694,                 1.4716,                0.08619,               0.007822,               0.007822,               0.007822,                      0,                0.68651,                0.68588,                0.67233,                0.53496,                 0.6732,                 0.3982,                0.18603,                0.44888,                0.58153,                0.41033,                0.63671,                      0,                 0.6656,                0.67822,                0.66526,                0.51251,                0.67251,                0.43491,                0.18887,                0.45281,                0.55966,                0.41033,               0.018676,                0.69143,              0.0091024,                      0,                0.69497,                0.58385,                0.31669,                 0.4814,                0.26724,                0.73276,                0.73276,                      1
                     24,                0.72087,                0.48775,                 1.3763,                0.08007,                0.81993,                0.77518,                0.84355,                0.69107,                 0.6777,                0.43603,                  1.456,                0.08604,               0.007723,               0.007723,               0.007723,                      0,                0.67915,                0.68424,                0.67368,                0.52538,                0.67011,                0.40445,                0.18713,                 0.4508,                0.57403,                0.41155,                0.64506,                      0,                0.65902,                0.67682,                0.66674,                 0.5061,                0.66865,                0.44034,                 0.1892,                0.45507,                0.56039,                0.41155,               0.018594,                0.69535,              0.0090889,                      0,                 0.6868,                0.58422,                 0.3137,                0.48391,                0.26505,                0.73495,                0.73495,                      1
                     25,                0.71724,                0.48348,                 1.3772,                0.08053,                0.81066,                0.81303,                0.85473,                0.70093,                0.67439,                0.43225,                 1.4405,                0.08587,               0.007624,               0.007624,               0.007624,                      0,                0.68214,                0.68354,                0.67108,                0.53229,                0.67244,                0.40346,                0.18578,                 0.4528,                0.56907,                0.41361,                0.64639,                      0,                0.65773,                0.67796,                 0.6663,                0.51097,                0.66975,                0.43824,                0.18982,                0.45909,                0.55296,                0.41361,               0.018209,                0.70204,              0.0087171,                      0,                0.69255,                0.58057,                0.31345,                 0.4822,                 0.2713,                 0.7287,                 0.7287,                      1
                     26,                 0.7136,                0.48156,                   1.37,                0.08067,                0.82868,                0.78596,                0.85415,                0.70064,                 0.6766,                0.42746,                 1.4577,                0.08616,               0.007525,               0.007525,               0.007525,                      0,                0.68877,                0.68557,                0.67155,                0.53196,                0.67393,                0.40144,                0.18643,                0.44631,                 0.5749,                0.41039,                0.63242,                      0,                0.66472,                0.67901,                 0.6653,                0.51296,                 0.6705,                0.43846,                0.18983,                0.45193,                0.55585,                0.41039,               0.018772,                0.68667,              0.0086629,                      0,                0.69299,                0.58507,                0.31619,                0.48268,                0.26328,                0.73672,                0.73672,                      1
                     27,                0.71031,                 0.4783,                 1.3748,                0.07949,                0.81608,                0.81564,                0.85992,                0.70314,                0.67445,                0.42797,                   1.44,                0.08655,               0.007426,               0.007426,               0.007426,                      0,                0.68986,                0.68387,                0.67093,                0.52206,                 0.6776,                0.41149,                0.18552,                0.44879,                0.57019,                0.41328,                0.64482,                      0,                0.66914,                0.67764,                0.66559,                0.49995,                0.67643,                0.44564,                0.18922,                0.45285,                0.55415,                0.41328,               0.016799,                0.69591,              0.0084775,                      0,                0.68198,                0.58501,                 0.3114,                 0.4865,                0.27219,                0.72781,                0.72781,                      1
                     28,                0.71291,                0.47935,                 1.3702,                0.08017,                0.79381,                0.79899,                 0.8368,                 0.6866,                 0.6745,                0.43678,                 1.4414,                0.08614,               0.007327,               0.007327,               0.007327,                      0,                0.68927,                0.68546,                0.67173,                0.52849,                0.67719,                 0.4068,                0.18671,                0.44872,                0.56541,                0.41045,                0.64401,                      0,                0.66749,                 0.6814,                0.66784,                0.50884,                0.67444,                0.43925,                0.19096,                0.45341,                0.55102,                0.41045,               0.015858,                0.69355,              0.0086643,                      0,                0.68955,                0.58558,                 0.3148,                0.48364,                0.26691,                0.73309,                0.73309,                      1
                     29,                 0.7078,                0.47515,                 1.3778,                0.07916,                0.82733,                0.81971,                0.86187,                0.70768,                0.67173,                0.42278,                 1.4502,                 0.0864,               0.007228,               0.007228,               0.007228,                      0,                0.69099,                0.68154,                0.66915,                 0.5204,                0.67847,                0.41576,                0.18656,                0.44915,                0.56597,                0.41262,                0.64489,                      0,                0.66755,                0.67604,                0.66444,                0.49804,                0.67515,                0.44968,                0.19072,                0.45429,                0.54444,                0.41262,               0.019714,                0.69554,              0.0089561,                      0,                0.67985,                0.58216,                0.31659,                0.48273,                0.27145,                0.72855,                0.72855,                      1
                     30,                0.70973,                0.47603,                 1.3708,                 0.0804,                0.82434,                0.81442,                0.85657,                0.70236,                0.66954,                0.42402,                 1.4461,                0.08575,               0.007129,               0.007129,               0.007129,                      0,                0.68736,                0.68492,                0.67158,                 0.5291,                 0.6748,                0.40397,                 0.1867,                0.44794,                0.57759,                0.40999,                0.63976,                      0,                0.66838,                0.67883,                0.66613,                0.50837,                0.67333,                0.43869,                0.18979,                0.45182,                0.56058,                0.40999,               0.019239,                0.68714,              0.0085073,                      0,                0.68963,                0.58696,                0.31641,                0.48447,                0.26393,                0.73607,                0.73607,                      1
                     31,                0.70618,                0.46879,                 1.3767,                0.07999,                0.81985,                0.82503,                0.86107,                0.71001,                0.66875,                0.41984,                 1.4479,                0.08578,                0.00703,                0.00703,                0.00703,                      0,                0.68918,                 0.6855,                0.67318,                0.52475,                0.67583,                0.40416,                0.18647,                 0.4483,                0.57797,                0.41219,                0.63952,                      0,                0.66782,                0.68094,                0.66923,                0.50301,                0.67399,                0.43821,                0.19113,                0.45283,                0.56122,                0.41219,               0.021153,                0.69077,              0.0087072,                      0,                0.68547,                0.58494,                0.31166,                0.48516,                0.26876,                0.73124,                0.73124,                      1
                     32,                0.70593,                 0.4706,                 1.3768,                0.08006,                 0.8142,                0.81314,                0.85687,                0.70483,                0.66855,                0.42059,                 1.4457,                0.08572,               0.006931,               0.006931,               0.006931,                      0,                0.69178,                0.68674,                 0.6728,                0.52541,                0.67625,                0.40584,                0.18683,                0.44589,                 0.5696,                0.41152,                0.63401,                      0,                0.67061,                0.68094,                0.66796,                0.50833,                0.67382,                0.43588,                0.19019,                0.45033,                0.55715,                0.41152,               0.019295,                0.68256,              0.0081697,                      0,                0.68752,                0.58439,                0.31392,                 0.4837,                0.26886,                0.73114,                0.73114,                      1
                     33,                0.70044,                0.46438,                 1.3769,                0.07935,                0.82762,                0.82375,                0.86465,                0.71128,                0.66854,                0.41701,                 1.4605,                0.08563,               0.006832,               0.006832,               0.006832,                      0,                0.68816,                 0.6831,                0.67065,                0.52191,                0.67438,                0.41049,                0.18747,                0.44806,                  0.563,                0.41208,                0.63739,                      0,                0.66999,                0.67783,                0.66579,                0.50046,                0.67501,                 0.4438,                0.19181,                 0.4517,                 0.5457,                0.41208,               0.019575,                0.68848,              0.0085842,                      0,                0.68202,                0.58181,                0.31676,                0.48126,                0.27149,                0.72851,                0.72851,                      1
                     34,                0.69837,                0.46252,                 1.3743,                0.07985,                0.81372,                0.82456,                0.85698,                0.70426,                0.66809,                0.41964,                 1.4525,                0.08529,               0.006733,               0.006733,               0.006733,                      0,                0.69177,                0.68675,                0.67418,                0.52483,                0.67883,                0.40537,                0.18736,                0.44667,                0.56682,                0.41202,                0.64339,                      0,                0.67532,                0.67998,                0.66772,                0.50437,                0.67915,                0.44052,                0.19011,                0.45038,                0.55336,                0.41202,               0.019072,                0.68965,              0.0084132,                      0,                0.68602,                0.58284,                0.31387,                0.48265,                0.26744,                0.73256,                0.73256,                      1
                     35,                0.69874,                0.46078,                 1.3687,                0.07849,                0.81854,                0.83463,                0.86374,                0.71101,                0.66702,                 0.4161,                 1.4478,                0.08527,               0.006634,               0.006634,               0.006634,                      0,                0.68907,                0.68106,                0.67042,                0.51508,                0.67874,                0.41625,                 0.1888,                0.44867,                0.55418,                 0.4133,                0.65101,                      0,                0.66826,                0.67677,                0.66768,                0.49388,                0.67671,                0.44644,                0.19361,                0.45373,                0.53422,                 0.4133,               0.016783,                0.69941,              0.0085867,                      0,                0.67539,                0.58151,                0.31597,                 0.4826,                0.27132,                0.72868,                0.72868,                      1
                     36,                0.69874,                0.45547,                 1.3729,                0.07809,                0.82299,                0.82611,                 0.8627,                0.71022,                0.66582,                0.41415,                 1.4549,                0.08518,               0.006535,               0.006535,               0.006535,                      0,                0.68296,                0.68164,                0.67142,                0.51127,                0.67435,                0.42099,                0.18842,                0.45077,                0.55193,                0.41522,                0.65181,                      0,                0.66268,                0.67605,                0.66672,                0.49034,                0.67338,                0.45387,                0.19272,                0.45671,                0.53402,                0.41522,               0.017713,                0.70137,              0.0086375,                      0,                0.67175,                0.57927,                0.31241,                0.48306,                 0.2765,                 0.7235,                 0.7235,                      1
                     37,                0.69369,                0.45601,                 1.3799,                0.07901,                0.83339,                0.82156,                0.86608,                0.71273,                0.66569,                0.41197,                 1.4604,                0.08507,               0.006436,               0.006436,               0.006436,                      0,                0.69843,                0.68371,                0.66887,                 0.5202,                0.68326,                0.41414,                0.18766,                0.44431,                0.55713,                0.41099,                0.64196,                      0,                0.67702,                0.67764,                0.66405,                0.49905,                0.68196,                0.44782,                0.19107,                0.45058,                0.53752,                0.41099,               0.019952,                0.69542,              0.0080935,                      0,                0.67997,                0.58454,                0.31817,                0.48243,                0.26862,                0.73138,                0.73138,                      1
                     38,                0.68918,                0.45347,                 1.3748,                0.07969,                0.82794,                0.82348,                 0.8651,                0.71414,                0.66459,                0.41237,                 1.4557,                0.08496,               0.006337,               0.006337,               0.006337,                      0,                0.69023,                0.68568,                0.67387,                0.52332,                0.67679,                0.40541,                0.18692,                0.44787,                0.56564,                0.41328,                0.64075,                      0,                0.66822,                0.68023,                0.66945,                0.50347,                0.67438,                0.43932,                0.19043,                0.45307,                0.55055,                0.41328,               0.017091,                0.69091,              0.0082919,                      0,                 0.6848,                0.58175,                0.31341,                0.48327,                 0.2717,                 0.7283,                 0.7283,                      1
                     39,                0.69225,                0.45349,                 1.3797,                0.07945,                0.82316,                0.83214,                0.86984,                0.71735,                0.66395,                0.40938,                  1.458,                0.08506,               0.006238,               0.006238,               0.006238,                      0,                0.68841,                0.68818,                0.67516,                0.52277,                0.67666,                0.40583,                0.18939,                0.44892,                0.56153,                0.41216,                0.64515,                      0,                0.67385,                0.68092,                0.66765,                0.50102,                0.67873,                0.44446,                0.19201,                0.45192,                0.53935,                0.41216,               0.017009,                0.69184,              0.0084941,                      0,                0.68368,                0.58372,                0.31466,                0.48334,                0.27146,                0.72854,                0.72854,                      1
                     40,                0.69157,                0.45439,                 1.3728,                 0.0793,                 0.8156,                0.82737,                0.86043,                0.70913,                0.66409,                0.41141,                 1.4518,                 0.0848,               0.006139,               0.006139,               0.006139,                      0,                0.69196,                0.68514,                0.67157,                0.52135,                0.67875,                0.41274,                0.18767,                0.44625,                 0.5627,                0.40986,                  0.642,                      0,                0.66922,                0.67779,                0.66573,                0.49992,                0.67577,                0.44792,                0.19096,                0.45189,                0.54612,                0.40986,               0.015723,                0.69398,              0.0085072,                      0,                0.68161,                0.58742,                0.31765,                0.48473,                0.26443,                0.73557,                0.73557,                      1
                     41,                0.68676,                 0.4466,                 1.3692,                0.07893,                  0.814,                0.83172,                0.86105,                0.70912,                0.66296,                0.41063,                 1.4482,                0.08474,                0.00604,                0.00604,                0.00604,                      0,                0.69054,                0.68386,                0.67113,                0.51809,                0.67922,                0.41427,                0.18786,                0.44741,                0.55963,                0.41184,                  0.648,                      0,                0.66874,                0.67658,                0.66517,                0.49711,                0.67517,                0.44794,                0.19113,                0.45186,                0.54475,                0.41184,               0.015806,                0.69291,              0.0084323,                      0,                0.67839,                0.58246,                0.31521,                0.48126,                0.26603,                0.73397,                0.73397,                      1
                     42,                0.68796,                0.44674,                 1.3717,                0.07913,                0.82867,                0.82952,                0.86659,                0.71534,                0.66149,                0.40874,                 1.4487,                0.08492,               0.005941,               0.005941,               0.005941,                      0,                0.69129,                0.68364,                0.67091,                0.51918,                0.67714,                0.41328,                 0.1868,                0.44573,                0.56185,                0.41187,                0.63866,                      0,                0.67103,                0.67838,                0.66652,                0.49878,                0.67609,                0.44671,                0.19135,                0.45133,                0.54988,                0.41187,               0.016874,                0.68983,              0.0082546,                      0,                0.67974,                0.58544,                 0.3152,                0.48478,                0.26885,                0.73115,                0.73115,                      1
                     43,                0.68181,                0.44414,                 1.3757,                0.07882,                0.82323,                  0.831,                0.86686,                0.71588,                0.66073,                0.40743,                 1.4531,                0.08489,               0.005842,               0.005842,               0.005842,                      0,                0.69051,                 0.6853,                0.67215,                0.51747,                0.67709,                0.41476,                0.18768,                0.44779,                0.56092,                0.41344,                0.64167,                      0,                0.67334,                0.67983,                0.66774,                0.49408,                0.67903,                0.44921,                0.19261,                0.45228,                0.54054,                0.41344,               0.015967,                0.69405,              0.0083535,                      0,                0.67734,                0.58142,                 0.3139,                0.48265,                0.27471,                0.72529,                0.72529,                      1
                     44,                0.68386,                0.44279,                 1.3717,                0.07941,                0.83233,                0.82932,                0.87003,                0.71882,                0.66022,                0.40617,                 1.4564,                0.08484,               0.005743,               0.005743,               0.005743,                      0,                0.69227,                0.68603,                0.67198,                0.52134,                0.67768,                0.41189,                 0.1877,                0.44662,                0.57324,                0.41158,                0.63779,                      0,                0.68221,                0.67844,                0.66521,                0.49744,                0.68242,                0.44747,                0.19066,                0.44781,                0.55294,                0.41158,               0.015698,                0.68298,              0.0082665,                      0,                0.68081,                0.58405,                0.31746,                0.48302,                0.26785,                0.73215,                0.73215,                      1
                     45,                0.68387,                0.44244,                 1.3703,                0.07863,                0.83485,                0.82951,                0.87124,                0.71982,                0.66091,                0.40578,                 1.4547,                 0.0847,               0.005644,               0.005644,               0.005644,                      0,                0.68966,                0.68381,                0.67158,                0.51547,                0.67643,                0.41546,                0.18815,                0.44668,                0.55718,                0.41241,                 0.6406,                      0,                0.67277,                0.67675,                0.66522,                0.49476,                0.67646,                0.44847,                0.19174,                0.45095,                0.54175,                0.41241,               0.015853,                0.68646,              0.0081647,                      0,                0.67593,                0.57972,                0.31417,                0.48003,                 0.2696,                 0.7304,                 0.7304,                      1
                     46,                0.68294,                0.44368,                 1.3709,                 0.0783,                 0.8292,                0.83175,                0.86964,                0.71935,                0.66042,                0.40595,                 1.4547,                 0.0847,               0.005545,               0.005545,               0.005545,                      0,                0.69381,                0.68229,                0.66984,                0.51209,                0.68136,                0.41982,                0.18817,                0.44535,                0.55692,                0.40972,                0.64675,                      0,                0.67762,                0.67698,                0.66483,                 0.4926,                0.68159,                0.45295,                0.19168,                0.44967,                0.54121,                0.40972,               0.015812,                 0.6926,              0.0082633,                      0,                0.67264,                0.58536,                0.31761,                0.48212,                 0.2646,                 0.7354,                 0.7354,                      1
                     47,                0.68508,                0.44047,                 1.3743,                 0.0784,                0.83776,                0.82951,                 0.8703,                0.72057,                0.65999,                0.40468,                 1.4575,                0.08473,               0.005446,               0.005446,               0.005446,                      0,                 0.6949,                0.68375,                0.67155,                0.51361,                0.68115,                0.41809,                0.18822,                0.44591,                0.55968,                0.41094,                 0.6436,                      0,                0.67928,                0.67732,                0.66588,                0.49063,                0.68355,                0.45278,                 0.1926,                0.44967,                0.54045,                0.41094,               0.017219,                0.69523,              0.0085107,                      0,                0.67336,                0.58102,                0.31865,                0.47974,                0.26805,                0.73195,                0.73195,                      1
                     48,                0.68001,                0.44074,                 1.3699,                0.07838,                 0.8281,                0.83192,                0.86869,                0.71945,                0.66005,                0.40532,                 1.4559,                0.08474,               0.005347,               0.005347,               0.005347,                      0,                0.69439,                0.68507,                0.67266,                0.51244,                0.68111,                0.41902,                0.18705,                0.44661,                0.56278,                0.41295,                0.64542,                      0,                0.68102,                0.67895,                0.66714,                0.48942,                0.68317,                0.45145,                0.19117,                0.44956,                0.54434,                0.41295,               0.014859,                0.68896,              0.0081569,                      0,                0.67247,                0.58606,                0.31309,                  0.487,                0.27117,                0.72883,                0.72883,                      1
                     49,                0.67907,                0.43588,                 1.3646,                0.07898,                0.81978,                0.83908,                0.86863,                0.71903,                 0.6599,                0.40521,                 1.4544,                0.08473,               0.005248,               0.005248,               0.005248,                      0,                0.68886,                0.68394,                0.67129,                0.51886,                0.67772,                0.41657,                 0.1887,                  0.448,                0.56126,                0.41161,                0.64757,                      0,                0.67315,                0.67641,                0.66584,                0.49634,                0.67876,                0.44805,                0.19269,                0.45158,                0.54416,                0.41161,               0.013115,                0.69395,              0.0080592,                      0,                0.67872,                0.58215,                0.31803,                0.48126,                0.26974,                0.73026,                0.73026,                      1
                     50,                0.67629,                0.43371,                  1.368,                0.07878,                0.82453,                0.83808,                 0.8689,                0.71954,                0.65954,                0.40471,                 1.4542,                0.08473,               0.005149,               0.005149,               0.005149,                      0,                0.69078,                0.68652,                0.67327,                0.51583,                0.67796,                0.41483,                0.18722,                0.44695,                0.56611,                0.41274,                0.64355,                      0,                0.67526,                0.68042,                0.66785,                0.49193,                0.67903,                0.44919,                0.19204,                0.45023,                0.54807,                0.41274,                0.01077,                0.68915,              0.0083535,                      0,                0.67573,                0.58418,                 0.3128,                0.48509,                0.27145,                0.72855,                0.72855,                      1
                     51,                0.67687,                0.43077,                 1.3687,                0.07909,                0.82623,                0.83623,                0.86964,                 0.7204,                 0.6592,                0.40347,                 1.4567,                0.08477,                0.00505,                0.00505,                0.00505,                      0,                0.69136,                0.68623,                0.67303,                   0.52,                0.67757,                0.41014,                0.18801,                0.44491,                0.55934,                0.41012,                0.63953,                      0,                0.67445,                0.67834,                0.66671,                0.49758,                0.67783,                0.44376,                0.19212,                0.44807,                0.54156,                0.41012,              0.0098709,                0.68715,               0.008036,                      0,                0.68026,                0.58263,                0.31591,                0.47968,                0.26602,                0.73398,                0.73398,                      1
                     52,                0.67185,                0.42912,                 1.3739,                0.07892,                0.83477,                0.83534,                0.87122,                0.72243,                0.65839,                 0.4021,                 1.4568,                0.08472,               0.004951,               0.004951,               0.004951,                      0,                0.68766,                0.68539,                0.67252,                  0.517,                0.67514,                0.41332,                0.18702,                0.44701,                0.56563,                0.41231,                0.64144,                      0,                0.67424,                0.68021,                0.66671,                0.49491,                0.67767,                0.44758,                0.19163,                0.45124,                 0.5472,                0.41231,               0.010298,                0.68692,              0.0083507,                      0,                0.67728,                0.58356,                0.31349,                0.48343,                0.27087,                0.72913,                0.72913,                      1
                     53,                0.67015,                 0.4261,                 1.3668,                0.07861,                0.83181,                0.83976,                0.87175,                0.72258,                0.65775,                0.40122,                 1.4584,                0.08475,               0.004852,               0.004852,               0.004852,                      0,                0.69209,                0.68583,                0.67459,                0.51512,                0.67828,                0.41396,                0.18733,                0.44561,                0.56075,                 0.4119,                0.64045,                      0,                0.68036,                0.67978,                0.66892,                0.48996,                0.68149,                  0.448,                0.19202,                0.44736,                0.54596,                 0.4119,              0.0080938,                0.68459,              0.0080616,                      0,                0.67491,                0.58515,                0.31468,                0.48529,                0.26742,                0.73258,                0.73258,                      1
                     54,                0.66595,                0.42502,                 1.3737,                0.07809,                0.82967,                0.84221,                0.87209,                0.72293,                0.65734,                0.40068,                   1.46,                0.08475,               0.004753,               0.004753,               0.004753,                      0,                0.69656,                0.68496,                0.67049,                0.51088,                0.68195,                0.42266,                0.18825,                0.44202,                0.55655,                0.41041,                0.64173,                      0,                0.68294,                0.67852,                 0.6655,                0.48745,                0.68402,                0.45423,                 0.1925,                0.44556,                0.54573,                0.41041,              0.0089475,                0.68701,              0.0082583,                      0,                0.67028,                0.58605,                0.31481,                0.48323,                0.26647,                0.73353,                0.73353,                      1
                     55,                0.67134,                0.42763,                 1.3624,                0.07854,                0.82546,                0.84564,                0.87234,                0.72351,                0.65709,                 0.4003,                 1.4589,                0.08473,               0.004654,               0.004654,               0.004654,                      0,                 0.6941,                0.68543,                0.67342,                0.51457,                0.68104,                0.41762,                0.18765,                0.44542,                0.55517,                0.41189,                0.64533,                      0,                0.67956,                0.67989,                0.66873,                0.49302,                0.68174,                0.45021,                0.19173,                0.44887,                0.54064,                0.41189,               0.010067,                0.68767,              0.0082453,                      0,                0.67535,                0.58596,                 0.3159,                  0.486,                0.26781,                0.73219,                0.73219,                      1
                     56,                0.66457,                0.42321,                 1.3657,                 0.0781,                0.82821,                0.84243,                0.87213,                0.72308,                0.65701,                 0.4005,                 1.4587,                0.08472,               0.004555,               0.004555,               0.004555,                      0,                0.69903,                0.68274,                0.66784,                0.51253,                0.68364,                0.42627,                0.18599,                0.44154,                 0.5559,                0.41029,                0.64116,                      0,                 0.6836,                0.67466,                0.66115,                0.48859,                0.68548,                   0.46,                0.18998,                0.44587,                0.53835,                0.41029,              0.0092656,                0.69066,              0.0080069,                      0,                0.67095,                 0.5877,                0.31877,                0.48535,                0.26589,                0.73411,                0.73411,                      1
                     57,                0.66645,                0.42264,                 1.3624,                0.07814,                0.82791,                0.84559,                 0.8722,                0.72353,                0.65662,                0.39997,                 1.4587,                 0.0847,               0.004456,               0.004456,               0.004456,                      0,                0.68942,                0.68447,                0.67406,                0.51125,                0.67856,                0.41704,                0.18872,                0.44643,                0.54967,                0.41392,                0.64916,                      0,                0.67594,                0.67846,                0.66918,                0.49007,                0.67937,                0.44716,                 0.1934,                0.44985,                0.53703,                0.41392,              0.0092294,                0.68866,              0.0080958,                      0,                 0.6723,                0.58264,                 0.3135,                0.48492,                0.26971,                0.73029,                0.73029,                      1
                     58,                0.66539,                0.41993,                 1.3604,                0.07798,                0.83159,                0.84237,                0.87211,                0.72361,                0.65643,                0.39971,                 1.4596,                0.08471,               0.004357,               0.004357,               0.004357,                      0,                0.69579,                0.68617,                0.67325,                0.50945,                0.68362,                0.42373,                0.18711,                0.44399,                0.55492,                0.41047,                0.64963,                      0,                0.67976,                0.68038,                0.66887,                 0.4868,                0.68458,                0.45463,                 0.1927,                0.44748,                0.53978,                0.41047,              0.0076621,                0.69806,              0.0080961,                      0,                0.66985,                0.58767,                0.31373,                0.48561,                0.26365,                0.73635,                0.73635,                      1
                     59,                0.66673,                0.41972,                 1.3647,                0.07838,                0.83296,                0.83964,                0.87168,                0.72349,                0.65621,                0.39956,                 1.4598,                 0.0847,               0.004258,               0.004258,               0.004258,                      0,                0.68918,                0.68555,                0.67324,                0.51451,                0.67757,                0.41674,                0.18831,                0.44725,                0.56205,                 0.4131,                0.64652,                      0,                0.67461,                0.67723,                0.66656,                0.48721,                0.68212,                0.45516,                0.19282,                0.45154,                0.53499,                 0.4131,              0.0056384,                0.70219,              0.0083368,                      0,                0.67316,                 0.5788,                0.31479,                0.47954,                0.27216,                0.72784,                0.72784,                      1
                     60,                0.65863,                0.41569,                 1.3536,                0.07771,                  0.832,                 0.8429,                0.87172,                0.72319,                0.65624,                0.39953,                 1.4595,                0.08468,               0.004159,               0.004159,               0.004159,                      0,                0.69901,                0.68633,                0.67101,                 0.5088,                0.68258,                0.42473,                0.18795,                0.44266,                0.55161,                0.41206,                0.63859,                      0,                0.68319,                0.67881,                0.66463,                0.48486,                0.68436,                0.45817,                 0.1922,                0.44734,                0.53296,                0.41206,              0.0046405,                 0.6875,              0.0082255,                      0,                0.66804,                0.58194,                0.31442,                0.48119,                0.27199,                0.72801,                0.72801,                      1
                     61,                0.66294,                0.41671,                 1.3572,                0.07815,                 0.8368,                 0.8378,                0.87139,                 0.7229,                0.65606,                0.39919,                 1.4598,                0.08467,                0.00406,                0.00406,                0.00406,                      0,                0.69594,                0.68459,                0.67087,                0.51192,                0.68149,                0.42133,                0.18739,                0.44371,                0.55625,                0.41307,                0.64231,                      0,                0.68019,                0.67814,                0.66613,                0.48934,                0.68202,                0.45248,                 0.1919,                0.44782,                0.53459,                0.41307,              0.0039146,                  0.687,              0.0080659,                      0,                0.67172,                0.58173,                0.31413,                0.48241,                0.26936,                0.73064,                0.73064,                      1
                     62,                0.65985,                0.41481,                 1.3625,                0.07764,                0.84094,                0.83678,                0.87139,                0.72317,                0.65582,                0.39898,                 1.4599,                0.08466,               0.003961,               0.003961,               0.003961,                      0,                0.69941,                0.68601,                0.67218,                0.50672,                 0.6851,                 0.4265,                0.18877,                 0.4436,                0.55414,                0.41245,                0.64678,                      0,                0.68727,                0.67988,                0.66711,                0.48303,                0.68798,                0.45716,                0.19349,                0.44657,                 0.5404,                0.41245,              0.0050659,                0.68989,              0.0081057,                      0,                0.66644,                0.58422,                0.31564,                0.48421,                0.27182,                0.72818,                0.72818,                      1
                     63,                0.65933,                0.41334,                 1.3656,                0.07838,                0.84045,                0.83529,                 0.8714,                0.72295,                 0.6558,                 0.3989,                 1.4605,                0.08463,               0.003862,               0.003862,               0.003862,                      0,                0.69254,                0.68557,                0.67118,                0.51311,                0.68082,                0.42288,                0.18764,                0.44498,                0.55587,                0.40987,                0.64822,                      0,                0.67899,                0.67989,                0.66682,                0.49211,                0.68179,                 0.4501,                0.19313,                0.44739,                0.54278,                0.40987,              0.0048598,                0.68956,              0.0079679,                      0,                0.67354,                0.58494,                0.31756,                0.48197,                0.26437,                0.73563,                0.73563,                      1
                     64,                0.65998,                0.41468,                 1.3625,                0.07829,                0.83913,                0.83794,                0.87102,                0.72274,                0.65572,                0.39872,                 1.4608,                0.08464,               0.003763,               0.003763,               0.003763,                      0,                0.69688,                0.68594,                0.67346,                 0.5113,                0.68312,                0.41742,                0.18745,                0.44326,                 0.5612,                0.40959,                0.64479,                      0,                0.68696,                0.68006,                0.66779,                0.48908,                0.68724,                0.45202,                0.19179,                0.44585,                0.54364,                0.40959,              0.0035124,                0.68802,              0.0082321,                      0,                0.67179,                0.58672,                 0.3156,                0.48391,                0.26414,                0.73586,                0.73586,                      1
                     65,                0.65733,                0.40849,                 1.3666,                0.07834,                0.83708,                0.83813,                0.87061,                0.72219,                0.65565,                0.39868,                 1.4613,                0.08464,               0.003664,               0.003664,               0.003664,                      0,                0.69402,                0.68851,                0.67284,                0.51432,                 0.6812,                0.42148,                0.18816,                 0.4449,                0.55039,                0.41063,                0.64606,                      0,                0.67971,                0.68187,                0.66685,                 0.4919,                0.68282,                0.45417,                 0.1929,                 0.4477,                0.53183,                0.41063,             0.00070319,                0.69136,              0.0081389,                      0,                0.67456,                0.58161,                0.31629,                0.47945,                0.26726,                0.73274,                0.73274,                      1
                     66,                0.65413,                 0.4094,                 1.3572,                0.07791,                0.83849,                0.83737,                0.87041,                0.72235,                0.65556,                0.39866,                 1.4618,                0.08463,               0.003565,               0.003565,               0.003565,                      0,                0.69306,                0.68453,                0.67185,                0.50934,                0.68254,                0.42282,                0.18766,                0.44536,                0.55675,                0.41116,                0.65371,                      0,                0.68147,                0.67688,                0.66548,                0.48561,                0.68525,                0.45574,                0.19227,                0.44884,                0.54007,                0.41116,             0.00097444,                0.69561,              0.0078324,                      0,                0.66886,                0.58363,                0.31604,                0.48204,                0.26724,                0.73276,                0.73276,                      1
                     67,                0.65427,                0.40613,                 1.3517,                0.07762,                0.83655,                0.83756,                0.87016,                0.72201,                 0.6554,                0.39857,                 1.4618,                0.08462,               0.003466,               0.003466,               0.003466,                      0,                0.69274,                0.68348,                0.67035,                0.50701,                0.68128,                0.42681,                0.18896,                0.44517,                0.55622,                0.41054,                0.65003,                      0,                0.67947,                0.67634,                0.66404,                0.48381,                0.68348,                0.45786,                0.19351,                0.44857,                0.53582,                0.41054,              0.0022501,                 0.6944,              0.0080588,                      0,                0.66633,                0.58249,                 0.3167,                0.47922,                0.26844,                0.73156,                0.73156,                      1
                     68,                0.65239,                0.40308,                 1.3544,                0.07738,                0.84238,                0.83332,                0.87022,                0.72238,                0.65523,                 0.3985,                 1.4618,                0.08462,               0.003367,               0.003367,               0.003367,                      0,                0.69263,                0.68498,                 0.6733,                0.50283,                0.68235,                0.42446,                0.18955,                0.44647,                0.55847,                 0.4119,                0.65444,                      0,                0.68169,                0.67759,                0.66645,                0.48028,                 0.6863,                0.45874,                0.19332,                0.44983,                 0.5447,                 0.4119,              0.0028128,                 0.6988,              0.0079173,                      0,                0.66307,                0.58515,                0.31703,                0.48456,                0.26925,                0.73075,                0.73075,                      1
                     69,                0.64982,                0.40291,                 1.3562,                0.07792,                0.84283,                0.83429,                0.87035,                0.72243,                0.65515,                0.39862,                 1.4618,                0.08461,               0.003268,               0.003268,               0.003268,                      0,                0.68907,                0.68461,                0.67388,                0.50902,                0.67988,                 0.4194,                0.18897,                0.44718,                0.55907,                0.41241,                0.65515,                      0,                 0.6793,                0.67742,                0.66754,                0.48406,                0.68394,                0.45394,                0.19338,                0.44946,                 0.5405,                0.41241,              0.0035044,                0.69642,              0.0079141,                      0,                0.66864,                0.58145,                0.31426,                0.48176,                0.27094,                0.72906,                0.72906,                      1
                     70,                0.64944,                0.40279,                 1.3452,                0.07731,                0.84205,                0.83407,                0.86994,                 0.7221,                0.65506,                0.39871,                 1.4617,                0.08461,               0.003169,               0.003169,               0.003169,                      0,                0.69577,                0.68446,                0.67216,                0.50412,                0.68363,                0.42697,                0.18935,                 0.4433,                0.54872,                0.41119,                0.65025,                      0,                0.68393,                0.67669,                0.66559,                0.48301,                0.68572,                0.45679,                0.19332,                0.44665,                0.53029,                0.41119,              0.0051821,                0.69066,              0.0078792,                      0,                0.66458,                0.58203,                0.31605,                0.48092,                0.26655,                0.73345,                0.73345,                      1
                     71,                0.64572,                0.39842,                 1.3528,                 0.0777,                 0.8394,                0.83582,                0.86991,                0.72244,                0.65503,                0.39878,                  1.462,                 0.0846,                0.00307,                0.00307,                0.00307,                      0,                0.69202,                0.68661,                0.67506,                0.50674,                0.68154,                0.42442,                0.18851,                0.44596,                0.55149,                0.41363,                0.65332,                      0,                0.68201,                0.68004,                0.66931,                0.48496,                0.68377,                0.45313,                0.19344,                0.44704,                0.53565,                0.41363,              0.0051834,                0.68851,                0.00784,                      0,                0.66777,                0.58362,                 0.3116,                0.48557,                0.27086,                0.72914,                0.72914,                      1
                     72,                 0.6463,                0.39696,                 1.3534,                0.07698,                0.83947,                0.83525,                0.86983,                0.72255,                0.65491,                0.39877,                 1.4619,                0.08459,               0.002971,               0.002971,               0.002971,                      0,                0.69458,                0.68257,                0.67157,                0.50107,                0.68337,                0.43025,                0.18882,                0.44507,                0.54858,                0.41209,                0.65298,                      0,                0.68262,                0.67532,                0.66522,                0.47927,                0.68541,                0.46092,                0.19283,                0.44794,                  0.532,                0.41209,              0.0041519,                0.69296,              0.0079876,                      0,                0.66117,                0.58005,                0.31622,                0.47982,                0.26942,                0.73058,                0.73058,                      1
                     73,                0.64239,                0.39443,                 1.3578,                0.07739,                0.83833,                0.83717,                0.86992,                0.72285,                0.65485,                0.39876,                  1.462,                 0.0846,               0.002872,               0.002872,               0.002872,                      0,                0.69529,                 0.6869,                0.67457,                0.50478,                0.68271,                0.42311,                0.19046,                0.44461,                0.55012,                0.41306,                0.64906,                      0,                0.68527,                0.68003,                0.66954,                0.48054,                0.68684,                0.45411,                0.19521,                0.44714,                0.53488,                0.41306,              0.0031601,                0.69104,              0.0078807,                      0,                0.66492,                0.58327,                0.31457,                0.48445,                0.27223,                0.72777,                0.72777,                      1
                     74,                0.64059,                 0.3945,                 1.3438,                0.07815,                  0.837,                0.83814,                0.86978,                0.72291,                0.65468,                 0.3985,                 1.4621,                 0.0846,               0.002773,               0.002773,               0.002773,                      0,                0.69273,                0.68805,                0.67524,                0.51195,                0.68017,                0.41687,                0.18926,                0.44298,                0.55016,                0.41108,                0.64543,                      0,                0.68364,                0.68229,                0.67024,                0.48873,                0.68481,                0.44672,                0.19469,                0.44482,                0.53244,                0.41108,              0.0021945,                0.68803,              0.0077941,                      0,                 0.6726,                0.58803,                0.31436,                0.48679,                0.26554,                0.73446,                0.73446,                      1
                     75,                0.64145,                0.39401,                 1.3483,                0.07719,                0.83765,                0.83748,                0.86945,                0.72253,                0.65447,                0.39854,                 1.4624,                 0.0846,               0.002674,               0.002674,               0.002674,                      0,                0.69773,                0.68494,                0.67282,                0.50181,                0.68529,                0.42819,                0.18738,                0.44308,                0.55323,                0.41101,                 0.6512,                      0,                0.68659,                0.67972,                 0.6678,                0.47965,                 0.6881,                 0.4592,                0.19229,                0.44526,                0.53939,                0.41101,             0.00086657,                0.69223,              0.0078495,                      0,                 0.6622,                0.58642,                0.31421,                0.48478,                0.26724,                0.73276,                0.73276,                      1
                     76,                0.63646,                0.39007,                 1.3505,                0.07745,                0.83814,                0.83736,                0.86905,                0.72205,                0.65449,                0.39875,                 1.4626,                 0.0846,               0.002575,               0.002575,               0.002575,                      0,                0.70165,                0.68682,                0.67302,                0.50455,                0.68628,                0.42457,                0.18873,                0.43845,                0.55615,                0.41055,                0.64359,                      0,                0.69021,                0.67973,                0.66654,                0.48099,                 0.6888,                0.45688,                0.19324,                0.44047,                0.53956,                0.41055,             0.00012777,                0.68486,              0.0079313,                      0,                0.66441,                0.58707,                0.31338,                0.48498,                0.26469,                0.73531,                0.73531,                      1
                     77,                0.64045,                0.39149,                 1.3466,                0.07701,                0.83684,                0.83715,                0.86899,                0.72189,                0.65445,                0.39885,                 1.4628,                0.08459,               0.002476,               0.002476,               0.002476,                      0,                0.69284,                0.68282,                0.67128,                0.50257,                0.68328,                0.43201,                0.18815,                0.44626,                0.54509,                 0.4106,                0.65656,                      0,                0.67995,                0.67631,                0.66575,                0.47934,                0.68515,                 0.4633,                0.19301,                0.44939,                0.52814,                 0.4106,            -0.00015513,                0.69969,              0.0077878,                      0,                0.66219,                0.58632,                0.31692,                0.48467,                0.26337,                0.73663,                0.73663,                      1
                     78,                0.63655,                0.38747,                  1.347,                0.07773,                 0.8357,                0.83724,                0.86893,                0.72215,                0.65449,                0.39906,                 1.4632,                0.08458,               0.002377,               0.002377,               0.002377,                      0,                0.69755,                 0.6885,                0.67583,                0.50598,                 0.6854,                0.42148,                0.18957,                0.44365,                0.55922,                 0.4114,                0.65219,                      0,                0.68725,                 0.6802,                0.66843,                0.48258,                0.68845,                0.45291,                 0.1941,                0.44553,                0.54353,                 0.4114,            -0.00083977,                0.69174,               0.007868,                      0,                0.66652,                0.58252,                 0.3144,                0.48109,                0.26785,                0.73215,                0.73215,                      1
                     79,                0.63795,                0.38952,                  1.345,                 0.0773,                0.83476,                 0.8366,                0.86862,                0.72197,                0.65449,                0.39896,                 1.4632,                0.08458,               0.002278,               0.002278,               0.002278,                      0,                0.69382,                0.68654,                0.67633,                0.50309,                0.68254,                0.42238,                0.18885,                0.44573,                0.55387,                0.41345,                0.65191,                      0,                0.68163,                0.67931,                0.67081,                0.47832,                0.68469,                0.45381,                0.19366,                0.44835,                0.53608,                0.41345,             -0.0008613,                0.69301,              0.0078809,                      0,                0.66345,                0.58328,                0.31167,                0.48519,                0.26929,                0.73071,                0.73071,                      1
                     80,                 0.6283,                0.38324,                 1.3462,                0.07739,                0.83597,                0.83516,                0.86848,                0.72183,                0.65433,                0.39909,                 1.4636,                0.08457,               0.002179,               0.002179,               0.002179,                      0,                0.69577,                0.68518,                0.67267,                0.50469,                0.68418,                0.42196,                0.18855,                0.44469,                0.55323,                0.41139,                0.65259,                      0,                 0.6838,                0.67968,                0.66825,                0.48049,                0.68744,                0.45361,                0.19442,                0.44704,                0.53588,                0.41139,             3.1348e-05,                0.69735,              0.0079176,                      0,                0.66442,                 0.5862,                0.31502,                0.48498,                0.26845,                0.73155,                0.73155,                      1
                     81,                0.63383,                0.38573,                 1.3424,                0.07709,                0.83626,                0.83536,                 0.8685,                0.72175,                0.65436,                0.39929,                  1.464,                0.08456,                0.00208,                0.00208,                0.00208,                      0,                0.69451,                0.68435,                0.67206,                0.50227,                0.68446,                0.43175,                0.18922,                0.44613,                0.55243,                0.41122,                0.65737,                      0,                0.68054,                0.67712,                0.66648,                0.47763,                0.68684,                0.46404,                0.19409,                0.45027,                0.53404,                0.41122,            -6.5493e-05,                0.70383,              0.0079494,                      0,                0.66161,                0.58167,                0.31836,                0.48029,                0.27065,                0.72935,                0.72935,                      1
                     82,                0.63279,                0.38382,                 1.3352,                0.07737,                0.83596,                0.83459,                0.86808,                0.72139,                0.65422,                0.39949,                 1.4642,                0.08456,               0.001981,               0.001981,               0.001981,                      0,                 0.6965,                0.68581,                0.67222,                 0.5059,                0.68392,                0.42629,                0.18872,                0.44525,                0.54854,                0.41203,                0.65016,                      0,                0.68349,                0.67919,                0.66638,                0.48188,                0.68578,                0.45901,                0.19363,                0.44887,                0.52699,                0.41203,            -0.00014621,                0.69191,              0.0077614,                      0,                0.66546,                0.58197,                0.31514,                0.48148,                 0.2715,                 0.7285,                 0.7285,                      1
                     83,                0.62724,                0.37993,                  1.343,                0.07661,                 0.8357,                0.83396,                0.86777,                0.72135,                0.65419,                0.39961,                 1.4645,                0.08457,               0.001882,               0.001882,               0.001882,                      0,                0.69665,                0.68583,                0.67374,                0.49899,                0.68526,                0.43116,                0.18985,                 0.4456,                0.54048,                0.41384,                0.65495,                      0,                0.68378,                0.68041,                 0.6693,                0.47537,                0.68787,                0.46147,                0.19572,                0.44889,                0.52303,                0.41384,             0.00025418,                0.69877,              0.0079369,                      0,                0.65918,                0.58044,                0.31431,                0.48231,                0.27305,                0.72695,                0.72695,                      1
                     84,                0.63284,                  0.382,                 1.3444,                 0.0772,                0.83822,                0.83176,                0.86745,                0.72096,                0.65418,                0.40006,                 1.4644,                0.08456,               0.001783,               0.001783,               0.001783,                      0,                0.69602,                0.68654,                0.67477,                0.50239,                  0.687,                 0.4272,                0.19008,                0.44418,                0.55015,                0.41141,                0.66221,                      0,                0.68765,                0.68099,                0.66899,                0.47963,                0.69151,                0.45845,                0.19455,                0.44581,                0.53374,                0.41141,            -2.5314e-05,                 0.7021,              0.0078935,                      0,                0.66301,                0.58628,                0.31574,                0.48559,                0.26663,                0.73337,                0.73337,                      1
                     85,                0.62909,                0.37936,                 1.3435,                0.07729,                0.83422,                0.83402,                0.86699,                0.72098,                0.65417,                0.40023,                 1.4647,                0.08455,               0.001684,               0.001684,               0.001684,                      0,                0.70032,                0.68466,                0.67087,                0.50392,                0.68506,                 0.4286,                0.18756,                 0.4414,                0.54935,                0.41227,                0.64374,                      0,                0.68737,                0.67808,                0.66419,                0.48317,                0.68683,                0.45935,                0.19181,                0.44367,                 0.5328,                0.41227,             6.7603e-05,                0.68539,              0.0076654,                      0,                0.66417,                0.58181,                0.31433,                  0.482,                0.26978,                0.73022,                0.73022,                      1
                     86,                0.62298,                0.37445,                 1.3369,                0.07631,                0.83164,                0.83527,                0.86696,                0.72089,                0.65417,                0.40022,                  1.465,                0.08455,               0.001585,               0.001585,               0.001585,                      0,                0.69334,                0.68636,                0.67562,                0.49573,                0.68417,                0.43051,                0.19023,                 0.4467,                0.53831,                0.41422,                0.65992,                      0,                0.68486,                0.68005,                0.66947,                0.47325,                0.68909,                0.46219,                0.19498,                0.45011,                0.52038,                0.41422,             0.00010987,                0.70027,              0.0078678,                      0,                0.65663,                0.58314,                0.31176,                0.48559,                0.27437,                0.72563,                0.72563,                      1
                     87,                0.62486,                0.37649,                 1.3354,                0.07719,                0.83013,                0.83746,                 0.8667,                0.72108,                0.65428,                0.40037,                 1.4648,                0.08454,               0.001486,               0.001486,               0.001486,                      0,                0.69651,                0.68619,                0.67412,                0.50306,                0.68602,                 0.4261,                0.18863,                0.44446,                0.55033,                0.41214,                0.65718,                      0,                0.68389,                0.68004,                0.66906,                0.47907,                 0.6881,                0.45873,                0.19401,                0.44721,                0.53074,                0.41214,            -0.00037184,                0.69969,              0.0079884,                      0,                0.66317,                 0.5853,                  0.315,                 0.4855,                0.26668,                0.73332,                0.73332,                      1
                     88,                0.62312,                0.37526,                 1.3309,                0.07678,                0.83305,                0.83407,                0.86641,                 0.7207,                0.65428,                0.40056,                 1.4648,                0.08455,               0.001387,               0.001387,               0.001387,                      0,                0.69835,                0.68458,                0.67189,                0.50047,                0.68556,                0.43228,                0.18885,                0.44212,                0.54403,                0.41031,                0.65023,                      0,                0.68693,                 0.6781,                0.66581,                0.47712,                0.68824,                0.46393,                0.19342,                0.44461,                0.52642,                0.41031,             -0.0021083,                0.69187,              0.0077627,                      0,                0.66015,                0.58733,                0.31822,                0.48505,                0.26595,                0.73405,                0.73405,                      1
                     89,                0.62134,                0.37119,                 1.3359,                0.07735,                0.83229,                0.83427,                0.86642,                 0.7205,                0.65429,                0.40084,                 1.4646,                0.08455,               0.001288,               0.001288,               0.001288,                      0,                0.69497,                 0.6871,                0.67305,                0.50558,                0.68404,                 0.4285,                0.19027,                0.44699,                 0.5476,                0.41323,                0.65526,                      0,                0.68246,                0.68117,                0.66879,                0.48084,                0.68713,                0.45735,                0.19653,                0.45055,                0.52841,                0.41323,             -0.0018297,                0.69944,              0.0078211,                      0,                0.66524,                0.57726,                0.31581,                0.47765,                0.27518,                0.72482,                0.72482,                      1
                     90,                0.61795,                0.36867,                 1.3342,                0.07708,                0.83195,                0.83459,                0.86589,                0.72053,                0.65425,                0.40093,                 1.4648,                0.08454,               0.001189,               0.001189,               0.001189,                      0,                0.69878,                0.68777,                0.67568,                0.49995,                0.68591,                0.42746,                0.18877,                 0.4427,                0.55708,                0.41296,                0.65096,                      0,                0.68703,                0.68143,                0.67049,                0.47634,                0.68869,                0.45775,                0.19439,                0.44613,                0.53938,                0.41296,             -0.0020994,                0.69318,              0.0077084,                      0,                0.66057,                0.58554,                0.31351,                0.48708,                0.26905,                0.73095,                0.73095,                      1
                     91,                0.62263,                0.36974,                 1.3319,                0.07679,                0.83501,                0.83209,                0.86574,                 0.7201,                 0.6543,                0.40113,                 1.4652,                0.08454,                0.00109,                0.00109,                0.00109,                      0,                0.69383,                0.68614,                0.67589,                0.49675,                 0.6846,                0.42812,                0.19034,                0.44517,                0.55059,                0.41351,                0.65959,                      0,                 0.6837,                0.68022,                0.67002,                0.47705,                0.68732,                0.45622,                 0.1951,                0.44735,                0.53696,                0.41351,             -0.0022573,                0.69712,              0.0077126,                      0,                0.65866,                0.58326,                0.31167,                0.48493,                0.26951,                0.73049,                0.73049,                      1
                     92,                 0.6195,                0.36834,                 1.3271,                0.07641,                0.83548,                0.83133,                0.86543,                0.72001,                0.65441,                0.40128,                 1.4655,                0.08454,               0.000991,               0.000991,               0.000991,                      0,                0.70252,                0.68466,                0.67218,                0.49549,                0.68946,                  0.435,                0.18968,                0.44141,                 0.5466,                0.41138,                0.65373,                      0,                0.68942,                0.67928,                0.66738,                0.47404,                0.69051,                0.46313,                0.19482,                0.44372,                0.52889,                0.41138,             -0.0021411,                0.69351,              0.0078114,                      0,                0.65599,                0.58466,                0.31665,                0.48415,                0.26776,                0.73224,                0.73224,                      1
                     93,                0.61725,                0.36643,                 1.3312,                0.07654,                 0.8364,                0.83156,                0.86526,                0.71986,                0.65441,                0.40136,                 1.4657,                0.08453,               0.000892,               0.000892,               0.000892,                      0,                0.69174,                0.68636,                0.67489,                0.49782,                0.68388,                0.43235,                0.19013,                0.44819,                0.54157,                0.41435,                0.66326,                      0,                0.68324,                0.68084,                0.67019,                0.47392,                0.68779,                0.46131,                0.19596,                0.45083,                0.52443,                0.41435,             -0.0024291,                0.69971,              0.0078053,                      0,                0.65818,                0.57933,                0.31171,                0.48219,                0.27607,                0.72393,                0.72393,                      1
                     94,                0.61292,                0.36333,                 1.3282,                0.07617,                0.83648,                0.83224,                0.86503,                0.71981,                0.65448,                0.40149,                 1.4659,                0.08453,               0.000793,               0.000793,               0.000793,                      0,                0.69602,                0.68382,                0.67103,                 0.4949,                0.68539,                0.43778,                0.19025,                0.44454,                0.54365,                0.41164,                 0.6567,                      0,                0.68733,                0.67687,                0.66498,                0.47112,                0.69043,                0.46765,                0.19497,                0.44666,                0.52501,                0.41164,             -0.0025251,                0.69881,              0.0078815,                      0,                0.65423,                0.57992,                0.31764,                0.47861,                0.27041,                0.72959,                0.72959,                      1
                     95,                0.61074,                0.36174,                 1.3266,                0.07637,                0.83506,                0.83268,                0.86487,                0.71985,                0.65451,                0.40153,                 1.4659,                0.08453,               0.000694,               0.000694,               0.000694,                      0,                 0.6982,                0.68432,                0.67091,                0.49782,                0.68627,                0.43629,                0.18876,                0.44186,                0.53942,                0.41145,                0.65338,                      0,                0.68784,                0.67817,                0.66563,                0.47361,                0.69021,                0.46619,                0.19434,                  0.444,                0.52118,                0.41145,             -0.0024782,                0.69676,              0.0079166,                      0,                0.65704,                 0.5835,                0.31605,                0.48212,                0.26612,                0.73388,                0.73388,                      1
                     96,                0.60882,                0.35988,                 1.3251,                0.07668,                0.83386,                0.83306,                0.86462,                0.71937,                0.65453,                0.40166,                 1.4661,                0.08454,               0.000595,               0.000595,               0.000595,                      0,                0.70029,                0.68606,                0.67205,                0.49828,                0.68702,                0.43194,                0.18952,                0.44021,                0.54571,                0.41014,                0.65067,                      0,                 0.6931,                0.68005,                0.66657,                0.47636,                0.69283,                0.46107,                0.19472,                 0.4426,                0.53245,                0.41014,             -0.0021782,                 0.6921,              0.0077876,                      0,                0.65853,                0.58458,                0.31508,                0.48153,                0.26732,                0.73268,                0.73268,                      1
                     97,                0.61068,                0.36005,                 1.3219,                0.07657,                0.83462,                0.83227,                0.86438,                0.71933,                0.65458,                0.40167,                 1.4664,                0.08454,               0.000496,               0.000496,               0.000496,                      0,                0.69946,                0.68706,                0.67488,                0.49781,                0.68755,                0.43009,                 0.1897,                0.44367,                0.54425,                0.41356,                0.65572,                      0,                0.68676,                0.68049,                0.66945,                0.47301,                 0.6906,                0.46171,                0.19512,                0.44716,                0.53027,                0.41356,             -0.0023187,                0.70088,              0.0078726,                      0,                0.65781,                0.58191,                 0.3133,                0.48369,                0.27234,                0.72766,                0.72766,                      1
                     98,                0.60859,                0.35909,                 1.3262,                0.07639,                0.83689,                0.83104,                0.86426,                0.71936,                0.65453,                0.40155,                 1.4665,                0.08455,               0.000397,               0.000397,               0.000397,                      0,                0.69945,                0.68596,                0.67354,                0.49612,                0.68932,                0.43465,                0.18996,                 0.4436,                0.54136,                0.41277,                0.66213,                      0,                0.69273,                0.67986,                0.66868,                0.47364,                0.69499,                0.45974,                0.19559,                0.44483,                0.52629,                0.41277,             -0.0024488,                0.70107,              0.0075316,                      0,                 0.6566,                0.58392,                0.31632,                0.48444,                0.27141,                0.72859,                0.72859,                      1
                     99,                0.61002,                0.35963,                 1.3255,                0.07666,                 0.8389,                 0.8279,                0.86391,                0.71937,                0.65454,                0.40163,                 1.4668,                0.08454,               0.000298,               0.000298,               0.000298,                      0,                0.70136,                0.68639,                0.67292,                0.49734,                0.68773,                0.43436,                0.18832,                 0.4406,                0.55145,                0.40986,                0.65018,                      0,                0.69302,                0.68005,                0.66719,                0.47375,                0.69198,                0.46282,                 0.1942,                0.44162,                0.53723,                0.40986,             -0.0019908,                0.68912,              0.0076253,                      0,                0.65723,                0.58592,                0.31741,                0.48333,                0.26625,                0.73375,                0.73375,                      1
                    100,                0.60759,                0.35657,                 1.3214,                0.07621,                 0.8355,                0.83112,                0.86356,                0.71919,                0.65455,                0.40164,                 1.4671,                0.08455,               0.000199,               0.000199,               0.000199,                      0,                0.69575,                 0.6863,                0.67515,                0.49357,                0.68668,                0.43388,                0.19033,                0.44573,                0.54674,                0.41353,                0.66251,                      0,                0.68854,                0.67904,                0.66822,                 0.4693,                 0.6922,                 0.4639,                0.19556,                0.44718,                0.53234,                0.41353,             -0.0020159,                0.70198,              0.0077981,                      0,                0.65369,                0.58326,                0.31341,                0.48516,                0.27275,                0.72725,                0.72725,                      1
