                  epoch,         train/box_loss,         train/cls_loss,         train/dfl_loss,train/object_reliability_loss,   metrics/precision(B),      metrics/recall(B),       metrics/mAP50(B),    metrics/mAP50-95(B),           val/box_loss,           val/cls_loss,           val/dfl_loss,val/object_reliability_loss,                 lr/pg0,                 lr/pg1,                 lr/pg2,p2/P3_gate_direction_loss,    p2/P3_ir_win_recall,p2/P3_object_balanced_loss,p2/P3_object_calibrated_loss,p2/P3_object_hard_winner_loss,p2/P3_object_prompt_accuracy,p2/P3_object_prompt_correlation,p2/P3_object_prompt_mae,p2/P3_object_prompt_rgb, p2/P3_object_rank_loss,p2/P3_object_target_rgb,p2/P3_prompt_residual_gain,   p2/P3_rgb_win_recall,p2/P4_gate_direction_loss,    p2/P4_ir_win_recall,p2/P4_object_balanced_loss,p2/P4_object_calibrated_loss,p2/P4_object_hard_winner_loss,p2/P4_object_prompt_accuracy,p2/P4_object_prompt_correlation,p2/P4_object_prompt_mae,p2/P4_object_prompt_rgb, p2/P4_object_rank_loss,p2/P4_object_target_rgb,   p2/P4_rgb_win_recall,p2/object_cross_scale_consistency,p2/object_gate_raw_loss,p2/object_prompt_raw_loss,  p2/teacher_ir_quality,p2/teacher_relative_margin, p2/teacher_rgb_quality,p2/teacher_rgb_win_rate, p2/teacher_ir_win_rate,p2/teacher_majority_baseline,p2/object_reliability_warmup_factor
                      1,                 1.4667,                 1.5864,                  1.648,                 0.0201,                0.34245,                0.60986,                0.43503,                0.31315,                  1.024,                  1.027,                 1.6246,                 0.0201,               0.070106,              0.0033215,              0.0033215,                      0,                0.95888,                0.69318,                0.69312,                0.69315,                 0.7065,               0.032837,                0.15811,                0.49988,                0.69314,                0.41359,             3.4043e-07,                0.03955,                      0,                0.96348,                0.69315,                0.69259,                0.69312,                0.70864,               0.033695,                0.15769,                0.49887,                0.69311,                0.41359,               0.035216,             1.0523e-06,                      0,                0.86637,                0.57858,                0.31632,                0.47969,                0.27453,                0.72547,                0.72547,                    0.2
                      2,                 1.1937,                0.94483,                 1.5169,                0.04017,                0.57767,                0.68528,                0.62139,                0.45389,                0.85348,                0.67517,                 1.4686,                0.04015,                0.04004,               0.006589,               0.006589,                      0,                0.99998,                0.69311,                0.69219,                0.69312,                0.72839,               0.047674,                0.15764,                0.49812,                0.69308,                0.41238,             6.8739e-06,             0.00014565,                      0,                      1,                0.69317,                0.68647,                0.69308,                0.72836,               0.075642,                0.15349,                0.48637,                0.69245,                0.41238,                      0,             8.4548e-05,                      0,                0.86567,                0.57974,                0.31685,                0.47904,                0.27164,                0.72836,                0.72836,                    0.4
                      3,                0.90805,                0.70836,                 1.4238,                 0.0601,                0.64547,                0.68574,                0.66654,                0.50041,                0.79896,                0.59314,                 1.5309,                0.06008,              0.0099086,              0.0097904,              0.0097904,                      0,                0.99999,                0.69363,                 0.6845,                0.69351,                 0.7301,               0.063165,                0.15111,                0.48145,                0.69245,                0.41206,             1.3023e-05,             1.4883e-05,                      0,                0.99013,                0.69314,                0.67763,                0.69172,                0.72802,                0.14761,                0.14698,                0.46874,                 0.6884,                0.41206,               0.018991,             0.00014539,                      0,                0.86346,                0.58341,                0.31463,                0.48316,                 0.2699,                 0.7301,                 0.7301,                    0.6
                      4,                0.82385,                0.61873,                 1.4411,                0.07812,                0.67356,                0.72292,                0.71613,                 0.5501,                 0.7739,                0.55839,                 1.5459,                0.07819,               0.009703,               0.009703,               0.009703,                      0,                0.99999,                0.69488,                0.67794,                0.69434,                0.73616,               0.070917,                0.14834,                0.46645,                0.69163,                0.41068,            -0.00037265,             0.00015529,                      0,                0.73152,                0.67966,                0.66373,                0.63343,                0.66336,                0.29624,                0.15989,                0.46435,                0.62826,                0.41068,                 0.4732,               0.007515,                      0,                0.84234,                0.58712,                0.31808,                0.48547,                0.26387,                0.73613,                0.73613,                    0.8
                      5,                 0.8068,                0.59108,                 1.4277,                0.09547,                0.72536,                0.71072,                0.73949,                0.57319,                0.75926,                0.54184,                   1.55,                0.09836,               0.009604,               0.009604,               0.009604,                      0,                0.99998,                 0.6949,                0.67851,                0.69426,                 0.7254,               0.079027,                 0.1485,                0.46613,                0.69156,                0.41417,             -0.0013044,             0.00016042,                      0,                0.63127,                 0.6787,                0.66858,                0.57302,                0.63989,                0.36557,                0.18246,                0.46429,                0.59747,                0.41417,                0.66263,               0.019659,                      0,                0.82264,                0.57984,                0.31694,                0.48256,                0.27463,                0.72537,                0.72537,                      1
                      6,                0.78679,                0.56686,                 1.4132,                0.09468,                0.77755,                0.71717,                 0.7731,                0.60452,                0.75354,                0.51914,                 1.4896,                0.09699,               0.009505,               0.009505,               0.009505,                      0,                0.99999,                0.69497,                0.67649,                 0.6941,                0.73651,               0.098907,                0.14658,                0.46336,                0.69077,                0.41059,             -0.0025891,             0.00018309,                      0,                0.62682,                0.67563,                0.66417,                0.55617,                0.64134,                0.39679,                0.18301,                0.46477,                0.57645,                0.41059,                0.68193,               0.022165,                      0,                0.81622,                0.58711,                0.31611,                0.48511,                0.26353,                0.73647,                0.73647,                      1
                      7,                0.77824,                0.55931,                 1.4099,                0.09452,                0.69646,                0.72151,                0.72685,                0.57185,                0.74529,                0.54379,                  1.506,                0.09653,               0.009406,               0.009406,               0.009406,                      0,                0.99997,                0.69474,                0.67584,                0.69379,                0.72966,                0.11387,                0.14447,                0.46127,                0.69015,                0.41298,             -0.0035129,             0.00023772,                      0,                0.63037,                0.67693,                0.66559,                0.54966,                0.64584,                0.40341,                0.18409,                0.46503,                0.59056,                0.41298,                0.68757,               0.023431,                      0,                0.81386,                 0.5836,                0.31135,                0.48415,                0.27038,                0.72962,                0.72962,                      1
                      8,                0.77031,                0.54836,                 1.3964,                0.09404,                0.76685,                0.74011,                0.77539,                0.61262,                0.73251,                0.50178,                 1.4461,                0.09585,               0.009307,               0.009307,               0.009307,                      0,                0.99981,                0.69461,                0.67304,                0.69329,                0.73502,                0.14162,                0.14602,                0.45704,                0.68847,                0.40945,             -0.0044136,             0.00098334,                      0,                0.63367,                0.67433,                0.66226,                0.54028,                0.64932,                0.41507,                0.18549,                0.46179,                 0.5839,                0.40945,                0.69271,               0.024604,                      0,                0.80965,                0.58339,                 0.3171,                0.47906,                0.26509,                0.73491,                0.73491,                      1
                      9,                0.76608,                0.54502,                 1.3933,                0.09397,                0.75757,                0.74283,                0.78258,                0.62575,                0.72175,                0.49036,                 1.4497,                0.09559,               0.009208,               0.009208,               0.009208,                      0,                0.99628,                0.69448,                0.67226,                0.69123,                0.73674,                0.15675,                0.14528,                0.45502,                0.68595,                0.41104,             -0.0051681,               0.014378,                      0,                0.64162,                0.67592,                0.66463,                0.54335,                0.65401,                0.40841,                0.18503,                0.45975,                0.58319,                0.41104,                0.68848,               0.023766,                      0,                0.80937,                0.58587,                0.31775,                 0.4845,                0.26432,                0.73568,                0.73568,                      1
                     10,                 0.7648,                0.54139,                 1.3957,                 0.0893,                0.75686,                0.73633,                0.77404,                0.61846,                0.72852,                0.48816,                 1.4587,                0.09162,               0.009109,               0.009109,               0.009109,                      0,                 0.7537,                0.68364,                0.66803,                0.63785,                0.66629,                0.28312,                0.16092,                0.46441,                0.64295,                0.41079,             -0.0049722,                0.42698,                      0,                0.64341,                0.67375,                0.66108,                0.53255,                0.65645,                0.42672,                0.18531,                0.46077,                 0.5718,                0.41079,                0.69216,               0.018305,                      0,                0.76917,                0.58406,                0.31827,                0.48249,                0.26755,                0.73245,                0.73245,                      1
                     11,                0.75554,                0.52858,                 1.3936,                0.08526,                0.77568,                0.74712,                0.78868,                0.63275,                0.70745,                0.48593,                  1.466,                0.08983,                0.00901,                0.00901,                0.00901,                      0,                 0.6516,                0.67985,                0.66708,                  0.583,                 0.6464,                0.35678,                0.17635,                0.46204,                  0.614,                0.41128,              0.0024226,                0.63223,                      0,                0.64698,                0.67387,                0.66209,                 0.5329,                0.65767,                0.42244,                0.18497,                0.45922,                0.57101,                0.41128,                0.68684,               0.011625,                      0,                0.73266,                0.58568,                0.31684,                  0.484,                0.26814,                0.73186,                0.73186,                      1
                     12,                0.75202,                0.52313,                 1.3868,                 0.0845,                 0.7586,                0.75341,                0.78628,                0.63154,                0.70583,                 0.4788,                 1.4707,                0.08867,               0.008911,               0.008911,               0.008911,                      0,                0.65454,                0.68367,                0.67269,                0.57133,                0.65115,                 0.3605,                0.18018,                0.46368,                0.60973,                0.41254,               0.013887,                0.64199,                      0,                 0.6393,                0.67661,                0.66616,                0.53019,                0.65535,                0.41979,                0.18685,                0.46394,                0.57656,                0.41254,                0.69874,               0.011069,                      0,                0.72524,                0.58096,                0.31278,                0.48099,                0.26996,                0.73004,                0.73004,                      1
                     13,                0.74623,                0.51885,                 1.3908,                0.08427,                0.76262,                 0.7523,                0.79347,                0.63562,                 0.7036,                0.47381,                 1.4725,                0.08809,               0.008812,               0.008812,               0.008812,                      0,                0.67331,                0.68456,                0.66965,                0.56938,                0.66167,                0.37081,                 0.1805,                 0.4553,                0.60472,                0.40976,               0.027953,                0.62909,                      0,                0.65376,                 0.6762,                0.66245,                0.53287,                 0.6616,                0.42412,                0.18541,                0.45724,                0.57096,                0.40976,                0.68355,               0.010857,                      0,                0.72402,                 0.5842,                0.31812,                0.48102,                0.26312,                0.73688,                0.73688,                      1
                     14,                0.74459,                0.51947,                 1.3842,                0.08282,                0.76052,                0.75738,                0.78836,                 0.6365,                0.70085,                0.46869,                 1.4736,                0.08818,               0.008713,               0.008713,               0.008713,                      0,                0.67074,                0.68294,                0.66975,                0.55485,                0.66347,                0.38495,                0.18005,                0.45655,                0.59328,                0.41092,               0.040504,                0.64325,                      0,                0.65381,                0.67719,                 0.6649,                0.52363,                0.66503,                0.42985,                0.18495,                0.45851,                0.56426,                0.41092,                0.69627,               0.010107,                      0,                0.71148,                0.58655,                0.31289,                0.48549,                0.26434,                0.73566,                0.73566,                      1
                     15,                0.74087,                 0.5125,                 1.3847,                0.08255,                0.77118,                0.74976,                0.80145,                0.64416,                0.70741,                0.47466,                 1.4803,                0.08898,               0.008614,               0.008614,               0.008614,                      0,                0.67705,                0.68267,                 0.6696,                0.55231,                0.66553,                0.38706,                0.18155,                0.45245,                0.59184,                 0.4106,               0.051781,                0.63337,                      0,                0.65537,                0.67578,                0.66374,                0.52229,                0.66547,                0.43187,                0.18699,                0.45633,                0.56071,                 0.4106,                0.69365,               0.010543,                      0,                0.70921,                 0.5856,                0.31765,                0.48426,                0.26381,                0.73619,                0.73619,                      1
                     16,                0.74015,                0.51105,                 1.3841,                0.08264,                0.76331,                 0.7578,                0.79326,                0.64113,                0.69742,                0.46862,                 1.4799,                0.08761,               0.008515,               0.008515,               0.008515,                      0,                0.67219,                 0.6831,                0.67067,                0.55455,                0.66261,                0.38447,                0.18228,                0.45579,                0.58477,                0.41236,               0.056005,                0.63647,                      0,                0.65139,                0.67547,                0.66461,                0.52334,                0.66146,                 0.4313,                0.18722,                0.45979,                0.55714,                0.41236,                0.68891,               0.010166,                      0,                0.71131,                0.58123,                0.31533,                0.48155,                0.26825,                0.73175,                0.73175,                      1
                     17,                0.73818,                 0.5064,                 1.3826,                0.08161,                0.77427,                 0.7688,                0.81467,                0.65507,                0.70442,                0.47001,                 1.4716,                0.08784,               0.008416,               0.008416,               0.008416,                      0,                0.67911,                0.68065,                0.66831,                0.54272,                0.66807,                0.39254,                0.18315,                0.45361,                0.58785,                0.41182,               0.061567,                0.63847,                      0,                0.65492,                 0.6734,                0.66195,                0.51657,                0.66492,                0.43642,                0.18714,                0.45762,                0.55747,                0.41182,                0.69174,               0.010085,                      0,                0.70055,                0.58096,                0.31421,                0.47986,                0.27155,                0.72845,                0.72845,                      1
                     18,                0.73135,                0.49971,                 1.3735,                0.08137,                0.79261,                0.75894,                0.81466,                 0.6557,                 0.7021,                0.46553,                 1.4946,                0.08809,               0.008317,               0.008317,               0.008317,                      0,                0.68519,                0.68034,                0.66422,                 0.5435,                0.67219,                0.40192,                0.18191,                0.44978,                 0.5769,                0.40969,               0.064918,                0.63613,                      0,                0.66257,                0.67367,                0.65917,                0.51553,                0.66976,                0.43986,                0.18714,                0.45472,                0.55482,                0.40969,                0.68972,              0.0099582,                      0,                0.69981,                 0.5827,                0.32068,                0.47864,                0.26495,                0.73505,                0.73505,                      1
                     19,                0.73027,                0.49782,                 1.3778,                0.08133,                0.80057,                0.77614,                0.82334,                0.67237,                0.68959,                0.44692,                 1.4653,                0.08697,               0.008218,               0.008218,               0.008218,                      0,                0.68436,                0.68273,                0.66732,                0.54001,                0.67258,                 0.3986,                0.18385,                0.44972,                0.58541,                0.41019,               0.068403,                0.64028,                      0,                0.66069,                0.67499,                0.66062,                0.51487,                0.66935,                0.44107,                0.18729,                 0.4551,                0.56045,                0.41019,                0.69309,              0.0096776,                      0,                 0.6979,                0.58532,                0.31768,                0.48241,                0.26725,                0.73275,                0.73275,                      1
                     20,                0.72759,                0.49587,                 1.3763,                0.08152,                0.78883,                0.77152,                0.81537,                0.66156,                0.68725,                0.45101,                  1.473,                0.08678,               0.008119,               0.008119,               0.008119,                      0,                0.67259,                0.68232,                0.67081,                0.54178,                0.66405,                0.39224,                0.18423,                0.45523,                0.58712,                0.41197,               0.077313,                0.64085,                      0,                0.65393,                0.67549,                0.66417,                 0.5142,                0.66533,                0.43735,                 0.1879,                0.45949,                0.55756,                0.41197,                0.69629,              0.0095208,                      0,                0.69974,                0.58195,                0.31557,                0.48117,                0.26921,                0.73079,                0.73079,                      1
                     21,                0.72856,                0.49414,                 1.3728,                0.08097,                0.79254,                0.80597,                 0.8436,                0.68574,                0.68509,                0.43964,                 1.4706,                0.08666,                0.00802,                0.00802,                0.00802,                      0,                0.68421,                0.68274,                0.66964,                0.53773,                0.67132,                0.39943,                0.18529,                0.45148,                0.57765,                0.41286,               0.080671,                0.63707,                      0,                0.65963,                 0.6758,                 0.6636,                0.51198,                0.66938,                0.44145,                0.18873,                0.45752,                0.54961,                0.41286,                0.69529,              0.0096113,                      0,                0.69605,                0.57717,                0.31643,                0.47805,                 0.2735,                 0.7265,                 0.7265,                      1
                     22,                0.72307,                0.49186,                 1.3768,                0.08101,                0.77241,                0.79998,                0.82835,                0.67581,                0.68053,                0.43895,                 1.4589,                0.08691,               0.007921,               0.007921,               0.007921,                      0,                0.68152,                0.68234,                0.66906,                0.53713,                0.67179,                0.40332,                0.18212,                0.45174,                0.57663,                0.41166,               0.075436,                0.64492,                      0,                0.66294,                 0.6763,                0.66326,                0.51406,                 0.6715,                0.44029,                0.18648,                0.45448,                0.55462,                0.41166,                 0.6951,              0.0092942,                      0,                0.69622,                0.58783,                0.31497,                0.48757,                0.26605,                0.73395,                0.73395,                      1
                     23,                0.72288,                0.48896,                 1.3829,                0.08133,                0.79575,                0.79923,                0.84225,                0.68973,                0.67798,                0.43442,                 1.4631,                0.08687,               0.007822,               0.007822,               0.007822,                      0,                0.68453,                0.68546,                0.67139,                0.53927,                0.67197,                0.39562,                0.18531,                0.44944,                0.58627,                0.41033,               0.081469,                0.63751,                      0,                 0.6649,                0.67673,                 0.6639,                0.51275,                0.67178,                0.43725,                0.18832,                0.45335,                 0.5625,                0.41033,                0.69066,              0.0094861,                      0,                0.69765,                0.58385,                0.31669,                 0.4814,                0.26724,                0.73276,                0.73276,                      1
                     24,                0.72046,                0.48808,                 1.3761,                0.08045,                0.83436,                0.77709,                0.85013,                0.69653,                0.67707,                0.43331,                 1.4412,                0.08679,               0.007723,               0.007723,               0.007723,                      0,                0.67573,                0.68292,                0.67228,                0.53073,                 0.6685,                0.40136,                0.18603,                0.45283,                0.57878,                0.41155,               0.079965,                0.64844,                      0,                 0.6578,                0.67595,                0.66608,                0.50593,                0.66803,                0.44102,                0.18918,                0.45619,                0.56022,                0.41155,                0.69639,              0.0095658,                      0,                0.69001,                0.58422,                 0.3137,                0.48391,                0.26505,                0.73495,                0.73495,                      1
                     25,                0.71812,                0.48321,                 1.3786,                0.08081,                0.79951,                0.81587,                0.84719,                0.69481,                0.67543,                0.43125,                 1.4648,                0.08636,               0.007624,               0.007624,               0.007624,                      0,                0.68002,                0.68301,                0.67076,                0.53539,                0.67176,                0.40127,                0.18523,                0.45408,                0.57538,                0.41361,               0.084576,                0.64958,                      0,                0.65777,                0.67687,                0.66507,                0.51098,                0.66965,                0.43993,                0.18889,                0.45906,                0.55428,                0.41361,                0.70156,               0.009182,                      0,                0.69447,                0.58057,                0.31345,                 0.4822,                 0.2713,                 0.7287,                 0.7287,                      1
                     26,                0.71334,                0.47917,                 1.3739,                0.08107,                0.81956,                0.78597,                0.84891,                0.69681,                0.67548,                0.43001,                 1.4505,                0.08593,               0.007525,               0.007525,               0.007525,                      0,                0.68406,                0.68523,                0.67066,                0.53719,                0.67109,                 0.3983,                0.18581,                0.44779,                0.58013,                0.41039,               0.086528,                0.63481,                      0,                0.66505,                0.67794,                0.66451,                0.51261,                0.67046,                0.43843,                0.18942,                0.45242,                0.55747,                0.41039,                 0.6856,              0.0091094,                      0,                0.69615,                0.58507,                0.31619,                0.48268,                0.26328,                0.73672,                0.73672,                      1
                     27,                0.71013,                0.47758,                 1.3784,                0.07982,                0.82977,                0.80503,                0.85895,                0.70417,                0.67356,                0.42363,                 1.4486,                0.08685,               0.007426,               0.007426,               0.007426,                      0,                0.68861,                0.68313,                0.66983,                0.52606,                0.67694,                0.41011,                0.18471,                 0.4498,                0.57297,                0.41328,               0.084839,                0.64574,                      0,                0.67063,                0.67705,                0.66473,                 0.5013,                 0.6775,                0.44627,                0.18887,                0.45358,                0.55399,                0.41328,                0.69587,              0.0089985,                      0,                0.68484,                0.58501,                 0.3114,                 0.4865,                0.27219,                0.72781,                0.72781,                      1
                     28,                0.71209,                0.47721,                 1.3737,                0.08052,                 0.8055,                 0.7974,                 0.8418,                 0.6943,                0.67345,                 0.4309,                 1.4565,                0.08611,               0.007327,               0.007327,               0.007327,                      0,                 0.6861,                0.68537,                0.67179,                0.53246,                0.67452,                0.40288,                0.18636,                0.44964,                0.56952,                0.41045,               0.086815,                 0.6427,                      0,                0.66882,                0.68045,                 0.6668,                0.50974,                0.67543,                0.44051,                0.19015,                0.45421,                 0.5523,                0.41045,                0.69358,               0.009045,                      0,                0.69242,                0.58558,                 0.3148,                0.48364,                0.26691,                0.73309,                0.73309,                      1
                     29,                0.70781,                0.47394,                  1.384,                0.07942,                0.82579,                0.81106,                0.85833,                0.70576,                0.67229,                0.41779,                 1.4646,                0.08605,               0.007228,               0.007228,               0.007228,                      0,                0.68818,                0.68078,                0.66833,                0.52308,                0.67716,                0.41406,                0.18609,                0.45026,                0.56931,                0.41262,               0.091731,                0.64757,                      0,                0.66983,                 0.6751,                0.66339,                0.49931,                0.67633,                0.44952,                0.18969,                0.45438,                0.54683,                0.41262,                0.69377,              0.0092021,                      0,                0.68183,                0.58216,                0.31659,                0.48273,                0.27145,                0.72855,                0.72855,                      1
                     30,                0.70869,                0.47364,                 1.3735,                0.08064,                0.81661,                0.80704,                 0.8537,                0.70158,                0.67104,                0.42394,                 1.4485,                0.08571,               0.007129,               0.007129,               0.007129,                      0,                0.68692,                0.68434,                0.67082,                0.53219,                0.67484,                0.40053,                0.18646,                0.44764,                 0.5814,                0.40999,               0.093722,                0.64115,                      0,                0.66921,                0.67794,                0.66512,                0.50821,                0.67413,                0.44012,                0.18879,                0.45221,                0.56149,                0.40999,                0.68783,              0.0088164,                      0,                0.69143,                0.58696,                0.31641,                0.48447,                0.26393,                0.73607,                0.73607,                      1
                     31,                0.70642,                0.46912,                 1.3767,                0.08019,                0.82193,                0.82587,                0.86333,                0.71144,                0.66802,                0.41886,                 1.4423,                0.08604,                0.00703,                0.00703,                0.00703,                      0,                0.68925,                0.68472,                0.67231,                0.52778,                0.67517,                  0.401,                0.18627,                0.44817,                0.58019,                0.41219,               0.095503,                0.63684,                      0,                0.67103,                0.67949,                0.66753,                0.50277,                0.67628,                 0.4394,                0.19024,                0.45244,                0.56144,                0.41219,                0.69055,              0.0091151,                      0,                0.68712,                0.58494,                0.31166,                0.48516,                0.26876,                0.73124,                0.73124,                      1
                     32,                0.70603,                 0.4705,                 1.3764,                0.08033,                0.81705,                0.80874,                0.85376,                0.70338,                0.66971,                0.42052,                 1.4416,                0.08578,               0.006931,               0.006931,               0.006931,                      0,                0.69038,                0.68531,                0.67112,                0.52952,                0.67572,                0.40228,                0.18584,                0.44641,                 0.5752,                0.41152,               0.094326,                0.63584,                      0,                0.67109,                   0.68,                0.66684,                0.50702,                0.67423,                0.43835,                0.18978,                0.45114,                0.55685,                0.41152,                0.68278,              0.0088458,                      0,                0.68945,                0.58439,                0.31392,                 0.4837,                0.26886,                0.73114,                0.73114,                      1
                     33,                0.69975,                0.46454,                 1.3787,                0.07968,                0.82796,                0.81614,                0.85964,                0.70902,                0.66761,                0.41619,                 1.4561,                0.08547,               0.006832,               0.006832,               0.006832,                      0,                0.68842,                0.68353,                0.67034,                0.52593,                0.67366,                0.40625,                0.18777,                0.44777,                0.56636,                0.41208,               0.095186,                0.63407,                      0,                0.67104,                0.67717,                0.66449,                0.50141,                0.67551,                0.44537,                0.19108,                 0.4519,                0.54709,                0.41208,                0.68751,              0.0089291,                      0,                0.68486,                0.58181,                0.31676,                0.48126,                0.27149,                0.72851,                0.72851,                      1
                     34,                 0.6982,                0.46221,                 1.3771,                0.08014,                0.82365,                0.80335,                0.85286,                0.70229,                0.66762,                0.41795,                 1.4564,                0.08535,               0.006733,               0.006733,               0.006733,                      0,                0.69045,                0.68636,                0.67346,                 0.5287,                0.67815,                0.40188,                0.18712,                0.44763,                 0.5697,                0.41202,               0.094431,                0.64446,                      0,                0.67822,                0.68044,                0.66795,                0.50454,                0.68019,                0.43875,                 0.1904,                0.44981,                0.55325,                0.41202,                0.68558,              0.0088926,                      0,                0.68856,                0.58284,                0.31387,                0.48265,                0.26744,                0.73256,                0.73256,                      1
                     35,                0.69935,                0.45994,                 1.3699,                 0.0787,                0.83311,                0.81189,                 0.8595,                0.70894,                0.66554,                0.41374,                 1.4512,                0.08528,               0.006634,               0.006634,               0.006634,                      0,                0.68728,                 0.6801,                 0.6694,                0.51817,                 0.6772,                 0.4129,                 0.1885,                0.44919,                0.55795,                 0.4133,               0.095392,                0.65015,                      0,                 0.6659,                0.67535,                0.66674,                0.49344,                0.67573,                0.44735,                0.19357,                0.45439,                0.53345,                 0.4133,                0.70215,              0.0089343,                      0,                0.67706,                0.58151,                0.31597,                 0.4826,                0.27132,                0.72868,                0.72868,                      1
                     36,                0.69923,                0.45562,                 1.3722,                0.07827,                0.82369,                0.82592,                 0.8609,                0.71129,                0.66417,                0.41204,                 1.4508,                0.08518,               0.006535,               0.006535,               0.006535,                      0,                0.68339,                0.68117,                0.67096,                0.51404,                 0.6751,                0.41794,                0.18807,                0.45152,                0.55507,                0.41522,               0.096443,                0.65342,                      0,                0.66552,                 0.6752,                0.66636,                0.48956,                0.67487,                0.45285,                0.19256,                0.45577,                0.53245,                0.41522,                0.69931,              0.0090795,                      0,                0.67323,                0.57927,                0.31241,                0.48306,                 0.2765,                 0.7235,                 0.7235,                      1
                     37,                0.69323,                0.45668,                 1.3771,                0.07935,                0.82417,                0.82806,                0.86636,                0.71445,                0.66403,                0.40843,                 1.4521,                0.08516,               0.006436,               0.006436,               0.006436,                      0,                0.69686,                 0.6837,                0.66842,                 0.5243,                0.68213,                0.41046,                0.18729,                0.44466,                0.56078,                0.41099,               0.098404,                0.64202,                      0,                0.67582,                0.67712,                0.66399,                0.49968,                0.68102,                0.44864,                0.19115,                0.45174,                0.53797,                0.41099,                0.69517,               0.008678,                      0,                0.68282,                0.58454,                0.31817,                0.48243,                0.26862,                0.73138,                0.73138,                      1
                     38,                0.68979,                0.45337,                 1.3791,                0.08009,                0.82723,                 0.8187,                0.86361,                0.71243,                0.66429,                0.40899,                 1.4603,                0.08499,               0.006337,               0.006337,               0.006337,                      0,                0.69069,                0.68562,                0.67314,                0.52838,                0.67677,                0.40052,                0.18657,                0.44851,                0.56978,                0.41328,               0.095738,                0.63945,                      0,                0.67012,                0.67914,                0.66821,                0.50448,                 0.6757,                0.43971,                0.18955,                0.45384,                0.55034,                0.41328,                0.69065,              0.0087175,                      0,                0.68829,                0.58175,                0.31341,                0.48327,                 0.2717,                 0.7283,                 0.7283,                      1
                     39,                0.69172,                0.45288,                 1.3815,                0.07968,                0.83003,                0.81833,                0.86375,                0.71418,                0.66285,                0.40778,                 1.4614,                0.08521,               0.006238,               0.006238,               0.006238,                      0,                0.68802,                0.68703,                0.67392,                0.52557,                0.67654,                0.40405,                0.18896,                0.44972,                0.56424,                0.41216,               0.095661,                0.64572,                      0,                0.67301,                0.67981,                0.66659,                0.50169,                 0.6789,                0.44567,                  0.191,                0.45254,                0.54115,                0.41216,                0.69474,              0.0089516,                      0,                0.68548,                0.58372,                0.31466,                0.48334,                0.27146,                0.72854,                0.72854,                      1
                     40,                0.69206,                0.45424,                 1.3704,                0.07944,                0.82051,                0.81683,                0.85735,                0.70797,                0.66242,                0.41107,                 1.4518,                0.08501,               0.006139,               0.006139,               0.006139,                      0,                 0.6903,                0.68463,                0.67109,                0.52297,                0.67841,                0.41097,                0.18776,                0.44674,                0.56471,                0.40986,               0.096697,                0.64534,                      0,                0.67053,                0.67785,                0.66573,                 0.4995,                0.67712,                0.44851,                0.19113,                0.45232,                0.54965,                0.40986,                0.69547,              0.0088734,                      0,                0.68247,                0.58742,                0.31765,                0.48473,                0.26443,                0.73557,                0.73557,                      1
                     41,                0.68679,                0.44536,                 1.3705,                0.07929,                0.82228,                0.81332,                0.85744,                0.70818,                0.66269,                0.41058,                 1.4525,                0.08485,                0.00604,                0.00604,                0.00604,                      0,                0.68876,                0.68319,                0.66986,                0.52298,                0.67747,                0.40913,                0.18763,                0.44755,                 0.5648,                0.41184,               0.092325,                0.64632,                      0,                0.67178,                0.67618,                0.66493,                0.49676,                0.67741,                0.44622,                0.19115,                0.45117,                0.54418,                0.41184,                0.69294,              0.0087329,                      0,                 0.6813,                0.58246,                0.31521,                0.48126,                0.26603,                0.73397,                0.73397,                      1
                     42,                0.68891,                0.44756,                 1.3734,                0.07942,                0.83006,                0.81587,                0.86136,                0.71207,                0.66206,                0.40873,                 1.4582,                0.08485,               0.005941,               0.005941,               0.005941,                      0,                0.69146,                0.68293,                0.66985,                0.52362,                0.67736,                0.40952,                 0.1865,                0.44624,                 0.5654,                0.41187,               0.094076,                0.63903,                      0,                0.67397,                0.67843,                0.66628,                0.49818,                0.67774,                0.44679,                0.19122,                0.45097,                0.54815,                0.41187,                0.68798,              0.0087666,                      0,                0.68231,                0.58544,                 0.3152,                0.48478,                0.26885,                0.73115,                0.73115,                      1
                     43,                0.68283,                0.44551,                 1.3718,                0.07904,                0.83112,                0.81964,                0.86529,                0.71522,                0.66115,                0.40688,                 1.4528,                0.08492,               0.005842,               0.005842,               0.005842,                      0,                0.69117,                0.68508,                0.67167,                0.52056,                 0.6772,                0.41033,                0.18789,                0.44751,                0.56436,                0.41344,               0.097427,                 0.6403,                      0,                0.67701,                0.67994,                0.66716,                 0.4939,                0.68049,                0.45036,                0.19192,                0.45237,                0.53909,                0.41344,                0.68968,              0.0089418,                      0,                0.67921,                0.58142,                 0.3139,                0.48265,                0.27471,                0.72529,                0.72529,                      1
                     44,                0.68442,                0.44246,                 1.3712,                0.07959,                0.83216,                0.82314,                0.86693,                0.71685,                 0.6604,                0.40519,                 1.4532,                0.08501,               0.005743,               0.005743,               0.005743,                      0,                0.69104,                0.68519,                0.67061,                0.52388,                0.67689,                0.40899,                0.18762,                0.44622,                0.57549,                0.41158,               0.098596,                0.63822,                      0,                0.68178,                0.67815,                 0.6646,                0.49806,                0.68155,                0.44674,                0.19031,                0.44792,                0.55115,                0.41158,                0.68095,              0.0084802,                      0,                0.68242,                0.58405,                0.31746,                0.48302,                0.26785,                0.73215,                0.73215,                      1
                     45,                0.68467,                0.44239,                 1.3711,                0.07884,                0.82893,                0.83506,                0.86841,                0.71838,                0.66028,                0.40463,                 1.4519,                0.08489,               0.005644,               0.005644,               0.005644,                      0,                0.68908,                0.68272,                0.66998,                0.51869,                0.67622,                0.41303,                0.18785,                0.44677,                 0.5609,                0.41241,               0.097671,                 0.6414,                      0,                  0.676,                0.67698,                0.66527,                 0.4937,                0.67875,                0.44741,                0.19186,                0.45024,                  0.542,                0.41241,                 0.6862,              0.0085516,                      0,                0.67746,                0.57972,                0.31417,                0.48003,                 0.2696,                 0.7304,                 0.7304,                      1
                     46,                0.68297,                0.44243,                  1.372,                0.07851,                0.83116,                0.82954,                0.86788,                0.71819,                0.66002,                0.40384,                 1.4545,                0.08487,               0.005545,               0.005545,               0.005545,                      0,                0.69208,                0.68237,                0.66994,                0.51521,                0.68045,                0.41578,                0.18866,                0.44561,                0.55852,                0.40972,               0.099601,                0.64811,                      0,                 0.6794,                0.67686,                0.66452,                0.49222,                 0.6829,                0.45223,                0.19142,                0.44959,                0.54053,                0.40972,                0.69263,              0.0085001,                      0,                0.67458,                0.58536,                0.31761,                0.48212,                 0.2646,                 0.7354,                 0.7354,                      1
                     47,                0.68499,                0.44002,                 1.3696,                0.07847,                0.83209,                0.82743,                0.86795,                0.71754,                0.66037,                0.40342,                 1.4538,                 0.0849,               0.005446,               0.005446,               0.005446,                      0,                0.69465,                0.68261,                0.67017,                0.51625,                0.68112,                 0.4152,                0.18836,                0.44583,                0.56006,                0.41094,                0.10194,                0.64417,                      0,                 0.6815,                 0.6757,                0.66416,                0.48854,                0.68494,                0.45528,                 0.1918,                0.44946,                0.53978,                0.41094,                0.69432,               0.008959,                      0,                0.67406,                0.58102,                0.31865,                0.47974,                0.26805,                0.73195,                0.73195,                      1
                     48,                 0.6793,                0.43891,                 1.3698,                0.07854,                0.81422,                0.83752,                0.86609,                 0.7166,                0.65993,                0.40357,                 1.4555,                0.08496,               0.005347,               0.005347,               0.005347,                      0,                0.69413,                0.68406,                0.67171,                0.51453,                0.68134,                0.41559,                0.18746,                0.44635,                0.56519,                0.41295,                0.10127,                0.64697,                      0,                0.68279,                0.67889,                0.66662,                0.48945,                0.68404,                0.45241,                0.19082,                0.44992,                0.54595,                0.41295,                 0.6874,              0.0086583,                      0,                0.67368,                0.58606,                0.31309,                  0.487,                0.27117,                0.72883,                0.72883,                      1
                     49,                0.67865,                 0.4359,                 1.3635,                0.07913,                0.82731,                0.82302,                0.86435,                0.71601,                0.65982,                0.40407,                 1.4537,                0.08486,               0.005248,               0.005248,               0.005248,                      0,                0.69012,                 0.6831,                0.67046,                0.52036,                0.67889,                0.41345,                0.18888,                0.44734,                0.56422,                0.41161,                 0.1006,                0.64849,                      0,                0.67627,                0.67668,                 0.6654,                0.49667,                0.68037,                0.44733,                 0.1923,                0.45099,                0.54571,                0.41161,                0.69147,              0.0083176,                      0,                0.67966,                0.58215,                0.31803,                0.48126,                0.26974,                0.73026,                0.73026,                      1
                     50,                0.67659,                0.43282,                 1.3682,                0.07909,                0.83553,                0.81405,                 0.8613,                0.71414,                0.66002,                0.40471,                 1.4533,                0.08486,               0.005149,               0.005149,               0.005149,                      0,                0.68958,                 0.6865,                0.67307,                0.51921,                0.67746,                0.41019,                0.18747,                0.44706,                0.56991,                0.41274,                0.10035,                0.64492,                      0,                0.67753,                0.68077,                0.66703,                0.49301,                0.68132,                0.44995,                 0.1909,                0.45105,                0.54979,                0.41274,                0.69149,              0.0088389,                      0,                0.67824,                0.58418,                 0.3128,                0.48509,                0.27145,                0.72855,                0.72855,                      1
                     51,                0.67674,                 0.4317,                 1.3611,                 0.0794,                0.83611,                0.81269,                0.86052,                0.71343,                0.66001,                0.40546,                 1.4519,                0.08486,                0.00505,                0.00505,                0.00505,                      0,                0.69343,                0.68542,                0.67168,                0.52349,                0.67864,                0.40507,                0.18802,                0.44355,                0.56289,                0.41012,                0.10225,                0.63781,                      0,                0.67871,                  0.679,                0.66645,                0.49886,                0.68016,                0.44238,                0.19162,                0.44765,                0.54339,                0.41012,                0.68419,              0.0085636,                      0,                0.68276,                0.58263,                0.31591,                0.47968,                0.26602,                0.73398,                0.73398,                      1
                     52,                0.67196,                0.42901,                 1.3724,                0.07927,                0.82872,                0.82215,                0.86214,                0.71458,                0.65976,                0.40439,                  1.453,                0.08483,               0.004951,               0.004951,               0.004951,                      0,                0.68639,                0.68475,                0.67163,                0.52135,                0.67436,                0.40841,                0.18742,                0.44729,                0.57036,                0.41231,                0.10389,                0.64197,                      0,                0.67447,                0.67908,                0.66557,                0.49553,                0.67769,                0.44796,                0.19103,                0.45157,                0.54686,                0.41231,                0.68637,              0.0086899,                      0,                0.68015,                0.58356,                0.31349,                0.48343,                0.27087,                0.72913,                0.72913,                      1
                     53,                0.67058,                0.42608,                 1.3654,                0.07874,                0.82898,                 0.8218,                0.86167,                0.71433,                0.65953,                0.40415,                 1.4536,                 0.0848,               0.004852,               0.004852,               0.004852,                      0,                0.69365,                0.68428,                0.67259,                0.51727,                0.67876,                0.41124,                0.18684,                0.44466,                0.56276,                 0.4119,                 0.1022,                0.63797,                      0,                0.68173,                0.67841,                0.66753,                0.49026,                0.68246,                  0.448,                0.19169,                0.44728,                  0.545,                 0.4119,                0.68447,              0.0085747,                      0,                0.67599,                0.58515,                0.31468,                0.48529,                0.26742,                0.73258,                0.73258,                      1
                     54,                0.66635,                 0.4253,                   1.37,                0.07832,                0.82425,                0.82867,                0.86246,                0.71522,                0.65922,                0.40366,                 1.4534,                0.08476,               0.004753,               0.004753,               0.004753,                      0,                0.69566,                0.68456,                0.66993,                0.51397,                0.68099,                0.41832,                0.18849,                0.44186,                0.55932,                0.41041,                0.10052,                0.64061,                      0,                0.68296,                0.67739,                0.66441,                 0.4874,                 0.6853,                 0.4552,                0.19189,                0.44625,                0.54718,                0.41041,                0.69174,               0.008657,                      0,                0.67213,                0.58605,                0.31481,                0.48323,                0.26647,                0.73353,                0.73353,                      1
                     55,                0.67187,                0.42657,                 1.3658,                0.07878,                0.83511,                0.82081,                0.86282,                0.71657,                0.65874,                0.40303,                 1.4537,                0.08474,               0.004654,               0.004654,               0.004654,                      0,                0.69407,                0.68625,                0.67425,                 0.5169,                0.68099,                0.41192,                0.18895,                0.44485,                0.55928,                0.41189,                0.10238,                0.64523,                      0,                0.67886,                0.67851,                 0.6674,                0.49338,                0.68174,                0.45006,                0.19185,                0.44914,                0.54224,                0.41189,                0.68962,              0.0083407,                      0,                0.67705,                0.58596,                 0.3159,                  0.486,                0.26781,                0.73219,                0.73219,                      1
                     56,                0.66492,                0.42289,                 1.3658,                0.07822,                0.83786,                0.82061,                0.86288,                0.71615,                0.65845,                0.40276,                 1.4546,                0.08473,               0.004555,               0.004555,               0.004555,                      0,                0.70024,                 0.6815,                0.66637,                0.51485,                0.68424,                0.42345,                 0.1857,                0.44115,                0.55777,                0.41029,                0.10245,                0.64008,                      0,                0.68251,                0.67414,                0.66084,                0.48778,                0.68508,                0.46004,                0.19063,                0.44613,                0.53818,                0.41029,                0.69217,              0.0085694,                      0,                0.67196,                 0.5877,                0.31877,                0.48535,                0.26589,                0.73411,                0.73411,                      1
                     57,                0.66646,                0.42206,                 1.3629,                0.07833,                0.83714,                0.82278,                0.86275,                0.71619,                 0.6583,                0.40228,                 1.4552,                0.08472,               0.004456,               0.004456,               0.004456,                      0,                 0.6872,                0.68376,                0.67297,                0.51379,                0.67668,                0.41449,                0.18878,                0.44692,                0.55091,                0.41392,                0.10015,                 0.6482,                      0,                0.67582,                0.67744,                0.66787,                0.49115,                0.67965,                0.44614,                0.19303,                0.45006,                0.53703,                0.41392,                0.69002,              0.0083531,                      0,                0.67406,                0.58264,                 0.3135,                0.48492,                0.26971,                0.73029,                0.73029,                      1
                     58,                0.66479,                0.41949,                 1.3561,                0.07822,                0.83666,                0.82318,                0.86249,                0.71593,                0.65794,                0.40201,                 1.4553,                0.08471,               0.004357,               0.004357,               0.004357,                      0,                0.69587,                0.68553,                0.67253,                0.51256,                0.68281,                0.41779,                 0.1875,                0.44343,                0.55771,                0.41047,               0.099368,                0.64635,                      0,                 0.6813,                0.67903,                0.66684,                0.48742,                0.68551,                0.45626,                0.19131,                0.44804,                0.53926,                0.41047,                0.69726,               0.008454,                      0,                0.67184,                0.58767,                0.31373,                0.48561,                0.26365,                0.73635,                0.73635,                      1
                     59,                0.66738,                0.41873,                 1.3661,                0.07863,                0.83819,                0.82244,                0.86254,                 0.7155,                0.65776,                0.40174,                  1.456,                0.08472,               0.004258,               0.004258,               0.004258,                      0,                 0.6893,                0.68538,                 0.6732,                0.51714,                0.67753,                0.41154,                0.18922,                0.44675,                0.56294,                 0.4131,               0.098426,                0.64604,                      0,                0.67504,                0.67753,                0.66591,                0.48852,                0.68072,                0.45463,                0.19215,                0.45167,                0.53876,                 0.4131,                0.69591,              0.0085778,                      0,                0.67529,                 0.5788,                0.31479,                0.47954,                0.27216,                0.72784,                0.72784,                      1
                     60,                 0.6577,                0.41531,                  1.354,                0.07797,                 0.8401,                0.82282,                0.86266,                0.71583,                0.65756,                0.40165,                 1.4557,                0.08472,               0.004159,               0.004159,               0.004159,                      0,                0.69865,                0.68585,                0.67072,                0.51189,                0.68203,                0.41926,                0.18822,                0.44303,                0.55583,                0.41206,               0.097363,                0.63756,                      0,                0.68334,                0.67774,                0.66338,                 0.4852,                0.68457,                0.45795,                0.19131,                0.44763,                0.53349,                0.41206,                0.68786,              0.0084246,                      0,                0.67006,                0.58194,                0.31442,                0.48119,                0.27199,                0.72801,                0.72801,                      1
                     61,                0.66279,                0.41599,                 1.3581,                0.07832,                0.84156,                  0.824,                0.86248,                0.71605,                0.65742,                 0.4015,                 1.4563,                0.08472,                0.00406,                0.00406,                0.00406,                      0,                0.69484,                0.68419,                0.67055,                0.51418,                0.68079,                0.41758,                0.18769,                0.44381,                0.55859,                0.41307,               0.096754,                0.64267,                      0,                0.68146,                0.67813,                0.66558,                0.48899,                0.68311,                0.45279,                0.19183,                0.44755,                 0.5358,                0.41307,                0.68756,              0.0082764,                      0,                0.67301,                0.58173,                0.31413,                0.48241,                0.26936,                0.73064,                0.73064,                      1
                     62,                0.66057,                0.41517,                 1.3627,                0.07781,                0.83979,                0.82362,                0.86205,                0.71597,                0.65712,                0.40149,                 1.4569,                0.08472,               0.003961,               0.003961,               0.003961,                      0,                0.69797,                0.68517,                0.67124,                0.50943,                0.68423,                 0.4233,                0.18883,                0.44444,                0.55585,                0.41245,               0.096273,                0.64741,                      0,                0.68884,                0.67919,                0.66558,                0.48321,                0.68934,                0.45937,                0.19271,                0.44727,                0.53955,                0.41245,                0.69066,              0.0083875,                      0,                0.66803,                0.58422,                0.31564,                0.48421,                0.27182,                0.72818,                0.72818,                      1
                     63,                0.65983,                0.41454,                 1.3623,                0.07861,                0.84013,                0.82382,                0.86276,                0.71637,                0.65706,                0.40115,                  1.457,                 0.0847,               0.003862,               0.003862,               0.003862,                      0,                0.69063,                 0.6847,                0.67059,                0.51588,                0.67919,                0.41899,                 0.1879,                  0.445,                0.55944,                0.40987,               0.095344,                0.64736,                      0,                0.67854,                0.67791,                0.66449,                0.49211,                0.68115,                0.45157,                0.19186,                0.44788,                0.54548,                0.40987,                 0.6884,              0.0081996,                      0,                 0.6751,                0.58494,                0.31756,                0.48197,                0.26437,                0.73563,                0.73563,                      1
                     64,                0.66004,                0.41309,                 1.3657,                 0.0784,                0.84051,                0.82456,                0.86289,                0.71622,                0.65683,                0.40082,                 1.4581,                0.08469,               0.003763,               0.003763,               0.003763,                      0,                0.69652,                0.68515,                 0.6726,                0.51351,                0.68223,                0.41499,                0.18743,                0.44291,                0.56194,                0.40959,                0.09522,                0.64243,                      0,                0.68668,                0.67888,                0.66608,                0.48907,                0.68693,                0.45386,                0.19082,                0.44625,                0.54124,                0.40959,                0.68765,              0.0084564,                      0,                0.67297,                0.58672,                 0.3156,                0.48391,                0.26414,                0.73586,                0.73586,                      1
                     65,                0.65681,                0.40822,                 1.3645,                0.07852,                0.83806,                0.82627,                0.86276,                0.71645,                 0.6566,                0.40051,                 1.4594,                0.08468,               0.003664,               0.003664,               0.003664,                      0,                  0.694,                0.68797,                0.67207,                0.51712,                0.68103,                0.41773,                0.18818,                0.44466,                 0.5522,                0.41063,               0.095527,                0.64547,                      0,                0.68274,                0.68062,                0.66512,                0.49191,                0.68436,                0.45517,                0.19186,                0.44782,                0.53128,                0.41063,                0.68881,              0.0082506,                      0,                0.67616,                0.58161,                0.31629,                0.47945,                0.26726,                0.73274,                0.73274,                      1
                     66,                0.65427,                0.40963,                 1.3562,                0.07829,                0.83829,                0.82463,                 0.8626,                0.71705,                0.65657,                0.40036,                 1.4597,                0.08467,               0.003565,               0.003565,               0.003565,                      0,                0.69205,                0.68464,                0.67143,                0.51375,                0.68057,                0.41737,                0.18801,                0.44514,                0.55997,                0.41116,               0.097356,                0.64909,                      0,                0.67918,                0.67671,                0.66472,                0.48746,                0.68329,                0.45668,                0.19157,                0.44989,                0.53948,                0.41116,                0.69456,              0.0083534,                      0,                0.67228,                0.58363,                0.31604,                0.48204,                0.26724,                0.73276,                0.73276,                      1
                     67,                0.65394,                0.40599,                 1.3537,                0.07787,                0.83786,                0.82491,                0.86285,                  0.717,                0.65637,                0.40021,                   1.46,                0.08465,               0.003466,               0.003466,               0.003466,                      0,                0.69347,                0.68356,                0.67009,                0.51027,                0.68137,                 0.4222,                0.18961,                0.44464,                0.55831,                0.41054,               0.099898,                0.64839,                      0,                0.68039,                0.67578,                0.66318,                0.48425,                0.68388,                0.45845,                0.19307,                 0.4495,                0.53623,                0.41054,                 0.6934,              0.0083857,                      0,                0.66854,                0.58249,                 0.3167,                0.47922,                0.26844,                0.73156,                0.73156,                      1
                     68,                 0.6517,                0.40124,                   1.36,                0.07757,                0.83694,                0.82718,                0.86293,                0.71713,                0.65624,                 0.4001,                 1.4607,                0.08465,               0.003367,               0.003367,               0.003367,                      0,                0.69216,                0.68399,                0.67252,                0.50523,                0.68189,                0.42159,                0.18972,                0.44697,                0.55977,                 0.4119,               0.099468,                0.65402,                      0,                0.68292,                0.67752,                0.66602,                0.48088,                 0.6868,                0.45747,                0.19363,                0.45029,                0.54464,                 0.4119,                0.69733,              0.0081372,                      0,                0.66471,                0.58515,                0.31703,                0.48456,                0.26925,                0.73075,                0.73075,                      1
                     69,                0.64963,                0.40351,                 1.3581,                0.07816,                  0.839,                0.82506,                0.86276,                0.71768,                0.65612,                0.40001,                 1.4607,                0.08463,               0.003268,               0.003268,               0.003268,                      0,                0.68826,                0.68477,                0.67394,                0.51112,                 0.6794,                0.41452,                0.18948,                0.44634,                0.56324,                0.41241,               0.099518,                0.65557,                      0,                0.67661,                 0.6767,                0.66699,                0.48521,                0.68361,                0.45422,                0.19316,                0.45103,                0.54226,                0.41241,                0.70245,              0.0082432,                      0,                0.67039,                0.58145,                0.31426,                0.48176,                0.27094,                0.72906,                0.72906,                      1
                     70,                0.64966,                0.40275,                 1.3455,                0.07756,                0.84104,                0.82422,                0.86344,                0.71785,                0.65602,                0.40002,                 1.4606,                0.08464,               0.003169,               0.003169,               0.003169,                      0,                0.69557,                0.68435,                0.67186,                0.50711,                0.68207,                0.42136,                 0.1899,                0.44227,                0.55138,                0.41119,                0.10116,                0.64492,                      0,                0.68418,                0.67617,                0.66484,                 0.4838,                 0.6855,                0.45609,                0.19333,                0.44653,                0.53114,                0.41119,                0.68916,              0.0082605,                      0,                0.66672,                0.58203,                0.31605,                0.48092,                0.26655,                0.73345,                0.73345,                      1
                     71,                0.64568,                0.39773,                 1.3539,                0.07791,                0.84277,                 0.8242,                0.86404,                0.71849,                0.65596,                0.39977,                 1.4611,                0.08463,                0.00307,                0.00307,                0.00307,                      0,                0.69328,                0.68585,                0.67369,                0.50955,                0.68164,                0.42072,                0.18873,                0.44493,                0.55434,                0.41363,                 0.1006,                 0.6503,                      0,                0.68137,                0.67933,                0.66812,                0.48539,                0.68332,                0.45381,                0.19301,                0.44768,                0.53672,                0.41363,                0.68857,              0.0081958,                      0,                0.66945,                0.58362,                 0.3116,                0.48557,                0.27086,                0.72914,                0.72914,                      1
                     72,                0.64572,                0.39555,                  1.357,                0.07716,                0.84049,                0.82583,                0.86427,                0.71866,                0.65591,                0.39963,                 1.4616,                0.08462,               0.002971,               0.002971,               0.002971,                      0,                0.69441,                0.68225,                0.67049,                0.50405,                0.68201,                0.42669,                0.18897,                0.44431,                0.54991,                0.41209,               0.099864,                0.64837,                      0,                0.68586,                0.67471,                 0.6641,                0.47924,                0.68603,                0.45903,                 0.1927,                0.44659,                0.53066,                0.41209,                 0.6865,              0.0082322,                      0,                0.66287,                0.58005,                0.31622,                0.47982,                0.26942,                0.73058,                0.73058,                      1
                     73,                0.64284,                0.39344,                 1.3581,                0.07748,                0.84014,                0.82624,                0.86463,                0.71903,                0.65591,                0.39948,                 1.4617,                0.08461,               0.002872,               0.002872,               0.002872,                      0,                0.69675,                0.68635,                0.67388,                0.50641,                0.68363,                   0.42,                0.19063,                0.44427,                0.55205,                0.41306,               0.099921,                0.64857,                      0,                0.68643,                0.67978,                0.66846,                0.47995,                0.68788,                0.45487,                0.19498,                0.44747,                0.53362,                0.41306,                0.69173,              0.0082955,                      0,                0.66561,                0.58327,                0.31457,                0.48445,                0.27223,                0.72777,                0.72777,                      1
                     74,                0.64009,                0.39317,                 1.3439,                0.07816,                0.83614,                0.83085,                 0.8644,                0.71874,                0.65584,                0.39939,                 1.4619,                 0.0846,               0.002773,               0.002773,               0.002773,                      0,                0.69459,                0.68741,                0.67446,                0.51311,                0.68102,                0.41374,                0.18973,                 0.4421,                0.55033,                0.41108,               0.097787,                0.64349,                      0,                 0.6857,                0.68041,                0.66799,                0.48787,                0.68614,                0.45061,                0.19312,                0.44507,                0.53106,                0.41108,                0.68737,               0.008113,                      0,                0.67277,                0.58803,                0.31436,                0.48679,                0.26554,                0.73446,                0.73446,                      1
                     75,                0.64127,                0.39468,                 1.3489,                0.07735,                0.83588,                0.83136,                0.86451,                0.71922,                0.65577,                0.39923,                 1.4621,                0.08459,               0.002674,               0.002674,               0.002674,                      0,                 0.6948,                0.68387,                0.67198,                0.50372,                0.68315,                0.42488,                 0.1877,                0.44349,                0.55592,                0.41101,               0.098165,                0.65121,                      0,                0.68857,                0.67944,                0.66776,                0.48008,                0.68905,                0.45716,                0.19248,                0.44522,                0.53899,                0.41101,                0.69035,              0.0082128,                      0,                0.66348,                0.58642,                0.31421,                0.48478,                0.26724,                0.73276,                0.73276,                      1
                     76,                0.63705,                0.39047,                  1.348,                0.07765,                 0.8367,                0.83152,                0.86449,                0.71894,                0.65574,                 0.3992,                 1.4622,                0.08459,               0.002575,               0.002575,               0.002575,                      0,                0.70086,                0.68682,                0.67292,                0.50701,                 0.6851,                0.41933,                0.18939,                0.43813,                0.55719,                0.41055,               0.096725,                0.64133,                      0,                0.68866,                0.67896,                0.66569,                0.48163,                0.68771,                0.45617,                0.19265,                 0.4413,                0.54045,                0.41055,                0.68505,              0.0081968,                      0,                0.66618,                0.58707,                0.31338,                0.48498,                0.26469,                0.73531,                0.73531,                      1
                     77,                0.64057,                0.39085,                 1.3494,                0.07721,                0.83858,                0.83011,                0.86457,                0.71917,                0.65576,                0.39909,                 1.4628,                 0.0846,               0.002476,               0.002476,               0.002476,                      0,                0.69025,                0.68224,                0.67107,                0.50503,                0.68162,                0.42817,                0.18876,                0.44635,                0.54754,                 0.4106,                0.09632,                0.65746,                      0,                0.68138,                0.67598,                0.66485,                0.48029,                0.68579,                0.46284,                0.19254,                0.44929,                0.52582,                 0.4106,                 0.6981,              0.0080839,                      0,                0.66403,                0.58632,                0.31692,                0.48467,                0.26337,                0.73663,                0.73663,                      1
                     78,                0.63651,                0.38731,                 1.3406,                0.07792,                0.83796,                0.82956,                0.86431,                0.71893,                0.65575,                0.39917,                 1.4633,                 0.0846,               0.002377,               0.002377,               0.002377,                      0,                 0.6943,                0.68659,                0.67449,                0.50844,                0.68284,                 0.4177,                 0.1896,                0.44432,                0.56095,                 0.4114,               0.095262,                0.65152,                      0,                0.68885,                0.68029,                0.66792,                0.48318,                0.68905,                0.45353,                0.19354,                0.44602,                0.54409,                 0.4114,                0.68962,              0.0083364,                      0,                0.66809,                0.58252,                 0.3144,                0.48109,                0.26785,                0.73215,                0.73215,                      1
                     79,                0.63804,                0.38852,                 1.3456,                0.07762,                0.84002,                0.82811,                 0.8642,                0.71879,                 0.6557,                0.39907,                 1.4637,                0.08459,               0.002278,               0.002278,               0.002278,                      0,                0.68999,                0.68659,                0.67666,                0.50668,                0.67945,                0.41683,                0.18978,                0.44669,                0.55695,                0.41345,               0.094385,                0.65085,                      0,                0.68404,                0.67917,                0.67011,                 0.4793,                0.68613,                0.45253,                 0.1934,                 0.4481,                0.53686,                0.41345,                0.69179,              0.0081906,                      0,                0.66617,                0.58328,                0.31167,                0.48519,                0.26929,                0.73071,                0.73071,                      1
                     80,                0.62816,                0.38273,                  1.346,                0.07756,                0.84142,                0.82857,                0.86385,                0.71875,                 0.6558,                0.39925,                 1.4639,                0.08459,               0.002179,               0.002179,               0.002179,                      0,                0.69433,                0.68464,                0.67214,                 0.5066,                0.68297,                0.41943,                0.18883,                0.44478,                0.55543,                0.41139,               0.094769,                  0.652,                      0,                0.68747,                0.67902,                0.66638,                0.48163,                0.68891,                0.45511,                0.19333,                0.44711,                0.53575,                0.41139,                0.69282,              0.0084415,                      0,                0.66583,                 0.5862,                0.31502,                0.48498,                0.26845,                0.73155,                0.73155,                      1
                     81,                0.63366,                0.38446,                  1.342,                0.07716,                0.84215,                0.82818,                0.86389,                0.71894,                0.65574,                0.39913,                  1.464,                0.08458,                0.00208,                0.00208,                0.00208,                      0,                0.69531,                0.68459,                0.67238,                0.50358,                 0.6853,                0.42738,                0.19024,                0.44572,                0.55211,                0.41122,               0.094133,                0.65832,                      0,                0.68392,                0.67666,                0.66567,                0.47734,                0.68893,                0.46418,                0.19384,                0.45035,                0.53437,                0.41122,                0.70245,              0.0084005,                      0,                0.66237,                0.58167,                0.31836,                0.48029,                0.27065,                0.72935,                0.72935,                      1
                     82,                0.63239,                0.38304,                 1.3362,                0.07753,                0.84222,                0.82837,                0.86382,                0.71872,                0.65565,                0.39907,                 1.4645,                0.08458,               0.001981,               0.001981,               0.001981,                      0,                0.69445,                0.68614,                0.67251,                0.50745,                0.68292,                0.42383,                0.18951,                0.44586,                0.55024,                0.41203,               0.095387,                0.65199,                      0,                0.68397,                0.67952,                0.66607,                0.48259,                0.68596,                0.45902,                0.19331,                0.44873,                0.52733,                0.41203,                0.69132,              0.0081463,                      0,                0.66675,                0.58197,                0.31514,                0.48148,                 0.2715,                 0.7285,                 0.7285,                      1
                     83,                0.62716,                0.37848,                 1.3476,                0.07679,                0.84259,                0.83017,                0.86383,                0.71872,                0.65565,                0.39903,                 1.4649,                0.08459,               0.001882,               0.001882,               0.001882,                      0,                0.69558,                  0.685,                0.67304,                0.50103,                0.68515,                0.42938,                0.18982,                0.44585,                0.54214,                0.41384,               0.094477,                0.65739,                      0,                0.68495,                0.67924,                0.66744,                0.47644,                0.68824,                0.46225,                 0.1948,                0.44932,                0.52453,                0.41384,                0.69699,              0.0082097,                      0,                0.66062,                0.58044,                0.31431,                0.48231,                0.27305,                0.72695,                0.72695,                      1
                     84,                0.63279,                0.38018,                 1.3512,                0.07738,                0.84015,                0.83193,                0.86368,                0.71896,                0.65564,                0.39902,                 1.4656,                0.08458,               0.001783,               0.001783,               0.001783,                      0,                0.69495,                0.68641,                0.67487,                0.50477,                0.68627,                0.42493,                 0.1901,                0.44441,                 0.5508,                0.41141,               0.093539,                0.66236,                      0,                0.68789,                0.67989,                0.66778,                0.48022,                0.69107,                0.45736,                0.19436,                0.44584,                0.53493,                0.41141,                 0.6998,              0.0083033,                      0,                0.66471,                0.58628,                0.31574,                0.48559,                0.26663,                0.73337,                0.73337,                      1
                     85,                0.62898,                0.37836,                 1.3429,                0.07747,                0.83875,                0.83227,                0.86353,                0.71885,                0.65566,                0.39915,                 1.4662,                0.08457,               0.001684,               0.001684,               0.001684,                      0,                0.70026,                0.68506,                0.67097,                0.50662,                0.68472,                0.42473,                0.18787,                0.44091,                0.55064,                0.41227,               0.092976,                0.64264,                      0,                0.69036,                 0.6772,                0.66284,                0.48294,                0.68828,                0.45966,                0.19105,                0.44345,                0.53251,                0.41227,                0.68265,              0.0079574,                      0,                0.66579,                0.58181,                0.31433,                  0.482,                0.26978,                0.73022,                0.73022,                      1
                     86,                0.62302,                0.37406,                 1.3357,                0.07636,                0.83909,                0.83264,                0.86374,                0.71893,                 0.6555,                0.39896,                 1.4665,                0.08456,               0.001585,               0.001585,               0.001585,                      0,                0.69367,                 0.6853,                0.67468,                0.49709,                 0.6847,                0.42778,                0.19064,                0.44674,                0.54066,                0.41422,               0.092896,                0.66097,                      0,                0.68506,                0.67888,                0.66824,                0.47207,                 0.6885,                0.46317,                0.19481,                0.45022,                0.51919,                0.41422,                0.69759,              0.0082664,                      0,                0.65688,                0.58314,                0.31176,                0.48559,                0.27437,                0.72563,                0.72563,                      1
                     87,                0.62423,                0.37496,                   1.34,                 0.0774,                0.83924,                0.83193,                0.86366,                0.71907,                 0.6555,                0.39878,                  1.467,                0.08456,               0.001486,               0.001486,               0.001486,                      0,                0.69698,                0.68514,                0.67299,                0.50531,                0.68604,                 0.4226,                0.18858,                0.44413,                0.55281,                0.41214,               0.092755,                0.65595,                      0,                0.68707,                0.67951,                0.66767,                0.48074,                0.68921,                0.45712,                 0.1937,                0.44663,                0.53074,                0.41214,                0.69507,              0.0082705,                      0,                0.66492,                 0.5853,                  0.315,                 0.4855,                0.26668,                0.73332,                0.73332,                      1
                     88,                0.62272,                0.37351,                  1.335,                0.07697,                0.83816,                0.83237,                0.86348,                0.71923,                0.65559,                0.39891,                 1.4674,                0.08455,               0.001387,               0.001387,               0.001387,                      0,                  0.699,                0.68515,                 0.6726,                0.50213,                0.68596,                0.42704,                0.18989,                0.44194,                0.54776,                0.41031,               0.092141,                0.64995,                      0,                0.68618,                0.67722,                0.66485,                0.47777,                0.68772,                0.46307,                0.19309,                0.44504,                0.52777,                0.41031,                0.69199,              0.0081772,                      0,                0.66152,                0.58733,                0.31822,                0.48505,                0.26595,                0.73405,                0.73405,                      1
                     89,                0.62158,                0.37047,                  1.338,                0.07761,                0.84032,                0.83058,                0.86322,                0.71905,                0.65557,                0.39899,                 1.4678,                0.08454,               0.001288,               0.001288,               0.001288,                      0,                0.69478,                0.68679,                0.67271,                0.50862,                0.68327,                0.42384,                 0.1906,                0.44663,                 0.5488,                0.41323,                0.09145,                0.65294,                      0,                0.68271,                0.67983,                0.66671,                0.48296,                 0.6863,                0.45704,                0.19545,                0.45088,                0.52836,                0.41323,                0.69578,              0.0080127,                      0,                0.66774,                0.57726,                0.31581,                0.47765,                0.27518,                0.72482,                0.72482,                      1
                     90,                0.61831,                 0.3684,                 1.3343,                0.07723,                0.84125,                 0.8298,                0.86298,                0.71895,                0.65555,                0.39902,                  1.468,                0.08454,               0.001189,               0.001189,               0.001189,                      0,                0.69897,                0.68732,                0.67497,                0.50231,                0.68592,                0.42436,                0.18899,                0.44276,                0.55759,                0.41296,               0.090924,                0.65047,                      0,                 0.6893,                0.68068,                0.66968,                 0.4767,                0.68929,                0.45688,                0.19406,                0.44616,                 0.5385,                0.41296,                0.68928,              0.0079355,                      0,                0.66207,                0.58554,                0.31351,                0.48708,                0.26905,                0.73095,                0.73095,                      1
                     91,                0.62265,                0.36845,                 1.3345,                0.07699,                0.83933,                0.83132,                0.86291,                0.71883,                0.65549,                0.39911,                 1.4681,                0.08454,                0.00109,                0.00109,                0.00109,                      0,                0.69257,                0.68505,                0.67524,                0.49905,                0.68394,                0.42465,                0.19023,                0.44585,                0.55323,                0.41351,               0.089624,                0.66056,                      0,                0.68481,                0.67963,                0.66926,                 0.4779,                0.68795,                0.45551,                0.19471,                0.44821,                0.53793,                0.41351,                0.69645,              0.0078534,                      0,                0.66031,                0.58326,                0.31167,                0.48493,                0.26951,                0.73049,                0.73049,                      1
                     92,                0.61998,                0.36811,                 1.3283,                0.07665,                0.84006,                0.83159,                0.86317,                0.71928,                0.65556,                0.39933,                 1.4684,                0.08455,               0.000991,               0.000991,               0.000991,                      0,                0.70192,                0.68444,                 0.6719,                0.49795,                0.68907,                0.43095,                0.18992,                0.44111,                 0.5492,                0.41138,                  0.089,                0.65393,                      0,                0.69121,                 0.6787,                0.66648,                0.47523,                 0.6914,                0.46211,                0.19442,                  0.444,                0.53085,                0.41138,                0.69193,              0.0080976,                      0,                 0.6579,                0.58466,                0.31665,                0.48415,                0.26776,                0.73224,                0.73224,                      1
                     93,                0.61726,                0.36587,                 1.3333,                0.07669,                 0.8391,                0.83327,                 0.8633,                0.71939,                0.65563,                0.39943,                 1.4687,                0.08455,               0.000892,               0.000892,               0.000892,                      0,                0.69022,                0.68694,                 0.6757,                0.49911,                0.68266,                0.42829,                0.19138,                0.44779,                0.54483,                0.41435,               0.089311,                0.66283,                      0,                 0.6832,                0.67993,                0.66903,                0.47437,                0.68747,                0.46118,                0.19582,                0.45145,                0.52502,                0.41435,                0.69866,              0.0081272,                      0,                0.65923,                0.57933,                0.31171,                0.48219,                0.27607,                0.72393,                0.72393,                      1
                     94,                0.61348,                0.36256,                 1.3276,                 0.0764,                0.83911,                0.83337,                0.86346,                0.71957,                0.65552,                0.39932,                 1.4689,                0.08455,               0.000793,               0.000793,               0.000793,                      0,                0.69501,                0.68272,                0.67004,                0.49775,                0.68459,                 0.4332,                0.19045,                0.44486,                0.54458,                0.41164,               0.089355,                0.65648,                      0,                 0.6871,                0.67688,                0.66453,                0.47247,                0.69055,                0.46777,                 0.1948,                0.44829,                0.52588,                0.41164,                0.69986,               0.008026,                      0,                0.65637,                0.57992,                0.31764,                0.47861,                0.27041,                0.72959,                0.72959,                      1
                     95,                 0.6109,                0.36142,                 1.3285,                0.07644,                0.83941,                0.83229,                0.86323,                0.71943,                0.65549,                 0.3993,                 1.4692,                0.08455,               0.000694,               0.000694,               0.000694,                      0,                0.69903,                0.68417,                0.67103,                0.49897,                0.68716,                0.43194,                0.18967,                0.44092,                0.54026,                0.41145,                0.08869,                0.65442,                      0,                0.68983,                0.67624,                0.66365,                 0.4735,                0.69165,                0.46617,                0.19376,                0.44356,                0.52148,                0.41145,                0.69666,              0.0081305,                      0,                0.65762,                 0.5835,                0.31605,                0.48212,                0.26612,                0.73388,                0.73388,                      1
                     96,                0.60899,                0.36011,                 1.3249,                0.07687,                0.83954,                0.83283,                0.86341,                 0.7196,                0.65557,                0.39948,                 1.4692,                0.08455,               0.000595,               0.000595,               0.000595,                      0,                0.70069,                0.68583,                0.67172,                0.50079,                0.68678,                 0.4285,                   0.19,                0.44031,                 0.5474,                0.41014,               0.088937,                0.64864,                      0,                0.69314,                0.67856,                0.66445,                0.47686,                0.69247,                 0.4625,                0.19396,                0.44334,                0.53301,                0.41014,                0.69062,              0.0080814,                      0,                0.66014,                0.58458,                0.31508,                0.48153,                0.26732,                0.73268,                0.73268,                      1
                     97,                0.61114,                0.36048,                 1.3188,                0.07687,                0.83757,                0.83405,                0.86339,                0.71969,                0.65563,                0.39948,                 1.4693,                0.08456,               0.000496,               0.000496,               0.000496,                      0,                0.69854,                0.68646,                 0.6742,                0.50127,                0.68563,                0.42521,                0.18998,                0.44394,                 0.5459,                0.41356,               0.088592,                0.65114,                      0,                0.68767,                0.67967,                0.66796,                 0.4745,                0.69075,                 0.4616,                0.19466,                0.44794,                0.53259,                0.41356,                0.69898,              0.0082458,                      0,                0.66038,                0.58191,                 0.3133,                0.48369,                0.27234,                0.72766,                0.72766,                      1
                     98,                0.60828,                 0.3576,                 1.3279,                0.07657,                0.83801,                0.83372,                0.86348,                0.71977,                0.65555,                0.39952,                 1.4695,                0.08455,               0.000397,               0.000397,               0.000397,                      0,                 0.6976,                0.68622,                0.67412,                0.49823,                0.68839,                0.42952,                0.19113,                0.44401,                0.54314,                0.41277,                0.08857,                0.66366,                      0,                0.69255,                0.67886,                0.66723,                0.47438,                0.69479,                0.46057,                0.19488,                0.44617,                0.52628,                0.41277,                0.70079,              0.0079601,                      0,                0.65824,                0.58392,                0.31632,                0.48444,                0.27141,                0.72859,                0.72859,                      1
                     99,                0.60926,                0.35848,                 1.3267,                0.07682,                0.83748,                0.83309,                 0.8634,                0.71998,                0.65562,                0.39951,                 1.4699,                0.08455,               0.000298,               0.000298,               0.000298,                      0,                0.70141,                 0.6857,                0.67248,                0.49871,                0.68748,                0.43061,                0.18888,                0.43962,                0.55377,                0.40986,               0.088679,                0.64908,                      0,                0.69385,                0.67909,                 0.6656,                0.47504,                0.69225,                0.46325,                0.19349,                0.44191,                 0.5405,                0.40986,                0.68785,              0.0080356,                      0,                0.65837,                0.58592,                0.31741,                0.48333,                0.26625,                0.73375,                0.73375,                      1
                    100,                0.60735,                0.35509,                 1.3223,                0.07634,                0.83968,                0.83263,                0.86332,                0.71996,                0.65559,                0.39963,                 1.4702,                0.08454,               0.000199,               0.000199,               0.000199,                      0,                0.69543,                0.68529,                0.67413,                0.49558,                0.68673,                0.43098,                0.19048,                0.44626,                0.54893,                0.41353,                0.08854,                0.66354,                      0,                0.69087,                0.67766,                0.66634,                0.46948,                0.69313,                0.46431,                0.19482,                0.44716,                0.53137,                0.41353,                0.69916,              0.0080339,                      0,                0.65476,                0.58326,                0.31341,                0.48516,                0.27275,                0.72725,                0.72725,                      1
