                  epoch,         train/box_loss,         train/cls_loss,         train/dfl_loss,train/object_reliability_loss,   metrics/precision(B),      metrics/recall(B),       metrics/mAP50(B),    metrics/mAP50-95(B),           val/box_loss,           val/cls_loss,           val/dfl_loss,val/object_reliability_loss,                 lr/pg0,                 lr/pg1,                 lr/pg2,p2/P3_gate_direction_loss,    p2/P3_ir_win_recall,p2/P3_object_balanced_loss,p2/P3_object_calibrated_loss,p2/P3_object_hard_winner_loss,p2/P3_object_prompt_accuracy,p2/P3_object_prompt_correlation,p2/P3_object_prompt_mae,p2/P3_object_prompt_rgb, p2/P3_object_rank_loss,p2/P3_object_target_rgb,p2/P3_prompt_residual_gain,   p2/P3_rgb_win_recall,p2/P4_gate_direction_loss,    p2/P4_ir_win_recall,p2/P4_object_balanced_loss,p2/P4_object_calibrated_loss,p2/P4_object_hard_winner_loss,p2/P4_object_prompt_accuracy,p2/P4_object_prompt_correlation,p2/P4_object_prompt_mae,p2/P4_object_prompt_rgb, p2/P4_object_rank_loss,p2/P4_object_target_rgb,p2/P4_prompt_residual_gain,   p2/P4_rgb_win_recall,p2/P5_gate_direction_loss,    p2/P5_ir_win_recall,p2/P5_object_balanced_loss,p2/P5_object_calibrated_loss,p2/P5_object_hard_winner_loss,p2/P5_object_prompt_accuracy,p2/P5_object_prompt_correlation,p2/P5_object_prompt_mae,p2/P5_object_prompt_rgb, p2/P5_object_rank_loss,p2/P5_object_target_rgb,   p2/P5_rgb_win_recall,p2/object_cross_scale_consistency,p2/object_gate_raw_loss,p2/object_prompt_raw_loss,  p2/teacher_ir_quality,p2/teacher_relative_margin, p2/teacher_rgb_quality,p2/teacher_rgb_win_rate, p2/teacher_ir_win_rate,p2/teacher_majority_baseline,p2/object_reliability_warmup_factor
                      1,                  1.304,                 1.4954,                 1.5612,                0.02345,                0.35443,                0.59251,                0.44692,                0.30665,                 1.0499,                0.92702,                  1.523,                0.02344,               0.070106,              0.0033215,              0.0033215,                      0,                0.95895,                0.69318,                0.69311,                0.69315,                0.70654,               0.035777,                 0.1581,                0.49987,                0.69314,                0.41359,             3.6269e-07,               0.039535,                      0,                0.96348,                0.69315,                0.69251,                0.69312,                0.70864,               0.032577,                0.15763,                0.49872,                0.69311,                0.41359,            -3.0232e-07,               0.035216,                      0,                0.96348,                0.69316,                0.69198,                0.69314,                0.70864,              0.0027751,                0.15719,                0.49762,                0.69311,                0.41359,               0.035216,             3.7572e-06,                      0,                 1.0107,                0.57858,                0.31632,                0.47969,                0.27453,                0.72547,                0.72547,                    0.2
                      2,                 1.0803,                0.88462,                 1.4176,                0.04686,                0.59917,                0.66693,                0.63454,                0.47397,                0.83627,                0.65112,                 1.4769,                0.04684,                0.04004,               0.006589,               0.006589,                      0,                0.99998,                0.69311,                0.69201,                0.69312,                0.72839,               0.047482,                 0.1575,                0.49776,                0.69308,                0.41238,              8.114e-06,             0.00013109,                      0,                      1,                0.69322,                0.68584,                0.69313,                0.72836,               0.072944,                0.15306,                0.48497,                0.69241,                0.41238,            -1.7619e-05,                      0,                      0,                      1,                0.69377,                0.68365,                0.69375,                0.72836,               0.019408,                0.15155,                0.47934,                0.69276,                0.41238,                      0,             0.00014176,                      0,                 1.0097,                0.57974,                0.31685,                0.47904,                0.27164,                0.72836,                0.72836,                    0.4
                      3,                0.90069,                0.69978,                 1.4077,                0.07013,                0.66617,                 0.6634,                0.67299,                0.51196,                0.79897,                0.59138,                 1.5557,                0.07012,              0.0099086,              0.0097904,              0.0097904,                      0,                0.99999,                0.69364,                0.68437,                0.69354,                0.73011,               0.059996,                  0.151,                0.48118,                 0.6925,                0.41206,             1.3787e-05,             5.9532e-05,                      0,                0.99012,                 0.6932,                0.67771,                0.69181,                0.72806,                0.14447,                0.14699,                0.46883,                0.68843,                0.41206,             -4.863e-05,               0.019169,                      0,                      1,                 0.6943,                0.68052,                0.69407,                 0.7301,               0.025712,                0.14841,                0.47197,                0.69261,                0.41206,                      0,             0.00012837,                      0,                 1.0075,                0.58341,                0.31463,                0.48316,                 0.2699,                 0.7301,                 0.7301,                    0.6
                      4,                0.81695,                0.61029,                 1.4278,                 0.0914,                0.68052,                0.70811,                0.70773,                0.54289,                0.78536,                0.58555,                 1.5244,                0.09161,               0.009703,               0.009703,               0.009703,                      0,                0.99999,                0.69485,                0.67818,                0.69436,                0.73616,               0.067468,                0.14847,                0.46701,                0.69179,                0.41068,            -0.00049019,             0.00013976,                      0,                0.73368,                0.68099,                0.66527,                0.63063,                0.66489,                 0.2941,                0.16168,                0.46342,                0.62516,                0.41068,              4.028e-05,                0.47296,                      0,                0.99389,                0.69471,                0.67893,                0.69384,                0.73515,               0.039417,                0.14889,                0.46849,                0.69189,                0.41068,                0.01334,              0.0072289,                      0,                0.98552,                0.58712,                0.31808,                0.48547,                0.26387,                0.73613,                0.73613,                    0.8
                      5,                0.80147,                0.58599,                 1.4181,                0.11208,                0.73332,                0.72408,                0.75834,                0.59455,                0.74194,                0.52724,                 1.5107,                0.11406,               0.009604,               0.009604,               0.009604,                      0,                0.99999,                0.69485,                0.67884,                0.69427,                0.72539,               0.075795,                0.14866,                0.46696,                0.69182,                0.41417,             -0.0017179,             0.00010208,                      0,                0.62378,                0.67885,                0.66926,                0.57098,                0.63723,                0.36874,                0.18386,                0.46508,                0.59545,                0.41417,              0.0013625,                0.67275,                      0,                0.99558,                0.69451,                0.67804,                0.69302,                0.72478,               0.073474,                0.14808,                0.46583,                0.69068,                0.41417,              0.0095374,               0.017541,                      0,                0.96584,                0.57984,                0.31694,                0.48256,                0.27463,                0.72537,                0.72537,                      1
                      6,                0.78117,                0.56168,                 1.4021,                0.11102,                0.74641,                0.69933,                0.75091,                0.57708,                0.77014,                0.55495,                 1.4924,                0.11461,               0.009505,               0.009505,               0.009505,                      0,                      1,                0.69491,                0.67696,                0.69416,                0.73651,               0.093701,                0.14684,                0.46443,                0.69113,                0.41059,             -0.0026725,             0.00013731,                      0,                0.62517,                0.67579,                0.66449,                0.55395,                0.64043,                0.39975,                0.18446,                0.46491,                0.57615,                0.41059,              0.0027071,                0.68308,                      0,                0.89695,                0.69057,                 0.6714,                0.68157,                0.71123,                0.15338,                0.14641,                0.46112,                0.67461,                0.41059,                0.19222,               0.019519,                      0,                 0.9572,                0.58711,                0.31611,                0.48511,                0.26353,                0.73647,                0.73647,                      1
                      7,                0.77408,                0.55514,                 1.3989,                0.10965,                0.75106,                0.74462,                0.76953,                0.61243,                0.72793,                0.51517,                 1.4648,                0.11234,               0.009406,               0.009406,               0.009406,                      0,                0.99998,                 0.6947,                0.67633,                0.69391,                0.72965,                0.10974,                 0.1447,                0.46241,                0.69058,                0.41298,             -0.0033643,             0.00017829,                      0,                0.62997,                0.67648,                0.66512,                 0.5474,                0.64695,                0.40673,                0.18498,                0.46567,                0.58689,                0.41298,              0.0032112,                0.69277,                      0,                0.65179,                0.68096,                0.66554,                0.62065,                0.63538,                 0.2942,                0.16717,                0.46635,                0.62723,                0.41298,                0.59109,               0.022337,                      0,                0.94439,                 0.5836,                0.31135,                0.48415,                0.27038,                0.72962,                0.72962,                      1
                      8,                 0.7679,                 0.5461,                 1.3955,                0.10863,                0.75458,                0.73933,                0.77033,                 0.6119,                0.72704,                0.50087,                 1.4588,                0.11188,               0.009307,               0.009307,               0.009307,                      0,                 0.9999,                 0.6946,                0.67359,                0.69347,                0.73503,                0.13752,                0.14626,                0.45823,                0.68902,                0.40945,             -0.0039807,             0.00073006,                      0,                0.63383,                0.67438,                0.66245,                0.53828,                 0.6501,                0.41492,                0.18687,                0.46103,                0.58015,                0.40945,              0.0056986,                0.69521,                      0,                0.65725,                0.68147,                0.66506,                0.59118,                0.64973,                0.33326,                0.17654,                0.46121,                0.61051,                0.40945,                0.62888,               0.025235,                      0,                0.93545,                0.58339,                 0.3171,                0.47906,                0.26509,                0.73491,                0.73491,                      1
                      9,                0.76567,                0.54467,                 1.3928,                0.10662,                0.74769,                0.73945,                0.77004,                  0.617,                0.73136,                0.51539,                 1.4531,                0.10799,               0.009208,               0.009208,               0.009208,                      0,                 0.8537,                 0.6886,                  0.671,                0.66923,                0.69294,                0.22289,                0.15199,                0.46426,                 0.6706,                0.41104,             -0.0043621,                0.24549,                      0,                0.63855,                0.67546,                0.66493,                0.54027,                0.65321,                0.41049,                0.18651,                0.46069,                0.58093,                0.41104,              0.0077154,                  0.694,                      0,                0.64514,                0.68095,                0.66724,                0.57988,                0.64852,                0.34759,                0.17926,                0.46162,                  0.605,                0.41104,                0.65793,               0.023244,                      0,                0.91794,                0.58587,                0.31775,                 0.4845,                0.26432,                0.73568,                0.73568,                      1
                     10,                0.76353,                0.54078,                 1.3944,                0.09926,                0.75209,                0.74163,                0.77823,                0.62064,                0.72609,                0.49492,                 1.4537,                0.10542,               0.009109,               0.009109,               0.009109,                      0,                0.64791,                 0.6782,                0.66486,                0.58413,                 0.6428,                0.36245,                 0.1753,                0.46135,                0.61268,                0.41079,              0.0033349,                0.62881,                      0,                 0.6437,                0.67296,                0.66077,                0.52868,                0.65762,                0.42908,                0.18643,                0.46016,                0.56944,                0.41079,              0.0083982,                0.69571,                      0,                0.64549,                0.67822,                0.66436,                0.56381,                 0.6534,                0.37433,                0.18015,                0.46189,                0.59271,                0.41079,                0.67507,               0.018726,                      0,                0.85317,                0.58406,                0.31827,                0.48249,                0.26755,                0.73245,                0.73245,                      1
                     11,                0.75254,                0.52689,                 1.3918,                0.09827,                0.75571,                 0.7624,                0.79618,                0.63781,                0.71382,                 0.4861,                 1.4739,                0.10556,                0.00901,                0.00901,                0.00901,                      0,                0.66279,                 0.6802,                0.66752,                0.57001,                0.65496,                0.37142,                0.17849,                0.45904,                0.60662,                0.41128,               0.018632,                0.63362,                      0,                0.64958,                0.67352,                0.66225,                0.53083,                0.66063,                0.42257,                0.18559,                0.45884,                0.56607,                0.41128,              0.0090535,                0.69078,                      0,                0.63586,                0.67782,                0.66546,                0.55923,                0.65033,                 0.3826,                0.18137,                0.46277,                0.59286,                0.41128,                0.68982,               0.018029,                      0,                0.84432,                0.58568,                0.31684,                  0.484,                0.26814,                0.73186,                0.73186,                      1
                     12,                0.75117,                0.52319,                 1.3864,                 0.0978,                0.77544,                 0.7667,                0.80895,                0.64848,                0.71676,                0.47886,                 1.5047,                0.10352,               0.008911,               0.008911,               0.008911,                      0,                0.66092,                0.68326,                0.67245,                0.56228,                0.65604,                 0.3705,                0.18137,                0.46089,                0.60338,                0.41254,               0.025967,                0.64282,                      0,                0.63925,                0.67657,                0.66659,                0.52916,                0.65614,                0.41908,                0.18799,                0.46377,                0.57425,                0.41254,              0.0093426,                0.70182,                      0,                0.62662,                0.68138,                0.67015,                0.55512,                0.64756,                0.38029,                0.18343,                 0.4644,                0.59809,                0.41254,                 0.7042,               0.017784,                      0,                0.83931,                0.58096,                0.31278,                0.48099,                0.26996,                0.73004,                0.73004,                      1
                     13,                 0.7458,                0.51742,                 1.3939,                0.09754,                 0.7386,                0.70954,                0.75375,                0.59433,                0.73428,                0.52471,                 1.5002,                0.10483,               0.008812,               0.008812,               0.008812,                      0,                0.67739,                0.68471,                0.67061,                0.56052,                0.66418,                0.37697,                0.18193,                0.45233,                0.59993,                0.40976,               0.037991,                0.62718,                      0,                0.64799,                0.67571,                0.66243,                 0.5314,                0.65894,                0.42602,                0.18662,                0.45774,                0.56894,                0.40976,                0.01124,                 0.6896,                      0,                0.64028,                 0.6824,                0.66898,                 0.5535,                0.65471,                0.38331,                0.18501,                0.45846,                0.58781,                0.40976,                0.69512,               0.017801,                      0,                0.83791,                 0.5842,                0.31812,                0.48102,                0.26312,                0.73688,                0.73688,                      1
                     14,                0.74279,                0.51839,                 1.3815,                0.09595,                0.76992,                0.76567,                0.79521,                0.64292,                0.69983,                0.46748,                 1.4562,                0.10216,               0.008713,               0.008713,               0.008713,                      0,                0.67409,                0.68337,                 0.6708,                0.54774,                0.66483,                0.38831,                0.18216,                0.45399,                0.58676,                0.41092,               0.044343,                0.63906,                      0,                0.65261,                 0.6763,                0.66477,                0.52145,                0.66489,                0.43006,                0.18611,                0.45831,                0.56177,                0.41092,               0.012437,                0.69905,                      0,                0.64185,                0.68222,                0.67043,                0.54244,                0.66033,                0.39602,                0.18375,                0.45869,                0.58011,                0.41092,                0.71177,               0.017026,                      0,                0.82452,                0.58655,                0.31289,                0.48549,                0.26434,                0.73566,                0.73566,                      1
                     15,                0.73994,                0.51263,                 1.3863,                0.09567,                0.78609,                 0.7795,                 0.8217,                0.66492,                0.69585,                0.46235,                 1.4592,                0.10228,               0.008614,               0.008614,               0.008614,                      0,                0.68118,                0.68377,                0.67104,                0.54643,                0.66776,                0.38855,                0.18371,                0.45035,                0.58544,                 0.4106,               0.053174,                0.63032,                      0,                0.65682,                0.67665,                0.66496,                0.52042,                0.66732,                0.42981,                0.18869,                0.45543,                0.55811,                 0.4106,               0.012508,                0.69662,                      0,                0.64854,                0.68269,                0.67159,                0.53642,                 0.6644,                0.40049,                0.18681,                0.45445,                0.57232,                 0.4106,                0.70868,               0.017415,                      0,                 0.8224,                 0.5856,                0.31765,                0.48426,                0.26381,                0.73619,                0.73619,                      1
                     16,                0.74019,                0.51182,                  1.381,                 0.0957,                0.78028,                0.78436,                0.82142,                0.66611,                0.69074,                0.45509,                 1.4567,                0.10192,               0.008515,               0.008515,               0.008515,                      0,                0.67512,                0.68349,                0.67115,                0.54875,                0.66385,                0.38789,                0.18399,                0.45369,                 0.5775,                0.41236,               0.058022,                 0.6331,                      0,                0.65118,                0.67525,                  0.665,                0.52109,                0.66153,                0.43148,                0.18823,                0.45907,                0.55367,                0.41236,               0.011547,                0.68976,                      0,                0.64053,                0.68385,                0.67496,                 0.5346,                0.65878,                0.39794,                0.18904,                0.45754,                0.57175,                0.41236,                0.70856,               0.017132,                      0,                0.82403,                0.58123,                0.31533,                0.48155,                0.26825,                0.73175,                0.73175,                      1
                     17,                0.73754,                0.50496,                 1.3818,                0.09459,                0.78472,                0.79244,                0.82601,                0.66718,                0.69334,                0.45682,                 1.4525,                0.10172,               0.008416,               0.008416,               0.008416,                      0,                0.68373,                0.68072,                0.66839,                0.53647,                0.67119,                 0.3985,                0.18435,                0.45183,                0.58322,                0.41182,               0.065936,                0.63756,                      0,                0.65914,                0.67368,                0.66201,                0.51443,                 0.6682,                 0.4364,                0.18793,                0.45624,                0.55448,                0.41182,               0.014097,                0.69248,                      0,                0.64375,                0.68105,                0.67092,                0.53111,                0.66394,                0.40559,                0.18787,                0.45728,                0.56933,                0.41182,                 0.7181,               0.016426,                      0,                0.81216,                0.58096,                0.31421,                0.47986,                0.27155,                0.72845,                0.72845,                      1
                     18,                0.73167,                0.50052,                 1.3712,                 0.0943,                0.81699,                0.76723,                0.83923,                0.68167,                0.68846,                 0.4489,                  1.452,                0.10132,               0.008317,               0.008317,               0.008317,                      0,                0.68713,                0.68061,                0.66451,                 0.5372,                0.67354,                 0.4064,                0.18322,                0.44808,                0.57071,                0.40969,               0.072103,                0.63581,                      0,                0.66396,                0.67303,                0.65863,                0.51455,                0.67181,                0.44134,                 0.1869,                 0.4546,                0.55327,                0.40969,               0.011961,                 0.6936,                      0,                0.64658,                0.68104,                0.66889,                0.52703,                0.66448,                0.40877,                0.18925,                0.45466,                0.57194,                0.40969,                0.71415,               0.016332,                      0,                  0.811,                 0.5827,                0.32068,                0.47864,                0.26495,                0.73505,                0.73505,                      1
                     19,                0.73007,                 0.4985,                 1.3761,                0.09434,                0.79048,                0.77954,                0.82232,                0.67056,                0.68958,                0.44837,                 1.4497,                0.10093,               0.008218,               0.008218,               0.008218,                      0,                0.68699,                 0.6829,                0.66769,                0.53631,                0.67345,                0.40054,                0.18504,                0.44873,                0.57972,                0.41019,               0.078966,                0.63632,                      0,                0.66366,                0.67414,                0.66046,                0.51115,                0.67267,                0.44337,                0.18794,                 0.4542,                0.55717,                0.41019,              0.0098307,                0.69735,                      0,                0.65156,                0.68302,                0.66995,                0.52578,                0.66917,                0.41294,                0.18866,                0.45237,                 0.5749,                0.41019,                0.71748,               0.016551,                      0,                0.80979,                0.58532,                0.31768,                0.48241,                0.26725,                0.73275,                0.73275,                      1
                     20,                0.72813,                  0.497,                 1.3728,                0.09444,                0.80774,                0.76708,                 0.8253,                0.67128,                 0.6849,                0.44825,                 1.4644,                0.10157,               0.008119,               0.008119,               0.008119,                      0,                0.67759,                0.68152,                0.67045,                 0.5361,                0.66679,                0.39536,                0.18512,                0.45323,                0.58244,                0.41197,               0.085876,                0.63746,                      0,                0.65379,                0.67452,                0.66389,                0.51179,                0.66523,                0.43862,                0.18826,                0.45901,                0.55527,                0.41197,               0.008609,                0.69628,                      0,                0.64248,                0.68272,                0.67179,                0.52604,                0.66331,                0.41308,                0.18829,                0.45691,                0.56918,                0.41197,                0.71984,               0.016087,                      0,                0.81073,                0.58195,                0.31557,                0.48117,                0.26921,                0.73079,                0.73079,                      1
                     21,                0.72878,                0.49446,                 1.3712,                0.09386,                0.76135,                0.76194,                0.79218,                0.63361,                0.71789,                0.48403,                 1.5175,                0.10346,                0.00802,                0.00802,                0.00802,                      0,                0.68755,                0.68297,                0.66968,                0.53253,                0.67325,                0.40275,                0.18636,                0.44964,                0.57149,                0.41286,               0.088597,                0.63526,                      0,                   0.66,                0.67585,                0.66376,                0.51086,                  0.669,                 0.4409,                0.18961,                0.45645,                0.54608,                0.41286,              0.0047651,                0.69289,                      0,                0.64256,                0.68337,                0.67386,                0.52116,                0.66468,                0.41356,                0.19076,                0.45682,                0.56501,                0.41286,                0.72344,               0.016223,                      0,                0.80717,                0.57717,                0.31643,                0.47805,                 0.2735,                 0.7265,                 0.7265,                      1
                     22,                0.72282,                0.49221,                 1.3786,                0.09392,                0.77484,                0.77359,                0.81673,                0.66406,                0.68393,                0.44576,                 1.4869,                0.10239,               0.007921,               0.007921,               0.007921,                      0,                0.68427,                0.68266,                0.66964,                0.53263,                0.67275,                0.40518,                0.18356,                0.45054,                0.57154,                0.41166,               0.088331,                0.64095,                      0,                0.66419,                0.67642,                0.66421,                0.51123,                0.67281,                0.44062,                0.18786,                0.45451,                0.55062,                0.41166,              0.0038336,                0.69661,                      0,                0.64785,                0.68523,                0.67519,                0.52054,                0.66929,                0.41095,                0.19109,                 0.4546,                0.56908,                0.41166,                0.72844,               0.016134,                      0,                0.80734,                0.58783,                0.31497,                0.48757,                0.26605,                0.73395,                0.73395,                      1
                     23,                0.72349,                 0.4888,                 1.3814,                0.09432,                0.78671,                0.78564,                0.83016,                0.67539,                0.69209,                0.45388,                 1.4762,                0.10207,               0.007822,               0.007822,               0.007822,                      0,                0.68779,                0.68597,                0.67215,                0.53508,                0.67351,                0.39728,                0.18677,                0.44827,                0.58169,                0.41033,               0.091814,                0.63436,                      0,                0.66746,                0.67717,                0.66483,                 0.5112,                0.67297,                0.43529,                0.18952,                0.45168,                0.55853,                0.41033,              0.0053111,                0.68807,                      0,                0.65398,                0.68617,                 0.6754,                0.51903,                0.67117,                0.40981,                0.19183,                0.45181,                0.57705,                0.41033,                 0.7183,               0.016529,                      0,                 0.8092,                0.58385,                0.31669,                 0.4814,                0.26724,                0.73276,                0.73276,                      1
                     24,                0.72074,                  0.489,                  1.378,                0.09321,                0.83026,                0.76914,                0.84494,                0.69372,                0.67781,                0.43744,                 1.4415,                0.10046,               0.007723,               0.007723,               0.007723,                      0,                0.68004,                0.68294,                0.67233,                0.52533,                0.67025,                0.40444,                0.18709,                0.45064,                0.57496,                0.41155,               0.093492,                0.64311,                      0,                0.66169,                0.67498,                0.66554,                0.50268,                0.67095,                0.44216,                0.18967,                0.45522,                0.55722,                0.41155,              0.0035883,                0.69664,                      0,                0.64603,                 0.6844,                0.67638,                0.51469,                0.66783,                0.41462,                0.19195,                0.45394,                0.57221,                0.41155,                0.72828,               0.016275,                      0,                0.79926,                0.58422,                 0.3137,                0.48391,                0.26505,                0.73495,                0.73495,                      1
                     25,                0.71776,                0.48424,                 1.3776,                 0.0938,                0.81576,                0.80955,                0.85646,                0.70244,                0.67675,                0.42856,                 1.4591,                0.10138,               0.007624,               0.007624,               0.007624,                      0,                0.68485,                0.68319,                0.67029,                0.53262,                 0.6733,                0.40313,                 0.1856,                0.45237,                0.57155,                0.41361,               0.093065,                0.64227,                      0,                0.65845,                0.67673,                0.66572,                0.50865,                0.67008,                0.44028,                0.19018,                0.45955,                0.54963,                0.41361,              0.0027748,                0.70132,                      0,                0.64672,                0.68554,                0.67598,                0.51825,                0.67025,                0.41412,                0.19165,                0.45716,                0.56318,                0.41361,                0.73346,                0.01601,                      0,                0.80636,                0.58057,                0.31345,                 0.4822,                 0.2713,                 0.7287,                 0.7287,                      1
                     26,                0.71293,                0.47932,                 1.3755,                0.09396,                0.81083,                0.80214,                0.85282,                0.69959,                0.67486,                0.42654,                 1.4626,                0.10126,               0.007525,               0.007525,               0.007525,                      0,                0.68945,                0.68496,                0.67075,                0.53148,                0.67455,                0.40256,                0.18647,                0.44615,                0.57551,                0.41039,               0.092001,                0.63286,                      0,                0.66723,                0.67821,                0.66523,                0.51128,                0.67144,                0.43732,                0.19058,                0.45137,                0.55281,                0.41039,              0.0036196,                0.68322,                      0,                0.64844,                0.68609,                0.67496,                0.52047,                0.66703,                0.41326,                 0.1924,                0.45192,                0.57599,                0.41039,                0.71905,               0.015821,                      0,                0.80684,                0.58507,                0.31619,                0.48268,                0.26328,                0.73672,                0.73672,                      1
                     27,                 0.7097,                0.47688,                 1.3796,                0.09257,                0.82241,                0.80398,                0.85666,                0.70304,                0.67241,                0.42366,                 1.4585,                0.10137,               0.007426,               0.007426,               0.007426,                      0,                0.69055,                0.68337,                0.67012,                0.52144,                0.67831,                 0.4131,                0.18531,                0.44839,                0.56985,                0.41328,               0.093427,                0.64559,                      0,                0.67399,                0.67689,                0.66478,                0.49969,                0.67975,                0.44541,                0.18944,                0.45213,                0.54993,                0.41328,              0.0035186,                0.69515,                      0,                0.65744,                0.68596,                0.67519,                0.50861,                0.67828,                0.42531,                0.19211,                0.45386,                0.56775,                0.41328,                  0.734,               0.016068,                      0,                0.79418,                0.58501,                 0.3114,                 0.4865,                0.27219,                0.72781,                0.72781,                      1
                     28,                0.71149,                0.47679,                 1.3751,                0.09338,                0.81157,                0.79103,                0.84208,                0.69291,                 0.6743,                0.42985,                 1.4464,                0.10023,               0.007327,               0.007327,               0.007327,                      0,                0.68893,                0.68533,                 0.6717,                0.52802,                0.67635,                0.40794,                0.18667,                0.44874,                0.56768,                0.41045,               0.096649,                 0.6418,                      0,                0.66786,                0.67976,                0.66656,                0.50715,                0.67419,                0.44131,                0.19136,                0.45319,                0.54828,                0.41045,              0.0021292,                0.69157,                      0,                0.65196,                0.68827,                 0.6767,                0.51603,                0.67296,                0.41841,                 0.1939,                0.45409,                0.56266,                0.41045,                0.73064,               0.015786,                      0,                0.80276,                0.58558,                 0.3148,                0.48364,                0.26691,                0.73309,                0.73309,                      1
                     29,                0.70734,                0.47416,                 1.3811,                0.09211,                0.82987,                0.81678,                0.86395,                0.71041,                0.67081,                0.42115,                 1.4531,                0.10025,               0.007228,               0.007228,               0.007228,                      0,                0.69344,                0.68113,                0.66853,                0.52003,                0.67984,                0.41604,                0.18652,                0.44861,                0.56463,                0.41262,                0.10162,                0.64334,                      0,                0.67109,                0.67384,                0.66264,                0.49589,                0.67697,                0.45088,                0.19012,                0.45341,                0.54363,                0.41262,             0.00038295,                0.69275,                      0,                0.65424,                0.68396,                0.67468,                0.50533,                0.67481,                0.42764,                0.19372,                0.45318,                0.55911,                0.41262,                0.73002,               0.015879,                      0,                0.79096,                0.58216,                0.31659,                0.48273,                0.27145,                0.72855,                0.72855,                      1
                     30,                0.70947,                0.47415,                 1.3735,                0.09358,                0.80862,                0.81475,                0.85399,                0.70408,                0.66884,                0.42311,                 1.4493,                0.10015,               0.007129,               0.007129,               0.007129,                      0,                 0.6902,                0.68384,                0.67022,                0.52931,                 0.6762,                0.40344,                0.18628,                 0.4471,                0.57899,                0.40999,                0.10435,                0.63716,                      0,                0.67057,                0.67686,                0.66445,                0.50562,                0.67594,                0.44279,                0.18933,                0.45192,                0.55922,                0.40999,              -0.002217,                 0.6909,                      0,                0.65099,                  0.685,                0.67498,                 0.5132,                0.67171,                0.42072,                0.19294,                 0.4523,                 0.5744,                0.40999,                 0.7295,               0.015559,                      0,                0.80215,                0.58696,                0.31641,                0.48447,                0.26393,                0.73607,                0.73607,                      1
                     31,                0.70676,                0.46862,                 1.3795,                0.09303,                0.80728,                0.82295,                0.85677,                0.70629,                0.66722,                0.41944,                 1.4467,                0.10022,                0.00703,                0.00703,                0.00703,                      0,                0.69277,                0.68497,                0.67227,                0.52438,                0.67726,                0.40366,                0.18636,                0.44753,                0.57685,                0.41219,                0.10769,                0.63507,                      0,                0.67137,                 0.6794,                0.66768,                0.50144,                0.67587,                0.44027,                0.19077,                0.45243,                0.55912,                0.41219,              -0.001597,                 0.6881,                      0,                0.65842,                0.68802,                0.67806,                0.50633,                0.67672,                 0.4231,                 0.1941,                0.45186,                0.57156,                0.41219,                0.72653,               0.016026,                      0,                0.79706,                0.58494,                0.31166,                0.48516,                0.26876,                0.73124,                0.73124,                      1
                     32,                0.70592,                0.46977,                 1.3773,                0.09325,                0.81751,                0.81775,                0.86159,                0.70928,                0.66828,                0.41755,                 1.4455,                0.09995,               0.006931,               0.006931,               0.006931,                      0,                0.69184,                0.68605,                0.67176,                0.52691,                0.67665,                0.40552,                0.18678,                0.44629,                0.57143,                0.41152,                0.10761,                0.63534,                      0,                0.66983,                0.67973,                0.66699,                0.50598,                0.67342,                 0.4387,                0.19026,                0.45091,                0.55513,                0.41152,             -0.0040106,                0.68317,                      0,                0.65911,                0.68709,                0.67646,                0.50858,                0.67524,                0.41954,                0.19371,                0.44856,                0.56739,                0.41152,                0.71911,               0.015437,                      0,                0.80043,                0.58439,                0.31392,                 0.4837,                0.26886,                0.73114,                0.73114,                      1
                     33,                0.70042,                0.46431,                 1.3782,                0.09236,                0.83839,                0.81122,                0.86898,                 0.7181,                0.66466,                0.41453,                 1.4545,                0.09968,               0.006832,               0.006832,               0.006832,                      0,                0.69082,                0.68219,                0.66935,                0.52208,                0.67571,                0.41001,                0.18765,                0.44721,                0.56278,                0.41208,                0.10468,                0.63516,                      0,                0.67337,                0.67761,                0.66557,                0.49983,                0.67702,                0.44341,                0.19177,                0.45122,                 0.5435,                0.41208,              -0.002009,                 0.6868,                      0,                0.65922,                0.68603,                0.67545,                0.50365,                0.67757,                0.42684,                0.19548,                0.45212,                0.55789,                0.41208,                0.72681,               0.015748,                      0,                0.79377,                0.58181,                0.31676,                0.48126,                0.27149,                0.72851,                0.72851,                      1
                     34,                 0.6973,                0.46097,                  1.379,                0.09303,                0.81211,                0.81953,                0.85825,                0.70697,                0.66722,                0.41612,                 1.4594,                0.09951,               0.006733,               0.006733,               0.006733,                      0,                0.69292,                0.68752,                0.67432,                0.52581,                 0.6794,                 0.4048,                0.18763,                0.44673,                0.56712,                0.41202,                0.10393,                0.64234,                      0,                0.67902,                0.68029,                0.66812,                0.50293,                0.68125,                0.43995,                0.19082,                0.44971,                0.54993,                0.41202,             -0.0043699,                0.68735,                      0,                0.66189,                0.68778,                0.67786,                0.50772,                0.67904,                0.42381,                0.19402,                0.44976,                0.56622,                0.41202,                0.72603,               0.015402,                      0,                0.79911,                0.58284,                0.31387,                0.48265,                0.26744,                0.73256,                0.73256,                      1
                     35,                0.69879,                0.45963,                 1.3751,                0.09141,                0.81203,                0.82875,                0.86262,                0.71181,                0.66515,                0.41422,                 1.4553,                 0.0995,               0.006634,               0.006634,               0.006634,                      0,                0.69008,                0.68112,                0.67011,                0.51563,                0.67927,                0.41576,                0.18899,                0.44862,                0.55355,                 0.4133,                0.10453,                0.65022,                      0,                 0.6687,                0.67556,                0.66693,                 0.4927,                0.67719,                0.44736,                  0.194,                0.45341,                0.53143,                 0.4133,             -0.0074799,                    0.7,                      0,                0.65446,                0.68282,                0.67593,                0.50018,                0.67633,                0.42765,                0.19629,                0.45285,                0.54144,                 0.4133,                0.73509,               0.015572,                      0,                0.78678,                0.58151,                0.31597,                 0.4826,                0.27132,                0.72868,                0.72868,                      1
                     36,                0.69902,                0.45631,                  1.373,                0.09079,                0.81946,                0.81547,                0.85685,                0.70775,                 0.6645,                0.41592,                 1.4524,                0.09929,               0.006535,               0.006535,               0.006535,                      0,                0.68429,                0.68083,                0.67024,                0.51082,                0.67576,                0.42172,                0.18823,                0.45095,                0.55154,                0.41522,                0.10299,                0.65344,                      0,                0.67012,                0.67512,                0.66619,                0.48737,                0.67775,                0.45283,                0.19315,                0.45413,                0.53077,                0.41522,             -0.0075823,                0.69772,                      0,                 0.6525,                0.68402,                0.67616,                0.49495,                0.67426,                0.43708,                0.19567,                0.45577,                 0.5435,                0.41522,                0.73121,               0.015703,                      0,                0.78089,                0.57927,                0.31241,                0.48306,                 0.2765,                 0.7235,                 0.7235,                      1
                     37,                0.69293,                0.45622,                 1.3786,                 0.0919,                0.81988,                0.82557,                0.86159,                0.71239,                0.66401,                0.41169,                 1.4602,                0.09923,               0.006436,               0.006436,               0.006436,                      0,                0.69804,                0.68314,                0.66829,                0.52045,                0.68262,                0.41427,                0.18752,                0.44455,                0.55678,                0.41099,                0.10422,                0.64066,                      0,                0.67773,                0.67543,                0.66261,                0.49612,                0.68209,                0.44974,                0.19158,                 0.4501,                0.53561,                0.41099,             -0.0077778,                0.69395,                      0,                 0.6617,                0.68572,                0.67445,                0.50229,                0.68044,                0.43238,                0.19531,                0.45156,                0.54932,                0.41099,                0.73147,               0.015465,                      0,                0.79075,                0.58454,                0.31817,                0.48243,                0.26862,                0.73138,                0.73138,                      1
                     38,                0.68939,                 0.4531,                 1.3774,                0.09265,                0.83127,                0.82139,                0.86333,                0.71447,                0.66304,                0.41012,                 1.4591,                0.09918,               0.006337,               0.006337,               0.006337,                      0,                0.69351,                0.68468,                 0.6726,                0.52307,                  0.678,                0.40481,                0.18664,                0.44686,                0.56583,                0.41328,                0.10335,                0.63642,                      0,                0.67152,                0.67965,                0.66928,                0.50101,                0.67692,                 0.4407,                0.19119,                0.45318,                0.54757,                0.41328,               -0.00651,                0.69141,                      0,                0.65574,                0.68756,                0.67867,                0.50457,                0.67516,                0.42717,                0.19489,                0.45259,                0.55639,                0.41328,                0.72723,               0.015592,                      0,                0.79596,                0.58175,                0.31341,                0.48327,                 0.2717,                 0.7283,                 0.7283,                      1
                     39,                0.69157,                0.45328,                 1.3779,                0.09226,                0.83531,                0.82118,                  0.871,                0.72151,                0.66244,                0.40791,                 1.4575,                0.09936,               0.006238,               0.006238,               0.006238,                      0,                0.69183,                0.68729,                0.67418,                0.52148,                0.67931,                 0.4072,                0.18893,                0.44853,                0.55994,                0.41216,                0.10471,                0.64572,                      0,                0.67533,                0.67945,                0.66662,                0.49922,                0.68014,                 0.4459,                0.19207,                0.45087,                0.53766,                0.41216,             -0.0060032,                0.69306,                      0,                0.66872,                0.68922,                0.67734,                0.50184,                0.68376,                0.43144,                0.19509,                0.44986,                0.54715,                0.41216,                0.72415,               0.015606,                      0,                0.79383,                0.58372,                0.31466,                0.48334,                0.27146,                0.72854,                0.72854,                      1
                     40,                0.69115,                 0.4537,                 1.3752,                0.09222,                 0.8277,                0.82279,                0.86557,                0.71707,                0.66254,                  0.409,                  1.457,                0.09912,               0.006139,               0.006139,               0.006139,                      0,                0.69245,                0.68545,                0.67162,                0.52134,                0.67915,                 0.4124,                0.18798,                 0.4457,                0.56273,                0.40986,                0.10474,                0.64217,                      0,                0.67377,                0.67724,                0.66479,                0.49771,                0.67899,                0.45016,                0.19093,                0.45133,                0.54519,                0.40986,             -0.0073651,                0.69352,                      0,                0.66475,                0.68683,                0.67743,                0.50004,                0.68122,                0.42977,                0.19675,                0.44926,                0.55516,                0.40986,                0.72701,               0.015601,                      0,                0.79237,                0.58742,                0.31765,                0.48473,                0.26443,                0.73557,                0.73557,                      1
                     41,                0.68677,                0.44669,                 1.3688,                 0.0918,                0.82595,                0.82508,                 0.8634,                0.71449,                0.66163,                0.40884,                 1.4567,                0.09901,                0.00604,                0.00604,                0.00604,                      0,                0.69159,                0.68344,                0.67046,                 0.5179,                0.67962,                0.41312,                 0.1881,                0.44683,                 0.5605,                0.41184,                0.10439,                0.64659,                      0,                0.67468,                0.67551,                0.66429,                0.49493,                0.67855,                0.44785,                0.19127,                0.45053,                0.54197,                0.41184,             -0.0092617,                0.68923,                      0,                0.66226,                  0.684,                0.67434,                0.49933,                 0.6798,                0.43144,                0.19487,                0.44989,                0.55276,                0.41184,                0.72817,               0.015333,                      0,                0.78866,                0.58246,                0.31521,                0.48126,                0.26603,                0.73397,                0.73397,                      1
                     42,                0.68907,                0.44931,                 1.3691,                0.09207,                0.83326,                0.82517,                0.86856,                0.71885,                0.66126,                0.40701,                 1.4494,                0.09911,               0.005941,               0.005941,               0.005941,                      0,                 0.6921,                0.68363,                0.67044,                0.52017,                0.67775,                0.41301,                0.18701,                0.44549,                0.56143,                0.41187,                0.10663,                0.63872,                      0,                0.67665,                 0.6782,                0.66657,                0.49586,                   0.68,                0.44737,                0.19179,                 0.4505,                0.54642,                0.41187,             -0.0082549,                0.68912,                      0,                0.66491,                0.68641,                0.67577,                0.50009,                0.68138,                 0.4326,                0.19483,                0.44983,                0.55618,                0.41187,                 0.7262,               0.015285,                      0,                0.79086,                0.58544,                 0.3152,                0.48478,                0.26885,                0.73115,                0.73115,                      1
                     43,                0.68243,                0.44405,                 1.3734,                 0.0916,                0.82965,                0.83123,                0.86827,                0.71957,                 0.6599,                0.40631,                 1.4516,                 0.0991,               0.005842,               0.005842,               0.005842,                      0,                0.69275,                0.68478,                0.67147,                0.51691,                0.67842,                 0.4148,                0.18768,                0.44696,                0.56136,                0.41344,                0.10744,                0.64059,                      0,                0.67316,                0.67831,                0.66676,                0.49311,                0.67886,                0.45046,                0.19311,                 0.4526,                0.53932,                0.41344,             -0.0078796,                 0.6939,                      0,                0.66442,                0.68695,                0.67647,                0.49433,                0.68123,                0.43722,                0.19574,                0.45111,                 0.5464,                0.41344,                0.72563,               0.015309,                      0,                0.78703,                0.58142,                 0.3139,                0.48265,                0.27471,                0.72529,                0.72529,                      1
                     44,                0.68401,                0.44285,                 1.3675,                0.09224,                0.84207,                0.82532,                0.87118,                0.72371,                0.65936,                0.40554,                 1.4506,                0.09907,               0.005743,               0.005743,               0.005743,                      0,                0.69336,                0.68529,                0.67087,                0.52026,                 0.6795,                0.41372,                0.18751,                0.44645,                0.57125,                0.41158,                0.10756,                0.64162,                      0,                0.68281,                0.67741,                0.66407,                0.49675,                0.68299,                0.44702,                0.19099,                0.44724,                0.55092,                0.41158,             -0.0075282,                0.68347,                      0,                0.66886,                0.68566,                0.67453,                0.49867,                0.68192,                0.43318,                0.19459,                0.44576,                0.56198,                0.41158,                0.71763,               0.014893,                      0,                0.79079,                0.58405,                0.31746,                0.48302,                0.26785,                0.73215,                0.73215,                      1
                     45,                0.68415,                0.44146,                 1.3727,                0.09146,                0.84151,                0.82673,                0.87285,                0.72429,                0.65954,                0.40426,                 1.4536,                0.09901,               0.005644,               0.005644,               0.005644,                      0,                0.69014,                0.68363,                0.67084,                0.51537,                0.67676,                0.41635,                0.18841,                 0.4465,                0.55702,                0.41241,                0.10621,                0.64053,                      0,                0.67671,                0.67679,                0.66503,                0.49312,                 0.6796,                0.44859,                0.19233,                0.45041,                0.53952,                0.41241,              -0.010177,                0.68744,                      0,                0.66566,                0.68419,                0.67464,                0.49686,                0.68049,                 0.4347,                0.19436,                0.44957,                0.54874,                0.41241,                0.72066,               0.015133,                      0,                 0.7861,                0.57972,                0.31417,                0.48003,                 0.2696,                 0.7304,                 0.7304,                      1
                     46,                0.68259,                0.44313,                 1.3722,                 0.0911,                0.84206,                0.82467,                 0.8725,                0.72495,                 0.6594,                0.40397,                 1.4557,                0.09904,               0.005545,               0.005545,               0.005545,                      0,                0.69543,                0.68243,                0.66975,                0.51218,                0.68212,                0.42063,                0.18799,                0.44551,                0.55715,                0.40972,                0.10816,                 0.6451,                      0,                0.68181,                0.67524,                0.66307,                0.49079,                0.68451,                0.45396,                 0.1913,                0.44933,                0.53882,                0.40972,             -0.0094012,                0.69202,                      0,                0.66759,                0.68565,                0.67565,                 0.4938,                0.68482,                0.43776,                0.19566,                0.44945,                0.55239,                0.40972,                0.73268,               0.015326,                      0,                0.78238,                0.58536,                0.31761,                0.48212,                 0.2646,                 0.7354,                 0.7354,                      1
                     47,                0.68493,                 0.4407,                 1.3735,                0.09098,                 0.8341,                0.82854,                0.87043,                0.72301,                0.65975,                0.40409,                 1.4587,                0.09907,               0.005446,               0.005446,               0.005446,                      0,                0.69685,                0.68164,                0.66971,                0.51176,                  0.683,                0.41996,                0.18789,                0.44496,                0.55955,                0.41094,                0.10834,                0.64518,                      0,                0.68257,                0.67622,                0.66468,                0.48841,                0.68535,                0.45375,                0.19258,                 0.4489,                0.53907,                0.41094,              -0.010075,                0.69295,                      0,                0.67123,                0.68587,                0.67674,                0.49039,                0.68638,                 0.4378,                0.19779,                0.44805,                0.54932,                0.41094,                0.72775,               0.015514,                      0,                0.78091,                0.58102,                0.31865,                0.47974,                0.26805,                0.73195,                0.73195,                      1
                     48,                 0.6796,                 0.4391,                 1.3737,                0.09112,                0.83005,                0.83038,                0.86715,                 0.7207,                0.65929,                0.40479,                 1.4584,                0.09902,               0.005347,               0.005347,               0.005347,                      0,                0.69607,                0.68528,                 0.6727,                0.51166,                0.68287,                 0.4186,                0.18763,                0.44618,                0.56262,                0.41295,                0.10736,                 0.6474,                      0,                0.68121,                0.67822,                0.66635,                0.48874,                0.68372,                0.45279,                0.19104,                0.44917,                0.54437,                0.41295,              -0.010769,                0.69045,                      0,                0.67191,                0.68844,                0.67834,                0.48984,                0.68595,                0.43772,                0.19709,                 0.4491,                0.54837,                0.41295,                0.72369,                0.01562,                      0,                0.78157,                0.58606,                0.31309,                  0.487,                0.27117,                0.72883,                0.72883,                      1
                     49,                 0.6796,                0.43627,                 1.3664,                0.09185,                0.83014,                0.82849,                0.86642,                0.72035,                0.65914,                0.40444,                 1.4583,                0.09895,               0.005248,               0.005248,               0.005248,                      0,                 0.6907,                0.68432,                 0.6713,                0.51865,                0.67959,                0.41615,                0.18928,                0.44739,                0.56168,                0.41161,                0.10783,                0.64953,                      0,                0.67444,                0.67631,                0.66549,                0.49455,                0.67885,                0.44796,                0.19336,                0.45073,                0.54625,                0.41161,              -0.011629,                0.69078,                      0,                0.66405,                0.68543,                0.67672,                0.49512,                0.68161,                0.43539,                0.19754,                0.45053,                0.55473,                0.41161,                0.72917,               0.015214,                      0,                0.78867,                0.58215,                0.31803,                0.48126,                0.26974,                0.73026,                0.73026,                      1
                     50,                0.67711,                0.43351,                 1.3696,                0.09165,                0.82765,                0.82957,                0.86584,                0.71944,                 0.6592,                0.40425,                 1.4596,                0.09895,               0.005149,               0.005149,               0.005149,                      0,                0.69185,                0.68633,                0.67253,                0.51626,                0.67831,                0.41425,                0.18729,                 0.4466,                0.56725,                0.41274,                0.10854,                0.64198,                      0,                0.67753,                 0.6796,                 0.6669,                0.49023,                0.68038,                0.45142,                0.19164,                0.45062,                0.54735,                0.41274,              -0.013387,                0.68803,                      0,                0.67024,                0.69009,                0.67941,                0.49355,                0.68536,                0.43404,                0.19639,                0.44967,                0.55626,                0.41274,                0.72594,               0.015592,                      0,                0.78581,                0.58418,                 0.3128,                0.48509,                0.27145,                0.72855,                0.72855,                      1
                     51,                0.67682,                0.43225,                  1.365,                0.09215,                0.83048,                0.83046,                0.86665,                0.72084,                0.65893,                0.40363,                 1.4585,                0.09893,                0.00505,                0.00505,                0.00505,                      0,                0.69173,                0.68614,                0.67259,                0.52137,                0.67786,                0.40884,                0.18836,                0.44454,                0.56025,                0.41012,                0.10799,                0.63959,                      0,                0.67717,                0.67767,                0.66617,                0.49705,                0.67939,                0.44379,                0.19218,                 0.4477,                0.54353,                0.41012,              -0.012554,                0.68552,                      0,                0.67005,                0.68637,                0.67608,                0.49899,                0.68258,                0.43077,                0.19573,                 0.4458,                0.54994,                0.41012,                0.71715,               0.015322,                      0,                0.79221,                0.58263,                0.31591,                0.47968,                0.26602,                0.73398,                0.73398,                      1
                     52,                0.67188,                0.42868,                 1.3762,                0.09176,                0.83255,                0.83088,                0.86784,                0.72144,                0.65887,                0.40302,                   1.46,                0.09886,               0.004951,               0.004951,               0.004951,                      0,                0.68722,                0.68415,                0.67122,                0.51732,                 0.6759,                0.41431,                  0.187,                 0.4473,                 0.5657,                0.41231,                0.10703,                0.64541,                      0,                 0.6759,                0.67869,                0.66517,                0.49367,                0.67874,                0.44988,                 0.1913,                0.45099,                0.54426,                0.41231,              -0.010401,                0.68639,                      0,                0.66657,                0.68775,                0.67665,                0.49545,                0.68144,                0.43664,                0.19576,                0.45063,                0.55155,                0.41231,                0.72148,               0.015516,                      0,                0.78751,                0.58356,                0.31349,                0.48343,                0.27087,                0.72913,                0.72913,                      1
                     53,                0.66987,                0.42527,                 1.3684,                0.09131,                0.82929,                0.83438,                0.86971,                0.72316,                0.65849,                0.40231,                 1.4603,                0.09887,               0.004852,               0.004852,               0.004852,                      0,                0.69315,                0.68424,                0.67271,                0.51452,                0.67909,                0.41434,                0.18699,                0.44503,                0.56009,                 0.4119,                0.10657,                 0.6406,                      0,                0.68324,                  0.678,                 0.6671,                0.48877,                0.68307,                0.45005,                0.19157,                0.44709,                 0.5451,                 0.4119,              -0.011873,                0.68263,                      0,                 0.6725,                0.68939,                0.67934,                0.49019,                0.68484,                0.43607,                0.19674,                0.44687,                0.55282,                 0.4119,                0.71864,               0.015698,                      0,                0.78365,                0.58515,                0.31468,                0.48529,                0.26742,                0.73258,                0.73258,                      1
                     54,                0.66686,                0.42621,                 1.3711,                0.09079,                0.82962,                0.83544,                0.87075,                0.72416,                0.65823,                0.40186,                 1.4604,                0.09886,               0.004753,               0.004753,               0.004753,                      0,                0.69722,                0.68389,                0.66936,                0.51032,                0.68278,                0.42301,                0.18804,                0.44158,                0.55635,                0.41041,                0.10455,                0.64305,                      0,                0.68047,                0.67798,                0.66544,                0.48654,                0.68365,                0.45423,                 0.1934,                0.44638,                0.54458,                0.41041,              -0.011738,                0.69241,                      0,                0.67082,                0.68743,                0.67619,                0.48831,                0.68498,                0.44226,                0.19722,                0.44502,                 0.5531,                0.41041,                0.72394,               0.015232,                      0,                0.77897,                0.58605,                0.31481,                0.48323,                0.26647,                0.73353,                0.73353,                      1
                     55,                0.67229,                0.42696,                 1.3639,                0.09127,                0.82979,                0.83627,                0.87105,                0.72433,                0.65812,                0.40135,                 1.4601,                0.09887,               0.004654,               0.004654,               0.004654,                      0,                0.69432,                0.68596,                0.67392,                0.51433,                0.68201,                0.41591,                0.18879,                0.44497,                0.55575,                0.41189,                0.10536,                0.64833,                      0,                0.67945,                0.67772,                0.66701,                0.49038,                0.68215,                0.45257,                0.19204,                0.44863,                0.53875,                0.41189,              -0.010499,                0.68952,                      0,                0.67377,                0.68876,                0.67976,                0.49036,                0.68713,                0.43958,                0.19652,                0.44671,                0.55135,                0.41189,                0.72366,                0.01559,                      0,                 0.7843,                0.58596,                 0.3159,                  0.486,                0.26781,                0.73219,                0.73219,                      1
                     56,                0.66413,                0.42256,                 1.3684,                0.09061,                0.82802,                0.83787,                0.87128,                0.72455,                0.65776,                0.40082,                 1.4609,                0.09884,               0.004555,               0.004555,               0.004555,                      0,                0.69923,                0.68175,                0.66713,                0.51185,                0.68459,                0.42628,                0.18633,                0.44167,                0.55488,                0.41029,                0.10569,                0.64417,                      0,                0.68396,                0.67387,                0.66078,                0.48491,                0.68677,                0.46236,                0.19047,                0.44557,                0.53535,                0.41029,              -0.012643,                0.69452,                      0,                0.67335,                0.68453,                0.67357,                 0.4873,                0.68767,                0.44865,                0.19589,                0.44745,                0.54203,                0.41029,                0.72719,               0.015245,                      0,                0.77841,                 0.5877,                0.31877,                0.48535,                0.26589,                0.73411,                0.73411,                      1
                     57,                0.66632,                0.42398,                 1.3622,                 0.0909,                0.82846,                0.83657,                 0.8713,                0.72435,                0.65752,                0.40065,                 1.4608,                0.09882,               0.004456,               0.004456,               0.004456,                      0,                0.68899,                0.68363,                0.67289,                0.51183,                0.67865,                0.41729,                0.18866,                0.44659,                0.55064,                0.41392,                0.10325,                0.65066,                      0,                 0.6798,                0.67772,                0.66834,                0.48869,                0.68185,                0.44681,                0.19367,                0.44898,                0.53502,                0.41392,              -0.012977,                0.68739,                      0,                0.66807,                0.68646,                0.67953,                0.48925,                0.68366,                0.43663,                0.19735,                0.44931,                0.54427,                0.41392,                0.72585,                0.01521,                      0,                0.78182,                0.58264,                 0.3135,                0.48492,                0.26971,                0.73029,                0.73029,                      1
                     58,                0.66641,                0.42085,                 1.3586,                0.09077,                0.82302,                0.84318,                0.87155,                0.72485,                0.65727,                0.40025,                 1.4609,                0.09884,               0.004357,               0.004357,               0.004357,                      0,                 0.6936,                0.68615,                0.67316,                0.51078,                0.68197,                 0.4216,                0.18768,                 0.4437,                0.55502,                0.41047,                0.10203,                0.64949,                      0,                0.68389,                0.67953,                0.66739,                 0.4854,                0.68677,                0.45522,                0.19275,                0.44698,                0.53907,                0.41047,              -0.012829,                0.69483,                      0,                 0.6798,                0.68897,                0.67784,                0.48654,                0.69175,                0.44157,                0.19616,                0.44472,                0.54915,                0.41047,                0.72511,                0.01508,                      0,                0.77946,                0.58767,                0.31373,                0.48561,                0.26365,                0.73635,                0.73635,                      1
                     59,                0.66642,                0.41891,                 1.3666,                0.09107,                0.82329,                 0.8429,                0.87152,                0.72498,                0.65708,                0.40013,                 1.4612,                0.09882,               0.004258,               0.004258,               0.004258,                      0,                0.69111,                0.68493,                0.67236,                0.51424,                0.68011,                0.41593,                0.18881,                  0.447,                0.55946,                 0.4131,                0.10467,                0.65069,                      0,                0.67447,                 0.6771,                0.66564,                0.48702,                0.68131,                0.45655,                0.19246,                  0.452,                0.53752,                 0.4131,              -0.013164,                0.69963,                      0,                 0.6677,                0.68812,                0.67814,                0.48712,                0.68494,                 0.4444,                0.19777,                0.45061,                0.54551,                 0.4131,                0.73107,               0.015518,                      0,                0.78214,                 0.5788,                0.31479,                0.47954,                0.27216,                0.72784,                0.72784,                      1
                     60,                0.65834,                0.41577,                 1.3553,                0.09035,                 0.8368,                0.82836,                0.87183,                0.72519,                0.65709,                0.39993,                 1.4616,                0.09883,               0.004159,               0.004159,               0.004159,                      0,                0.69907,                0.68568,                0.67046,                0.50901,                0.68294,                 0.4237,                0.18822,                0.44287,                0.55254,                0.41206,                0.10617,                0.63974,                      0,                0.68361,                0.67696,                0.66246,                0.48388,                0.68423,                0.46033,                0.19159,                0.44713,                0.53135,                0.41206,              -0.013484,                0.68589,                      0,                0.67427,                0.68765,                0.67548,                0.48431,                0.68784,                0.44736,                 0.1963,                0.44633,                 0.5387,                0.41206,                0.72416,               0.015129,                      0,                0.77645,                0.58194,                0.31442,                0.48119,                0.27199,                0.72801,                0.72801,                      1
                     61,                0.66283,                0.41642,                  1.355,                0.09082,                0.83695,                0.82998,                0.87134,                0.72465,                0.65684,                0.39983,                 1.4616,                0.09882,                0.00406,                0.00406,                0.00406,                      0,                0.69591,                 0.6841,                0.67028,                0.51147,                0.68145,                0.42131,                0.18799,                0.44328,                0.55491,                0.41307,                0.10436,                0.64222,                      0,                0.68377,                 0.6783,                0.66572,                0.48775,                0.68424,                0.45258,                0.19262,                0.44692,                0.53298,                0.41307,              -0.011834,                0.68549,                      0,                0.67267,                0.68884,                0.67828,                0.48914,                0.68485,                0.43949,                 0.1977,                 0.4466,                0.54374,                0.41307,                0.71791,               0.015355,                      0,                0.78054,                0.58173,                0.31413,                0.48241,                0.26936,                0.73064,                0.73064,                      1
                     62,                0.66121,                0.41513,                  1.365,                0.09015,                0.83423,                0.83203,                0.87107,                 0.7243,                0.65685,                 0.3998,                 1.4624,                0.09882,               0.003961,               0.003961,               0.003961,                      0,                 0.6993,                0.68505,                0.67105,                0.50605,                0.68513,                0.42689,                0.18884,                0.44324,                0.55194,                0.41245,                0.10323,                0.64719,                      0,                 0.6917,                0.67858,                0.66494,                0.48188,                0.69003,                0.45826,                0.19312,                0.44557,                0.53847,                0.41245,              -0.011937,                0.68558,                      0,                0.68205,                0.68931,                0.67691,                0.48278,                 0.6938,                0.44608,                0.19776,                0.44571,                0.54313,                0.41245,                0.72528,               0.015187,                      0,                0.77391,                0.58422,                0.31564,                0.48421,                0.27182,                0.72818,                0.72818,                      1
                     63,                0.65985,                0.41374,                  1.365,                0.09113,                0.83478,                0.83168,                0.87086,                 0.7245,                0.65676,                0.39996,                 1.4624,                0.09879,               0.003862,               0.003862,               0.003862,                      0,                0.69165,                 0.6851,                0.67081,                0.51302,                0.68058,                 0.4227,                0.18805,                0.44416,                0.55707,                0.40987,                0.10464,                0.64978,                      0,                0.68007,                0.67824,                0.66466,                0.49042,                0.68226,                0.45256,                  0.193,                0.44701,                0.54317,                0.40987,              -0.011917,                0.68836,                      0,                0.67513,                0.68857,                0.67619,                0.48982,                0.68759,                0.44201,                0.19691,                0.44526,                  0.551,                0.40987,                0.72226,               0.015161,                      0,                0.78249,                0.58494,                0.31756,                0.48197,                0.26437,                0.73563,                0.73563,                      1
                     64,                0.66076,                 0.4146,                 1.3621,                0.09092,                0.84035,                0.82847,                 0.8713,                0.72503,                0.65667,                0.39976,                 1.4622,                0.09878,               0.003763,               0.003763,               0.003763,                      0,                0.69855,                0.68559,                0.67298,                 0.5102,                0.68411,                0.41757,                0.18764,                0.44214,                0.56088,                0.40959,                0.10601,                0.64387,                      0,                 0.6883,                0.67878,                0.66588,                0.48774,                0.68695,                0.45332,                 0.1918,                0.44449,                0.54097,                0.40959,              -0.013427,                0.68318,                      0,                0.68018,                0.68905,                0.67798,                0.48809,                0.69002,                0.44096,                0.19585,                0.44362,                0.55086,                0.40959,                0.71744,               0.015028,                      0,                0.77997,                0.58672,                 0.3156,                0.48391,                0.26414,                0.73586,                0.73586,                      1
                     65,                 0.6574,                0.40923,                  1.363,                0.09094,                0.84281,                0.82533,                0.87119,                0.72507,                0.65661,                0.39955,                 1.4628,                0.09875,               0.003664,               0.003664,               0.003664,                      0,                0.69319,                 0.6875,                0.67178,                0.51281,                0.68145,                0.42368,                0.18812,                0.44447,                0.55008,                0.41063,                0.10602,                0.64927,                      0,                0.68266,                0.68081,                0.66574,                0.49061,                 0.6845,                0.45487,                0.19305,                0.44743,                0.52987,                0.41063,              -0.014914,                0.68953,                      0,                0.67577,                0.69115,                0.67673,                0.48979,                0.68823,                0.44689,                0.19635,                0.44663,                0.54097,                0.41063,                0.72239,               0.014965,                      0,                0.78268,                0.58161,                0.31629,                0.47945,                0.26726,                0.73274,                0.73274,                      1
                     66,                0.65476,                0.40983,                  1.358,                0.09063,                0.84358,                0.82252,                0.87102,                0.72552,                0.65654,                0.39929,                 1.4632,                0.09874,               0.003565,               0.003565,               0.003565,                      0,                0.69223,                0.68487,                0.67203,                0.51021,                0.68173,                0.42173,                0.18833,                0.44504,                0.55771,                0.41116,                0.10632,                0.65295,                      0,                0.68115,                0.67628,                0.66472,                0.48515,                0.68563,                0.45774,                0.19228,                0.44939,                0.53871,                0.41116,              -0.014623,                0.69794,                      0,                0.67443,                0.68707,                0.67714,                0.48242,                0.68842,                0.44595,                0.19853,                0.44729,                0.54601,                0.41116,                0.72678,               0.015136,                      0,                0.77787,                0.58363,                0.31604,                0.48204,                0.26724,                0.73276,                0.73276,                      1
                     67,                0.65395,                0.40599,                  1.355,                0.09037,                0.84254,                0.82228,                0.87098,                 0.7255,                0.65643,                0.39922,                 1.4634,                0.09872,               0.003466,               0.003466,               0.003466,                      0,                0.69333,                0.68307,                0.66939,                0.50855,                0.68195,                0.42582,                0.18891,                 0.4452,                0.55645,                0.41054,                  0.108,                0.65091,                      0,                 0.6821,                0.67417,                 0.6613,                0.48361,                0.68486,                0.45876,                0.19309,                0.44804,                0.53492,                0.41054,              -0.014215,                0.69236,                      0,                0.67286,                0.68453,                0.67294,                0.48526,                0.68624,                0.44799,                0.19729,                0.44795,                0.54126,                0.41054,                0.72272,               0.015033,                      0,                0.77583,                0.58249,                 0.3167,                0.47922,                0.26844,                0.73156,                0.73156,                      1
                     68,                0.65252,                0.40201,                 1.3589,                0.08982,                0.84225,                0.82282,                0.87064,                0.72487,                0.65624,                0.39909,                 1.4637,                0.09872,               0.003367,               0.003367,               0.003367,                      0,                0.69418,                 0.6845,                0.67291,                0.50202,                0.68364,                 0.4248,                0.18988,                0.44569,                0.55705,                 0.4119,                0.10648,                0.65504,                      0,                0.68615,                0.67612,                0.66485,                0.47781,                0.68837,                0.45946,                0.19337,                0.44883,                0.54221,                 0.4119,              -0.013876,                0.69438,                      0,                0.68173,                0.68738,                0.67678,                0.47822,                0.69309,                0.44891,                0.19765,                0.44672,                0.55001,                 0.4119,                0.72395,               0.014812,                      0,                0.76941,                0.58515,                0.31703,                0.48456,                0.26925,                0.73075,                0.73075,                      1
                     69,                0.65022,                 0.4032,                 1.3584,                0.09056,                0.82394,                0.84146,                0.87052,                0.72478,                0.65615,                0.39923,                 1.4642,                0.09869,               0.003268,               0.003268,               0.003268,                      0,                0.69078,                0.68497,                0.67393,                0.50888,                0.68099,                0.41781,                0.18934,                0.44612,                0.56006,                0.41241,                0.10492,                0.65464,                      0,                0.68258,                0.67688,                0.66647,                0.48308,                0.68612,                0.45383,                0.19377,                0.44883,                0.54054,                0.41241,              -0.014291,                0.69563,                      0,                0.67607,                  0.687,                0.67714,                0.48155,                0.69047,                0.44426,                0.19797,                0.44644,                0.54728,                0.41241,                0.72922,               0.014696,                      0,                0.77661,                0.58145,                0.31426,                0.48176,                0.27094,                0.72906,                0.72906,                      1
                     70,                0.64862,                0.40161,                 1.3506,                0.08988,                0.82364,                0.84389,                0.87058,                0.72479,                0.65608,                0.39903,                 1.4644,                 0.0987,               0.003169,               0.003169,               0.003169,                      0,                0.69541,                 0.6842,                0.67161,                0.50427,                0.68367,                0.42689,                0.18968,                0.44293,                0.54775,                0.41119,                0.10447,                0.65134,                      0,                0.68638,                0.67549,                0.66384,                0.48214,                0.68685,                0.45795,                0.19311,                0.44547,                0.53045,                0.41119,              -0.013875,                0.68815,                      0,                0.67997,                0.68551,                0.67492,                0.48161,                0.69088,                0.44802,                 0.1969,                0.44436,                0.53557,                0.41119,                 0.7209,               0.014828,                      0,                0.77254,                0.58203,                0.31605,                0.48092,                0.26655,                0.73345,                0.73345,                      1
                     71,                0.64553,                0.39799,                 1.3578,                0.09034,                0.82447,                0.83994,                0.87064,                 0.7249,                0.65603,                0.39896,                 1.4648,                0.09868,                0.00307,                0.00307,                0.00307,                      0,                0.69446,                0.68609,                0.67432,                0.50725,                0.68272,                0.42331,                0.18884,                0.44495,                0.55347,                0.41363,                0.10307,                 0.6511,                      0,                0.68629,                0.67953,                0.66831,                0.48339,                0.68634,                0.45369,                0.19374,                0.44625,                0.53239,                0.41363,              -0.013276,                0.68648,                      0,                0.68049,                0.68977,                0.67981,                0.48236,                0.69166,                0.44576,                0.19805,                0.44513,                0.54049,                0.41363,                0.72173,               0.015103,                      0,                0.77609,                0.58362,                 0.3116,                0.48557,                0.27086,                0.72914,                0.72914,                      1
                     72,                0.64642,                0.39701,                 1.3546,                0.08924,                0.82535,                0.84057,                0.87031,                0.72487,                  0.656,                0.39881,                 1.4652,                0.09866,               0.002971,               0.002971,               0.002971,                      0,                0.69503,                 0.6816,                0.67017,                0.50011,                 0.6831,                0.43217,                0.18862,                0.44411,                0.54767,                0.41209,                0.10236,                0.65074,                      0,                0.68457,                0.67408,                0.66371,                0.47643,                0.68641,                0.46257,                0.19344,                0.44689,                0.52915,                0.41209,              -0.014251,                0.69139,                      0,                0.68123,                0.68325,                 0.6736,                0.47383,                0.69315,                0.45693,                0.19646,                0.44611,                0.53454,                0.41209,                0.72546,               0.015114,                      0,                0.76626,                0.58005,                0.31622,                0.47982,                0.26942,                0.73058,                0.73058,                      1
                     73,                0.64331,                0.39516,                 1.3575,                0.08987,                0.82111,                0.84807,                0.87014,                0.72482,                0.65587,                0.39886,                 1.4655,                0.09866,               0.002872,               0.002872,               0.002872,                      0,                0.69714,                0.68665,                0.67396,                0.50489,                0.68357,                0.42315,                0.19025,                0.44413,                0.55142,                0.41306,                0.10293,                0.64731,                      0,                0.68628,                0.67879,                0.66777,                0.47847,                0.68794,                0.45676,                0.19513,                0.44758,                0.53146,                0.41306,              -0.014224,                0.69239,                      0,                0.68078,                0.68965,                0.67967,                0.47613,                 0.6936,                0.45081,                0.19934,                0.44624,                0.54153,                0.41306,                0.72785,               0.015285,                      0,                0.77173,                0.58327,                0.31457,                0.48445,                0.27223,                0.72777,                0.72777,                      1
                     74,                0.64103,                0.39434,                 1.3412,                 0.0908,                0.82065,                0.84743,                0.87013,                0.72472,                0.65583,                0.39876,                 1.4658,                0.09865,               0.002773,               0.002773,               0.002773,                      0,                0.69525,                0.68703,                0.67423,                0.51192,                0.68142,                0.41679,                0.18923,                0.44262,                0.55117,                0.41108,                0.10385,                0.64316,                      0,                 0.6843,                0.68047,                0.66814,                0.48795,                 0.6854,                0.44996,                0.19404,                0.44593,                0.53241,                0.41108,              -0.013326,                0.68844,                      0,                0.68228,                0.69243,                0.68024,                0.48426,                0.69251,                0.44331,                0.19848,                0.44368,                0.53878,                0.41108,                 0.7208,                0.01517,                      0,                0.78103,                0.58803,                0.31436,                0.48679,                0.26554,                0.73446,                0.73446,                      1
                     75,                  0.641,                0.39357,                 1.3489,                 0.0898,                0.81954,                0.84807,                0.87022,                 0.7249,                0.65571,                0.39869,                  1.466,                0.09864,               0.002674,               0.002674,               0.002674,                      0,                0.69594,                0.68469,                0.67241,                0.50281,                0.68467,                0.42764,                0.18765,                0.44329,                0.55364,                0.41101,                0.10394,                0.65377,                      0,                0.68692,                0.67847,                0.66648,                0.47921,                0.68851,                0.45917,                0.19285,                0.44548,                0.53502,                0.41101,              -0.012522,                0.69288,                      0,                0.68398,                0.69136,                   0.68,                0.47682,                0.69493,                0.44953,                0.19801,                0.44424,                0.54324,                0.41101,                0.72494,                0.01519,                      0,                0.77036,                0.58642,                0.31421,                0.48478,                0.26724,                0.73276,                0.73276,                      1
                     76,                0.63695,                0.39113,                 1.3498,                0.09005,                0.82782,                0.83762,                0.87053,                0.72486,                0.65567,                 0.3985,                 1.4661,                0.09864,               0.002575,               0.002575,               0.002575,                      0,                0.70051,                0.68572,                0.67179,                0.50493,                0.68496,                0.42463,                0.18863,                0.43859,                0.55646,                0.41055,                0.10306,                0.64176,                      0,                0.69159,                0.67847,                0.66528,                0.48051,                0.68927,                0.45673,                0.19342,                0.44049,                0.53956,                0.41055,              -0.010767,                0.68283,                      0,                0.68215,                0.68995,                0.67718,                0.47825,                0.69154,                   0.45,                0.19818,                0.43988,                0.54708,                0.41055,                0.71764,               0.015208,                      0,                0.77212,                0.58707,                0.31338,                0.48498,                0.26469,                0.73531,                0.73531,                      1
                     77,                0.64042,                0.39162,                 1.3499,                0.08945,                0.83093,                0.83581,                0.87052,                0.72536,                0.65566,                0.39837,                 1.4662,                0.09862,               0.002476,               0.002476,               0.002476,                      0,                0.69066,                0.68204,                0.67062,                0.50334,                0.68187,                0.43135,                0.18829,                0.44613,                0.54534,                 0.4106,                0.10209,                0.65726,                      0,                0.68493,                0.67486,                0.66378,                0.47717,                0.68821,                0.46493,                0.19267,                0.44793,                0.52659,                 0.4106,              -0.011178,                0.69736,                      0,                0.67944,                0.68386,                 0.6736,                 0.4739,                0.69237,                0.45751,                0.19655,                0.44463,                0.53672,                 0.4106,                0.72853,               0.014863,                      0,                0.76875,                0.58632,                0.31692,                0.48467,                0.26337,                0.73663,                0.73663,                      1
                     78,                0.63646,                0.38813,                 1.3425,                0.09026,                0.83577,                 0.8329,                0.87046,                0.72527,                0.65562,                 0.3985,                 1.4664,                0.09861,               0.002377,               0.002377,               0.002377,                      0,                 0.6989,                0.68727,                0.67454,                0.50644,                0.68625,                0.42032,                0.18962,                0.44291,                 0.5588,                 0.4114,                0.10136,                0.65166,                      0,                0.68874,                0.67929,                0.66713,                0.48199,                0.68811,                0.45348,                0.19416,                0.44553,                0.54163,                 0.4114,              -0.012037,                 0.6864,                      0,                0.68229,                0.68858,                0.67759,                0.47533,                0.69397,                0.45237,                0.19877,                0.44475,                0.54685,                 0.4114,                 0.7259,               0.015409,                      0,                0.77376,                0.58252,                 0.3144,                0.48109,                0.26785,                0.73215,                0.73215,                      1
                     79,                 0.6379,                0.38857,                 1.3471,                0.08967,                0.83624,                0.83466,                 0.8706,                0.72552,                0.65555,                0.39842,                 1.4666,                0.09859,               0.002278,               0.002278,               0.002278,                      0,                0.69297,                0.68527,                0.67549,                0.50215,                 0.6824,                0.42281,                0.18922,                 0.4458,                0.55376,                0.41345,                0.10063,                 0.6537,                      0,                0.68315,                0.67828,                0.66942,                0.47662,                0.68572,                0.45495,                0.19388,                0.44822,                 0.5355,                0.41345,              -0.011789,                0.69267,                      0,                0.68188,                0.68941,                0.68132,                0.47276,                0.69318,                0.44756,                0.19858,                0.44532,                 0.5381,                0.41345,                0.72387,               0.015083,                      0,                0.76919,                0.58328,                0.31167,                0.48519,                0.26929,                0.73071,                0.73071,                      1
                     80,                 0.6277,                0.38211,                 1.3471,                0.08986,                0.83652,                 0.8355,                0.87085,                0.72558,                0.65548,                0.39841,                 1.4669,                0.09857,               0.002179,               0.002179,               0.002179,                      0,                0.69579,                0.68419,                0.67194,                0.50394,                0.68408,                0.42195,                0.18885,                0.44445,                0.55396,                0.41139,               0.099846,                0.65218,                      0,                0.68749,                0.67835,                0.66611,                0.47985,                0.68853,                0.45493,                0.19387,                0.44649,                0.53648,                0.41139,               -0.01197,                0.69136,                      0,                0.68415,                0.68941,                 0.6786,                0.47565,                0.69479,                0.44922,                0.19851,                0.44515,                0.54097,                0.41139,                0.72379,               0.014954,                      0,                0.77096,                 0.5862,                0.31502,                0.48498,                0.26845,                0.73155,                0.73155,                      1
                     81,                0.63397,                0.38542,                 1.3419,                0.08945,                0.83558,                0.83688,                0.87098,                0.72545,                0.65544,                0.39852,                 1.4671,                0.09856,                0.00208,                0.00208,                0.00208,                      0,                 0.6946,                0.68402,                0.67194,                0.50221,                0.68495,                0.43026,                0.18959,                0.44579,                0.55229,                0.41122,                 0.0997,                0.65895,                      0,                0.68571,                0.67599,                0.66531,                0.47543,                0.68916,                0.46369,                0.19469,                0.44861,                0.52998,                0.41122,              -0.012416,                0.69845,                      0,                0.67899,                0.68565,                0.67584,                 0.4729,                0.69291,                 0.4586,                0.19849,                0.44685,                0.53584,                0.41122,                 0.7304,                0.01501,                      0,                0.76769,                0.58167,                0.31836,                0.48029,                0.27065,                0.72935,                0.72935,                      1
                     82,                0.63152,                0.38292,                 1.3392,                 0.0898,                0.83379,                0.83793,                0.87085,                0.72539,                0.65548,                0.39857,                 1.4676,                0.09854,               0.001981,               0.001981,               0.001981,                      0,                0.69611,                0.68621,                0.67221,                0.50626,                 0.6838,                 0.4263,                0.18922,                  0.445,                0.54727,                0.41203,               0.099113,                0.65076,                      0,                 0.6871,                0.67855,                0.66517,                0.48031,                0.68798,                0.46046,                0.19371,                0.44803,                0.52336,                0.41203,              -0.012946,                0.69036,                      0,                0.68236,                0.69066,                0.67908,                0.47465,                0.69438,                0.45414,                0.19999,                0.44581,                0.53072,                0.41203,                0.72665,               0.015324,                      0,                0.77248,                0.58197,                0.31514,                0.48148,                 0.2715,                 0.7285,                 0.7285,                      1
                     83,                0.62712,                0.37967,                  1.344,                0.08903,                 0.8339,                0.83854,                0.87077,                 0.7253,                0.65541,                0.39858,                 1.4678,                0.09853,               0.001882,               0.001882,               0.001882,                      0,                0.69565,                0.68513,                0.67281,                0.49936,                0.68473,                0.43244,                0.18956,                0.44573,                0.54176,                0.41384,               0.098299,                0.65567,                      0,                0.68587,                0.67907,                0.66733,                0.47426,                 0.6888,                0.46391,                0.19532,                0.44881,                0.52311,                0.41384,              -0.012878,                0.69661,                      0,                0.68414,                0.68885,                0.67756,                0.47192,                0.69566,                0.45851,                0.19898,                0.44639,                0.52795,                0.41384,                0.72634,               0.015113,                      0,                0.76563,                0.58044,                0.31431,                0.48231,                0.27305,                0.72695,                0.72695,                      1
                     84,                0.63267,                0.38122,                 1.3487,                0.08949,                 0.8318,                0.83897,                0.87057,                0.72511,                0.65546,                0.39879,                 1.4682,                0.09852,               0.001783,               0.001783,               0.001783,                      0,                0.69541,                0.68537,                0.67377,                0.50161,                0.68678,                0.42849,                0.18988,                0.44402,                0.54893,                0.41141,               0.098087,                0.66302,                      0,                0.68999,                0.67967,                0.66769,                0.47852,                0.69186,                0.45822,                0.19478,                0.44546,                0.52934,                0.41141,               -0.01362,                0.69699,                      0,                0.68893,                 0.6887,                0.67775,                0.47111,                0.70038,                0.45717,                0.19807,                0.44308,                0.53538,                0.41141,                0.73189,               0.015304,                      0,                0.76861,                0.58628,                0.31574,                0.48559,                0.26663,                0.73337,                0.73337,                      1
                     85,                0.62847,                0.37818,                 1.3435,                0.08975,                0.83198,                0.83941,                 0.8703,                0.72476,                0.65552,                  0.399,                 1.4687,                0.09851,               0.001684,               0.001684,               0.001684,                      0,                0.69915,                0.68417,                0.67032,                 0.5039,                0.68477,                 0.4295,                0.18764,                0.44119,                0.54936,                0.41227,               0.097968,                0.64586,                      0,                0.69103,                0.67779,                0.66362,                0.48122,                0.68871,                0.45917,                0.19231,                0.44296,                0.53007,                0.41227,              -0.014681,                0.68244,                      0,                 0.6926,                0.68962,                0.67648,                0.47625,                0.69852,                0.45212,                0.19709,                0.44028,                0.53824,                0.41227,                0.71452,               0.015023,                      0,                0.77092,                0.58181,                0.31433,                  0.482,                0.26978,                0.73022,                0.73022,                      1
                     86,                 0.6223,                0.37383,                 1.3369,                0.08844,                0.83482,                0.83647,                0.87006,                 0.7246,                 0.6555,                0.39907,                 1.4691,                0.09852,               0.001585,               0.001585,               0.001585,                      0,                0.69324,                 0.6847,                0.67422,                0.49501,                0.68507,                0.43163,                0.19026,                0.44727,                0.53934,                0.41422,               0.098343,                0.66348,                      0,                0.68702,                0.67764,                0.66733,                0.46946,                0.69073,                0.46553,                0.19499,                0.45029,                0.51894,                0.41422,              -0.014511,                0.70054,                      0,                0.68692,                0.69043,                0.67991,                0.46501,                0.69865,                0.46024,                0.19905,                0.44708,                0.52639,                0.41422,                0.72968,               0.015233,                      0,                 0.7603,                0.58314,                0.31176,                0.48559,                0.27437,                0.72563,                0.72563,                      1
                     87,                0.62439,                 0.3763,                 1.3379,                0.08965,                0.83429,                0.83766,                0.86981,                0.72469,                0.65564,                0.39928,                 1.4694,                 0.0985,               0.001486,               0.001486,               0.001486,                      0,                0.69729,                0.68606,                0.67357,                0.50328,                0.68646,                0.42618,                0.18897,                0.44386,                0.55231,                0.41214,               0.097869,                0.65668,                      0,                0.68918,                  0.679,                0.66734,                0.47841,                0.69117,                0.45887,                0.19429,                0.44628,                0.52771,                0.41214,              -0.014045,                0.69666,                      0,                0.68661,                0.68798,                0.67811,                0.47186,                0.69714,                0.45648,                0.19811,                0.44294,                0.53632,                0.41214,                0.72609,               0.015159,                      0,                0.76976,                 0.5853,                  0.315,                 0.4855,                0.26668,                0.73332,                0.73332,                      1
                     88,                0.62277,                0.37348,                 1.3341,                0.08906,                0.83232,                0.83865,                0.86975,                0.72455,                0.65563,                0.39957,                 1.4697,                0.09848,               0.001387,               0.001387,               0.001387,                      0,                0.69829,                0.68442,                0.67163,                0.50039,                0.68499,                0.43128,                0.18908,                0.44174,                0.54486,                0.41031,               0.097937,                0.64827,                      0,                0.69091,                0.67731,                 0.6645,                0.47497,                0.69096,                0.46541,                0.19361,                0.44398,                0.52309,                0.41031,               -0.01478,                 0.6911,                      0,                0.69319,                0.68871,                0.67707,                0.46784,                 0.7003,                0.45991,                0.19846,                0.44015,                0.52946,                0.41031,                0.71994,               0.015243,                      0,                0.76542,                0.58733,                0.31822,                0.48505,                0.26595,                0.73405,                0.73405,                      1
                     89,                0.62134,                0.37112,                 1.3359,                 0.0897,                0.83285,                0.83799,                0.86952,                 0.7243,                0.65576,                0.39983,                   1.47,                0.09847,               0.001288,               0.001288,               0.001288,                      0,                0.69633,                0.68594,                0.67183,                 0.5053,                0.68539,                0.42843,                0.19019,                0.44619,                0.54779,                0.41323,               0.097599,                0.65659,                      0,                0.68582,                0.67977,                0.66667,                0.47992,                0.68882,                0.45868,                0.19601,                0.44983,                0.52683,                0.41323,              -0.014633,                0.69671,                      0,                0.68611,                0.69003,                  0.678,                0.47205,                0.69829,                0.45576,                0.20044,                0.44653,                0.52545,                0.41323,                0.73039,               0.015011,                      0,                0.77129,                0.57726,                0.31581,                0.47765,                0.27518,                0.72482,                0.72482,                      1
                     90,                0.61793,                0.36861,                 1.3324,                0.08928,                0.83207,                 0.8391,                0.86933,                0.72403,                0.65577,                0.39997,                 1.4703,                0.09847,               0.001189,               0.001189,               0.001189,                      0,                0.70084,                0.68725,                  0.675,                0.50013,                0.68771,                0.42647,                0.18907,                0.44233,                0.55621,                0.41296,               0.096534,                0.65205,                      0,                0.69201,                0.67953,                0.66839,                0.47247,                0.69182,                0.46035,                0.19415,                0.44473,                 0.5359,                0.41296,              -0.014639,                0.69133,                      0,                0.69234,                0.69005,                0.68002,                0.46514,                0.70078,                0.45673,                0.19904,                0.44163,                0.53857,                0.41296,                0.72371,               0.014973,                      0,                0.76496,                0.58554,                0.31351,                0.48708,                0.26905,                0.73095,                0.73095,                      1
                     91,                0.62328,                0.37018,                 1.3316,                 0.0891,                0.83035,                0.84282,                0.86914,                 0.7243,                0.65574,                0.40009,                 1.4703,                0.09846,                0.00109,                0.00109,                0.00109,                      0,                0.69323,                0.68543,                0.67571,                 0.4964,                0.68458,                0.42771,                0.19065,                0.44515,                0.54954,                0.41351,               0.096456,                0.66113,                      0,                0.68687,                0.68051,                0.67005,                0.47549,                0.68942,                0.45612,                0.19598,                0.44756,                0.53476,                0.41351,              -0.014125,                0.69632,                      0,                0.68754,                0.68972,                0.68062,                0.46737,                0.69848,                0.45453,                 0.1999,                0.44547,                0.53777,                0.41351,                0.72811,                0.01514,                      0,                0.76414,                0.58326,                0.31167,                0.48493,                0.26951,                0.73049,                0.73049,                      1
                     92,                0.62061,                0.36854,                 1.3271,                0.08878,                0.82987,                0.84195,                0.86885,                0.72418,                0.65574,                0.40015,                 1.4707,                0.09846,               0.000991,               0.000991,               0.000991,                      0,                 0.7026,                0.68493,                0.67238,                0.49607,                0.68957,                0.43325,                0.19008,                0.44128,                0.54646,                0.41138,               0.097067,                0.65393,                      0,                0.69238,                0.67822,                0.66627,                0.47266,                0.69225,                0.46301,                0.19555,                0.44323,                0.52783,                0.41138,              -0.013762,                0.69188,                      0,                0.69155,                0.68883,                0.67791,                0.46678,                0.69987,                0.46022,                0.19997,                0.44131,                0.53487,                0.41138,                0.72263,                0.01506,                      0,                0.76189,                0.58466,                0.31665,                0.48415,                0.26776,                0.73224,                0.73224,                      1
                     93,                0.61731,                0.36642,                 1.3338,                0.08885,                0.83079,                0.84077,                0.86852,                0.72417,                0.65581,                0.40026,                 1.4709,                0.09845,               0.000892,               0.000892,               0.000892,                      0,                0.69135,                0.68656,                0.67493,                0.49831,                0.68373,                0.43114,                0.19081,                0.44792,                0.54313,                0.41435,               0.096971,                0.66372,                      0,                0.68418,                0.68008,                0.66973,                0.47191,                0.68855,                0.46203,                0.19701,                0.45052,                0.52234,                0.41435,              -0.013714,                0.70003,                      0,                0.68446,                0.69059,                0.68099,                0.46524,                0.69637,                0.45778,                0.20093,                0.44595,                0.52718,                0.41435,                 0.7276,               0.015109,                      0,                0.76372,                0.57933,                0.31171,                0.48219,                0.27607,                0.72393,                0.72393,                      1
                     94,                0.61299,                0.36256,                 1.3323,                0.08843,                0.83222,                0.83825,                0.86848,                0.72385,                0.65577,                0.40026,                 1.4713,                0.09844,               0.000793,               0.000793,               0.000793,                      0,                0.69584,                0.68306,                0.67022,                 0.4958,                 0.6861,                0.43683,                0.19018,                0.44453,                0.54357,                0.41164,               0.096924,                0.65983,                      0,                0.68889,                0.67571,                0.66321,                0.46984,                0.69162,                 0.4698,                 0.1948,                0.44768,                0.52468,                0.41164,              -0.013334,                0.69898,                      0,                 0.6867,                0.68462,                0.67391,                0.46288,                0.69911,                0.46693,                0.19903,                0.44406,                0.52558,                0.41164,                0.73261,               0.014972,                      0,                0.75934,                0.57992,                0.31764,                0.47861,                0.27041,                0.72959,                0.72959,                      1
                     95,                0.61107,                0.36113,                 1.3297,                0.08861,                0.83278,                0.83737,                0.86845,                0.72396,                0.65583,                0.40026,                 1.4715,                0.09843,               0.000694,               0.000694,               0.000694,                      0,                  0.697,                0.68363,                0.67049,                0.49758,                0.68599,                0.43619,                0.18911,                0.44186,                0.53885,                0.41145,                0.09707,                0.65565,                      0,                0.69047,                0.67565,                0.66317,                0.47306,                0.69149,                0.46579,                0.19374,                0.44326,                0.52026,                0.41145,              -0.013161,                0.69431,                      0,                0.69189,                0.68807,                0.67679,                0.46515,                 0.7004,                0.46119,                0.19923,                 0.4399,                0.52358,                0.41145,                 0.7239,               0.015043,                      0,                0.76214,                 0.5835,                0.31605,                0.48212,                0.26612,                0.73388,                0.73388,                      1
                     96,                0.60904,                 0.3606,                 1.3268,                0.08909,                0.83062,                0.83863,                0.86853,                0.72429,                0.65583,                0.40041,                 1.4718,                0.09842,               0.000595,               0.000595,               0.000595,                      0,                0.70033,                0.68539,                 0.6713,                0.49904,                0.68706,                0.43191,                0.18951,                0.44046,                 0.5457,                0.41014,               0.097204,                 0.6507,                      0,                0.69404,                0.67809,                  0.664,                0.47565,                0.69375,                0.46341,                 0.1941,                0.44251,                0.53128,                0.41014,              -0.012922,                0.69298,                      0,                0.69341,                0.68828,                0.67557,                0.46954,                0.70091,                0.45924,                0.19819,                0.43959,                0.53699,                0.41014,                0.72146,               0.015121,                      0,                0.76487,                0.58458,                0.31508,                0.48153,                0.26732,                0.73268,                0.73268,                      1
                     97,                0.61074,                0.35998,                  1.323,                  0.089,                0.83118,                0.83737,                0.86856,                0.72419,                0.65591,                0.40063,                 1.4721,                0.09843,               0.000496,               0.000496,               0.000496,                      0,                0.69788,                0.68615,                0.67375,                0.49946,                0.68662,                0.42962,                0.18926,                0.44415,                0.54586,                0.41356,                0.09703,                0.65655,                      0,                0.68901,                0.67916,                 0.6673,                0.47279,                0.69112,                0.46263,                0.19501,                0.44708,                0.52754,                0.41356,              -0.013113,                0.69677,                      0,                0.68598,                0.69067,                0.68054,                0.46515,                0.69807,                0.45825,                0.20062,                 0.4444,                0.53058,                0.41356,                0.73037,               0.015194,                      0,                0.76435,                0.58191,                 0.3133,                0.48369,                0.27234,                0.72766,                0.72766,                      1
                     98,                0.60794,                0.35714,                 1.3311,                0.08867,                0.83117,                  0.837,                0.86829,                0.72429,                0.65595,                0.40068,                 1.4724,                0.09842,               0.000397,               0.000397,               0.000397,                      0,                0.69801,                0.68558,                0.67334,                0.49656,                0.68877,                0.43357,                0.19035,                  0.444,                0.54185,                0.41277,               0.096601,                0.66396,                      0,                0.69216,                0.67815,                0.66677,                0.47264,                0.69463,                0.46141,                0.19533,                0.44607,                0.52419,                0.41277,              -0.013119,                0.70127,                      0,                0.69635,                0.68895,                 0.6789,                 0.4639,                0.70543,                0.45949,                0.20047,                0.44136,                0.52688,                0.41277,                0.72981,               0.014635,                      0,                0.76198,                0.58392,                0.31632,                0.48444,                0.27141,                0.72859,                0.72859,                      1
                     99,                0.60909,                0.35877,                 1.3273,                0.08899,                0.83448,                 0.8348,                0.86805,                0.72417,                0.65592,                 0.4007,                 1.4727,                0.09841,               0.000298,               0.000298,               0.000298,                      0,                0.70142,                0.68586,                0.67255,                0.49733,                0.68781,                0.43357,                0.18876,                0.44011,                0.55228,                0.40986,               0.096464,                0.65032,                      0,                0.69638,                0.67788,                0.66442,                  0.472,                0.69425,                0.46705,                0.19319,                0.44128,                 0.5376,                0.40986,              -0.012898,                0.68838,                      0,                 0.6948,                0.68951,                0.67707,                0.46629,                0.70166,                 0.4614,                0.19817,                0.43906,                0.54415,                0.40986,                0.72055,               0.014783,                      0,                0.76227,                0.58592,                0.31741,                0.48333,                0.26625,                0.73375,                0.73375,                      1
                    100,                0.60714,                0.35584,                 1.3232,                0.08836,                0.83399,                 0.8346,                0.86753,                0.72399,                0.65601,                0.40078,                 1.4731,                 0.0984,               0.000199,               0.000199,               0.000199,                      0,                 0.6965,                0.68548,                0.67421,                0.49349,                0.68806,                0.43382,                0.19045,                0.44569,                0.54761,                0.41353,               0.096359,                0.66557,                      0,                0.69126,                 0.6778,                 0.6669,                0.46709,                0.69387,                0.46572,                 0.1954,                0.44716,                 0.5305,                0.41353,              -0.013039,                0.70081,                      0,                0.69436,                0.68728,                0.67812,                0.45926,                0.70399,                0.46188,                0.20001,                0.44172,                 0.5347,                0.41353,                0.72967,               0.014874,                      0,                0.75743,                0.58326,                0.31341,                0.48516,                0.27275,                0.72725,                0.72725,                      1
