                  epoch,         train/box_loss,         train/cls_loss,         train/dfl_loss,train/reliability_prompt_loss,   metrics/precision(B),      metrics/recall(B),       metrics/mAP50(B),    metrics/mAP50-95(B),           val/box_loss,           val/cls_loss,           val/dfl_loss,val/reliability_prompt_loss,                 lr/pg0,                 lr/pg1,                 lr/pg2,         p2/P3_gate_std,p2/P3_gate_teacher_agreement,     p2/P3_ir_gate_mean,   p2/P3_ir_prompt_mean,       p2/P3_prompt_std,p2/P3_prompt_teacher_agreement,p2/P3_prompt_teacher_mae,    p2/P3_rgb_gate_mean,    p2/P3_rgb_prompt_fg,  p2/P3_rgb_prompt_mean,       p2/P3_target_rgb,         p2/P4_gate_std,p2/P4_gate_teacher_agreement,     p2/P4_ir_gate_mean,   p2/P4_ir_prompt_mean,       p2/P4_prompt_std,p2/P4_prompt_teacher_agreement,p2/P4_prompt_teacher_mae,    p2/P4_rgb_gate_mean,    p2/P4_rgb_prompt_fg,  p2/P4_rgb_prompt_mean,       p2/P4_target_rgb,  p2/teacher_ir_quality,p2/teacher_relative_entropy,p2/teacher_relative_margin, p2/teacher_rgb_quality,p2/reliability_warmup_factor
                      1,                 1.3233,                 1.4769,                 1.5758,                0.00343,                0.37991,                0.56977,                0.44567,                0.32422,                 1.0334,                0.86317,                 1.5014,                 0.0034,               0.070106,              0.0033215,              0.0033215,                 0.5219,                0.76657,                  1.485,                0.52686,               0.026863,                0.76657,                0.14495,                0.51502,                0.47314,                0.47314,                0.39562,                0.45106,                0.23591,                0.55356,                0.51468,               0.014676,                0.74791,                0.14949,                 1.4464,                0.48531,                0.48532,                0.40037,                0.58122,                0.56327,                0.31748,                0.48103,                    0.1
                      2,                 1.0639,                0.87855,                 1.4189,                0.00674,                0.56181,                0.66157,                0.62603,                  0.472,                0.87747,                 0.6793,                 1.4585,                0.00674,                0.04004,               0.006589,               0.006589,                0.59545,                0.78312,                 1.5324,                0.57982,               0.079816,                0.78313,                0.13609,                0.46763,                0.42018,                0.42018,                0.39548,                 0.5456,                0.23606,                0.46383,                0.55698,               0.056997,                0.76394,                  0.139,                 1.5362,                0.44283,                0.44302,                0.40027,                0.58451,                0.56446,                0.31661,                0.48417,                    0.2
                      3,                0.89954,                0.69296,                 1.4091,                0.01008,                0.60488,                0.63602,                0.63262,                0.47888,                0.81333,                0.62183,                 1.6161,                0.01011,              0.0099086,              0.0097904,              0.0097904,                0.58608,                0.78477,                 1.5319,                0.60231,                0.10231,                0.78483,                0.13626,                0.46811,                0.39769,                0.39769,                0.39576,                0.56301,                0.23471,                 0.4564,                 0.5903,                0.09036,                0.76529,                0.13792,                 1.5436,                0.40921,                 0.4097,                 0.4004,                0.58633,                0.56461,                0.31605,                 0.4849,                    0.3
                      4,                0.81508,                0.60869,                 1.4286,                0.01342,                0.66244,                 0.7154,                0.70752,                0.54267,                0.76661,                0.55819,                 1.5217,                0.01348,               0.009703,               0.009703,               0.009703,                0.56855,                0.78837,                 1.5215,                0.60591,                0.10591,                0.78839,                0.13787,                0.47848,                 0.3941,                0.39409,                0.39352,                 0.5388,                0.23128,                 0.4789,                0.59892,               0.099004,                0.76872,                0.13999,                 1.5211,                 0.4003,                0.40108,                0.39845,                0.58518,                0.56397,                0.31798,                0.48275,                    0.4
                      5,                0.80122,                0.58725,                 1.4203,                0.01679,                0.65139,                0.66889,                0.67719,                0.52263,                0.78031,                0.57562,                 1.5585,                0.01685,               0.009604,               0.009604,               0.009604,                0.56954,                0.78553,                 1.5256,                0.60584,                0.10584,                0.78553,                0.13817,                0.47435,                0.39418,                0.39416,                0.39458,                0.55191,                0.23367,                0.46505,                0.59901,               0.099078,                0.76633,                0.13976,                  1.535,                0.40013,                0.40099,                0.39951,                0.58639,                0.56556,                0.31543,                0.48531,                    0.5
                      6,                0.78385,                0.56502,                 1.4047,                0.02013,                 0.7196,                0.74678,                0.76861,                0.60702,                0.75005,                0.51392,                 1.4978,                0.02022,               0.009505,               0.009505,               0.009505,                0.56942,                0.78551,                 1.5249,                0.60659,                0.10659,                0.78551,                0.13853,                0.47513,                0.39343,                0.39341,                  0.394,                0.53794,                 0.2335,                 0.4766,                0.60047,                0.10055,                 0.7665,                0.14042,                 1.5234,                0.39852,                0.39953,                0.39893,                0.58415,                0.56398,                0.31673,                0.48236,                    0.6
                      7,                0.77487,                0.55133,                 1.4064,                 0.0235,                0.73297,                0.75801,                0.78352,                0.62491,                0.72801,                0.50349,                  1.473,                0.02359,               0.009406,               0.009406,               0.009406,                0.56995,                0.78668,                 1.5258,                 0.6045,                 0.1045,                0.78668,                0.13642,                0.47424,                0.39552,                 0.3955,                 0.3951,                0.53774,                0.23222,                0.47566,                0.59843,               0.098507,                0.76778,                 0.1385,                 1.5243,                0.40026,                0.40157,                 0.3999,                0.58731,                0.56553,                0.31505,                0.48674,                    0.7
                      8,                0.76974,                0.54781,                 1.4041,                0.02684,                0.75531,                0.75943,                0.79384,                0.63498,                0.72337,                0.48647,                 1.4731,                0.02695,               0.009307,               0.009307,               0.009307,                0.57284,                0.78645,                 1.5287,                0.60604,                0.10604,                0.78645,                0.13769,                 0.4713,                0.39399,                0.39396,                0.39403,                0.54019,                 0.2321,                0.47205,                0.60004,                0.10018,                 0.7679,                0.13927,                  1.528,                0.39805,                0.39996,                0.39872,                0.58691,                0.56582,                0.31466,                0.48523,                    0.8
                      9,                0.76432,                0.53778,                 1.3936,                0.03016,                0.78278,                 0.7584,                0.80043,                 0.6364,                0.72055,                0.48318,                 1.4443,                0.03032,               0.009208,               0.009208,               0.009208,                0.57379,                0.79251,                 1.5295,                0.60576,                0.10576,                0.79251,                0.13685,                0.47048,                0.39426,                0.39424,                0.39209,                0.54085,                0.22723,                0.47052,                0.60017,                 0.1004,                0.77277,                0.13852,                 1.5295,                0.39741,                0.39983,                 0.3971,                0.58879,                0.56631,                0.31512,                0.48604,                    0.9
                     10,                0.76007,                0.53562,                  1.387,                0.03358,                0.75026,                0.75848,                0.79425,                 0.6402,                0.71134,                0.48321,                 1.4913,                0.03368,               0.009109,               0.009109,               0.009109,                0.58404,                0.78491,                 1.5415,                0.60406,                0.10406,                0.78491,                0.13606,                0.45854,                0.39597,                0.39594,                0.39591,                0.53968,                 0.2341,                0.47086,                0.59754,               0.097874,                 0.7659,                0.13799,                 1.5291,                0.39951,                0.40246,                0.40027,                0.58533,                0.56476,                0.31655,                0.48417,                      1
                     11,                 0.7549,                0.52711,                 1.3901,                0.03358,                0.74527,                0.75193,                0.78572,                0.62915,                0.71665,                0.49127,                 1.4718,                0.03367,                0.00901,                0.00901,                0.00901,                0.58955,                0.78748,                 1.5474,                 0.6046,                 0.1046,                0.78748,                0.13513,                0.45256,                0.39542,                 0.3954,                0.39602,                 0.5464,                0.23128,                 0.4638,                0.59758,               0.098151,                0.76872,                0.13629,                 1.5362,                0.39867,                0.40242,                 0.4006,                 0.5888,                0.56769,                0.31297,                0.48885,                      1
                     12,                0.74925,                0.52099,                 1.3861,                0.03357,                0.78578,                 0.7846,                0.81829,                0.65935,                0.70273,                0.46734,                 1.4617,                0.03367,               0.008911,               0.008911,               0.008911,                 0.5938,                0.78445,                 1.5526,                0.60476,                0.10477,                0.78445,                0.13628,                0.44737,                0.39526,                0.39524,                0.39595,                0.54089,                0.23558,                  0.469,                0.59767,               0.098538,                0.76442,                0.13707,                  1.531,                0.39767,                0.40233,                0.40074,                0.58292,                0.56659,                0.31274,                0.48336,                      1
                     13,                0.74579,                0.52044,                 1.3857,                0.03352,                0.77851,                0.75117,                 0.8026,                0.64443,                0.71048,                0.47347,                 1.4925,                0.03365,               0.008812,               0.008812,               0.008812,                0.59765,                0.78802,                 1.5572,                0.60544,                0.10544,                0.78802,                0.13696,                0.44284,                0.39458,                0.39456,                0.39396,                0.55137,                0.22993,                0.45718,                0.59594,               0.097232,                0.77007,                0.13677,                 1.5428,                0.39813,                0.40406,                 0.3982,                0.58542,                0.56442,                0.31681,                0.48053,                      1
                     14,                0.74316,                0.51595,                  1.383,                0.03355,                0.76429,                0.75292,                0.80462,                0.65197,                0.69622,                0.46741,                 1.4624,                0.03363,               0.008713,               0.008713,               0.008713,                0.60455,                0.78826,                 1.5652,                 0.6038,                 0.1038,                0.78826,                0.13365,                0.43481,                0.39623,                 0.3962,                0.39653,                0.55796,                0.23073,                0.45084,                 0.5941,               0.096155,                0.76927,                0.13304,                 1.5492,                0.39902,                 0.4059,                0.40082,                0.58555,                0.56714,                0.31321,                 0.4852,                      1
                     15,                0.74123,                0.51241,                 1.3822,                0.03352,                 0.7937,                0.78016,                0.81988,                0.66487,                0.69565,                0.45791,                  1.455,                0.03361,               0.008614,               0.008614,               0.008614,                0.60191,                0.78537,                 1.5619,                0.60482,                0.10482,                0.78537,                0.13668,                0.43814,                0.39521,                0.39518,                0.39508,                  0.545,                0.23336,                0.46372,                0.59318,               0.096203,                0.76662,                0.13425,                 1.5363,                0.39806,                0.40682,                0.40012,                 0.5858,                0.56714,                0.31383,                0.48642,                      1
                     16,                0.73818,                0.50753,                 1.3805,                0.03352,                0.76928,                0.78222,                0.82053,                0.66208,                0.69813,                0.46241,                 1.4793,                 0.0336,               0.008515,               0.008515,               0.008515,                 0.6107,                0.78006,                 1.5717,                0.60564,                0.10564,                0.78006,                0.13763,                0.42831,                0.39439,                0.39436,                0.39687,                0.55903,                 0.2386,                0.44918,                0.59061,               0.095402,                0.76135,                0.13312,                 1.5508,                 0.3975,                0.40939,                0.40141,                0.58306,                0.56584,                0.31314,                0.48284,                      1
                     17,                0.73462,                0.50447,                 1.3834,                0.03347,                0.77213,                0.78539,                0.82141,                0.66502,                0.69476,                0.46217,                 1.4726,                0.03356,               0.008416,               0.008416,               0.008416,                0.61558,                0.78863,                 1.5773,                0.60417,                0.10417,                0.78863,                0.13561,                0.42273,                0.39586,                0.39583,                 0.3957,                0.55612,                0.23024,                0.45238,                0.58793,               0.094999,                0.76898,                0.12958,                 1.5476,                0.39954,                0.41207,                0.39997,                 0.5871,                 0.5664,                0.31414,                0.48576,                      1
                     18,                0.73032,                0.50092,                 1.3741,                0.03342,                0.78103,                0.77644,                0.82308,                0.66697,                 0.6929,                0.45505,                 1.4516,                0.03354,               0.008317,               0.008317,               0.008317,                0.61555,                0.78494,                 1.5767,                0.60569,                0.10569,                0.78494,                0.13789,                0.42326,                0.39436,                0.39431,                0.39532,                0.55606,                0.23392,                0.45264,                0.58631,                0.09703,                0.76425,                0.12923,                 1.5474,                0.39828,                0.41369,                0.39971,                 0.5857,                0.56368,                0.31788,                0.48314,                      1
                     19,                0.72854,                0.49705,                 1.3858,                 0.0334,                0.82329,                0.77966,                0.83522,                0.67531,                0.69914,                0.45483,                 1.4669,                0.03355,               0.008218,               0.008218,               0.008218,                0.61724,                0.78899,                  1.579,                 0.6041,                 0.1041,                0.78899,                0.13555,                0.42104,                0.39595,                 0.3959,                0.39424,                0.55518,                0.23025,                0.45354,                0.58391,               0.097216,                0.76678,                0.12657,                 1.5465,                0.39982,                0.41609,                0.39913,                0.58616,                0.56641,                0.31312,                0.48563,                      1
                     20,                0.72892,                0.49886,                 1.3771,                 0.0334,                0.79118,                0.79767,                0.84032,                0.68457,                0.68179,                0.44427,                 1.4463,                0.03351,               0.008119,               0.008119,               0.008119,                0.61674,                0.78876,                 1.5787,                0.60449,                 0.1045,                0.78876,                0.13499,                 0.4213,                0.39555,                0.39551,                0.39501,                0.55903,                0.22959,                0.44979,                0.58509,               0.099487,                0.76625,                0.12534,                 1.5502,                0.40028,                0.41491,                 0.3992,                0.58762,                0.56661,                 0.3147,                0.48531,                      1
                     21,                 0.7279,                0.49296,                 1.3794,                0.03341,                0.79628,                0.80359,                0.84585,                0.69048,                0.68444,                0.44067,                 1.4386,                0.03351,                0.00802,                0.00802,                0.00802,                0.62303,                 0.7826,                 1.5857,                 0.6049,                 0.1049,                 0.7826,                0.13686,                0.41434,                0.39516,                 0.3951,                0.39608,                0.56299,                0.23517,                0.44537,                0.58269,               0.098898,                0.75927,                0.12599,                 1.5546,                0.39938,                0.41731,                0.40022,                 0.5874,                0.56544,                0.31618,                0.48578,                      1
                     22,                0.72078,                0.49275,                 1.3767,                0.03339,                0.80602,                0.80038,                0.84587,                0.69109,                0.67875,                0.43839,                 1.4452,                0.03351,               0.007921,               0.007921,               0.007921,                0.62478,                0.78349,                 1.5877,                0.60437,                0.10438,                0.78349,                0.13653,                 0.4123,                 0.3957,                0.39563,                0.39565,                0.55923,                0.23417,                0.44923,                0.58058,               0.097734,                0.75981,                0.12504,                 1.5508,                0.39976,                0.41942,                0.40005,                0.58935,                0.56532,                0.31585,                0.48708,                      1
                     23,                0.72178,                0.48954,                 1.3856,                0.03338,                0.81285,                0.78352,                0.84446,                0.69148,                0.67701,                 0.4324,                  1.466,                0.03351,               0.007822,               0.007822,               0.007822,                 0.6256,                0.78503,                 1.5884,                0.60516,                0.10516,                0.78503,                0.13598,                0.41159,                0.39493,                0.39484,                0.39501,                0.56522,                0.23422,                0.44312,                0.58204,               0.098731,                0.76049,                0.12439,                 1.5569,                0.39979,                0.41796,                0.39983,                0.58774,                0.56671,                0.31458,                0.48788,                      1
                     24,                0.71939,                0.48786,                   1.38,                0.03332,                0.79956,                0.80179,                0.84517,                0.69029,                0.68013,                 0.4341,                 1.4653,                0.03351,               0.007723,               0.007723,               0.007723,                 0.6273,                0.79042,                 1.5903,                0.60568,                0.10569,                0.79042,                0.13704,                0.40972,                0.39441,                0.39432,                0.39318,                0.56287,                0.22922,                0.44565,                0.57955,                0.09839,                0.76459,                0.12448,                 1.5543,                0.39914,                0.42045,                0.39825,                0.58941,                 0.5659,                0.31571,                0.48824,                      1
                     25,                0.71546,                0.47964,                 1.3785,                0.03338,                0.81405,                0.81343,                0.85902,                0.70457,                0.67367,                0.42695,                 1.4451,                 0.0335,               0.007624,               0.007624,               0.007624,                0.62624,                0.78766,                 1.5891,                0.60508,                0.10509,                0.78766,                0.13612,                0.41092,                0.39507,                0.39492,                0.39575,                0.56632,                0.23173,                0.44224,                0.58315,                0.10084,                0.76258,                0.12362,                 1.5578,                0.39882,                0.41685,                0.40043,                0.58581,                0.56664,                0.31276,                0.48624,                      1
                     26,                0.71263,                0.47745,                 1.3793,                0.03337,                0.80166,                0.82091,                0.85214,                0.70077,                0.67537,                 0.4279,                 1.4417,                 0.0335,               0.007525,               0.007525,               0.007525,                0.62835,                0.78725,                 1.5914,                0.60552,                0.10553,                0.78725,                0.13595,                0.40864,                0.39466,                0.39448,                0.39593,                0.56322,                0.23162,                 0.4456,                0.58351,                0.10266,                0.76092,                0.12309,                 1.5544,                0.39875,                0.41649,                0.40042,                0.58646,                0.56603,                0.31449,                0.48531,                      1
                     27,                0.70766,                0.47725,                 1.3722,                 0.0334,                0.74602,                0.75198,                0.79108,                 0.6351,                0.70998,                0.48192,                 1.5013,                0.03352,               0.007426,               0.007426,               0.007426,                0.62873,                0.78474,                 1.5917,                0.60484,                0.10485,                0.78474,                0.13531,                0.40833,                0.39543,                0.39516,                0.39698,                0.56772,                0.23418,                0.44052,                0.58695,                0.10302,                0.75993,                0.12247,                 1.5595,                0.39987,                0.41305,                0.40147,                0.58916,                0.56701,                0.31152,                 0.4898,                      1
                     28,                0.70934,                0.47505,                 1.3729,                0.03335,                 0.8011,                0.81372,                0.85212,                0.69922,                0.67284,                0.42731,                 1.4444,                0.03349,               0.007327,               0.007327,               0.007327,                0.63553,                0.78673,                 1.5992,                0.60513,                0.10515,                0.78673,                0.13678,                0.40075,                0.39523,                0.39487,                0.39508,                0.57155,                0.23257,                0.43682,                0.58412,                0.10257,                 0.7608,                0.12366,                 1.5632,                0.39933,                0.41588,                0.39979,                0.58463,                0.56413,                0.31624,                0.48273,                      1
                     29,                0.70871,                0.47362,                 1.3806,                 0.0333,                0.79484,                0.81344,                0.84904,                0.69895,                0.66896,                0.42223,                  1.457,                0.03348,               0.007228,               0.007228,               0.007228,                0.63406,                0.78808,                 1.5973,                0.60503,                0.10505,                0.78808,                0.13717,                 0.4027,                0.39543,                0.39497,                0.39315,                 0.5751,                0.23071,                0.43309,                0.58505,                0.10403,                 0.7624,                 0.1229,                 1.5669,                0.39889,                0.41495,                0.39801,                  0.588,                0.56516,                0.31714,                0.48609,                      1
                     30,                0.70571,                0.47016,                 1.3703,                0.03329,                0.82107,                 0.8143,                0.85671,                0.70438,                0.67068,                0.42181,                 1.4535,                0.03348,               0.007129,               0.007129,               0.007129,                0.63606,                0.78937,                 1.6001,                0.60698,                0.10701,                0.78937,                0.13669,                0.39985,                0.39363,                0.39302,                0.39284,                0.57243,                0.22909,                0.43587,                0.58583,                0.10367,                 0.7648,                0.12242,                 1.5641,                 0.3984,                0.41417,                0.39759,                0.58818,                0.56511,                 0.3171,                0.48453,                      1
                     31,                0.70897,                0.47151,                 1.3767,                0.03335,                 0.8229,                0.82304,                0.86738,                0.71365,                0.66632,                0.41598,                 1.4496,                0.03347,                0.00703,                0.00703,                0.00703,                0.63861,                0.78637,                 1.6028,                0.60303,                0.10309,                0.78637,                 0.1345,                 0.3972,                0.39782,                0.39697,                0.39539,                0.57777,                0.23256,                0.43024,                0.58176,                0.10026,                0.75971,                0.12115,                 1.5698,                0.40136,                0.41824,                 0.4002,                 0.5886,                0.56864,                0.31157,                0.49031,                      1
                     32,                0.70404,                 0.4673,                  1.373,                0.03338,                0.82119,                 0.8163,                0.86179,                0.70863,                0.66891,                0.41713,                 1.4374,                0.03346,               0.006931,               0.006931,               0.006931,                0.64152,                0.78321,                 1.6062,                0.60468,                0.10479,                0.78321,                0.13405,                0.39376,                0.39658,                0.39532,                0.39725,                0.57928,                0.23534,                0.42871,                0.58254,                0.10142,                0.75855,                0.12059,                 1.5713,                0.40068,                0.41746,                0.40166,                0.58548,                0.56809,                0.31026,                0.48535,                      1
                     33,                  0.704,                0.46727,                 1.3677,                0.03328,                0.81297,                0.83262,                0.86612,                0.71327,                 0.6669,                0.41478,                 1.4499,                0.03345,               0.006832,               0.006832,               0.006832,                0.64323,                0.78795,                 1.6083,                0.60376,                0.10397,                0.78795,                0.13513,                0.39166,                0.39794,                0.39624,                0.39392,                0.57208,                0.23134,                0.43645,                0.58271,                0.10116,                0.76341,                0.12123,                 1.5636,                0.39924,                0.41729,                0.39885,                0.58864,                 0.5657,                0.31545,                0.48659,                      1
                     34,                0.69809,                0.46123,                 1.3719,                0.03335,                0.81903,                0.82043,                0.86069,                0.70807,                0.66625,                0.41639,                 1.4544,                0.03344,               0.006733,               0.006733,               0.006733,                0.63985,                0.78943,                 1.6047,                 0.6041,                0.10447,                0.78943,                0.13136,                0.39533,                0.39836,                 0.3959,                0.39662,                0.57555,                0.22935,                0.43282,                0.58359,                0.10298,                0.76365,                0.11981,                 1.5672,                0.40042,                0.41641,                0.40114,                 0.5916,                 0.5696,                0.30971,                0.49195,                      1
                     35,                0.70109,                0.46271,                 1.3738,                0.03326,                0.82829,                0.82315,                0.86776,                0.71586,                0.66516,                 0.4121,                 1.4524,                0.03342,               0.006634,               0.006634,               0.006634,                0.64379,                0.78899,                 1.6087,                0.60606,                 0.1067,                0.78899,                0.13378,                0.39128,                0.39723,                0.39394,                 0.3944,                0.57748,                0.22926,                 0.4309,                0.58549,                0.10445,                0.76549,                0.12129,                 1.5691,                0.39865,                0.41451,                0.39874,                0.58894,                0.56562,                0.31631,                0.48621,                      1
                     36,                0.69589,                0.45765,                 1.3643,                0.03328,                0.81373,                 0.8255,                0.86027,                0.70882,                0.66512,                0.41341,                 1.4499,                 0.0334,               0.006535,               0.006535,               0.006535,                0.64273,                0.78439,                 1.6075,                0.60411,                0.10535,                0.78439,                0.13256,                0.39251,                0.39983,                0.39589,                0.39586,                0.57626,                0.23466,                0.43207,                0.58575,                0.10439,                0.75889,                0.12169,                 1.5679,                0.40126,                0.41425,                0.40066,                0.58421,                0.56516,                0.31446,                0.48353,                      1
                     37,                 0.6905,                0.45434,                 1.3663,                0.03318,                0.81942,                0.82026,                0.86283,                0.71269,                0.66364,                0.41194,                 1.4485,                0.03337,               0.006436,               0.006436,               0.006436,                0.65015,                0.78707,                 1.6161,                0.60689,                 0.1086,                0.78707,                0.13485,                0.38392,                0.39759,                0.39311,                0.39346,                0.57924,                0.23285,                  0.429,                0.58507,                0.10426,                0.76064,                0.12329,                  1.571,                0.39899,                0.41493,                0.39871,                0.58612,                 0.5624,                0.31925,                0.48432,                      1
                     38,                0.69322,                0.45354,                 1.3745,                0.03324,                0.82941,                0.82155,                0.86427,                0.71408,                0.66245,                0.40861,                 1.4592,                0.03335,               0.006337,               0.006337,               0.006337,                0.65232,                0.78799,                 1.6187,                0.60609,                0.10857,                0.78799,                0.13098,                0.38127,                0.39967,                0.39391,                0.39567,                0.58069,                0.23054,                0.42752,                0.58973,                0.10721,                0.76526,                0.12149,                 1.5725,                0.40001,                0.41027,                0.40011,                0.58729,                0.56509,                0.31654,                0.48624,                      1
                     39,                0.68947,                0.44976,                  1.373,                0.03325,                0.82175,                0.81583,                0.85916,                0.70859,                0.66254,                0.41098,                 1.4561,                0.03333,               0.006238,               0.006238,               0.006238,                0.65149,                 0.7811,                 1.6178,                0.60753,                0.11094,                 0.7811,                0.12984,                0.38225,                0.39973,                0.39247,                0.39774,                0.57856,                 0.2392,                0.42961,                0.58807,                0.10672,                0.75527,                0.12072,                 1.5704,                0.40062,                0.41193,                0.40232,                0.58488,                0.56728,                0.31061,                0.48632,                      1
                     40,                0.68859,                0.45048,                 1.3687,                0.03314,                0.82782,                0.81935,                0.86406,                0.71371,                0.66184,                0.40873,                 1.4505,                 0.0333,               0.006139,               0.006139,               0.006139,                0.65352,                0.78827,                 1.6201,                0.60879,                0.11326,                0.78826,                0.12823,                0.37993,                0.39913,                0.39121,                0.39446,                0.57779,                0.23076,                0.43043,                0.58795,                0.10753,                0.76283,                0.11936,                 1.5696,                0.40003,                0.41205,                0.39916,                0.59254,                0.56676,                0.31345,                0.49055,                      1
                     41,                0.68775,                0.44656,                 1.3731,                0.03316,                0.83317,                0.82195,                0.86796,                0.71722,                0.66181,                0.40782,                 1.4503,                0.03328,                0.00604,                0.00604,                0.00604,                0.65239,                0.78935,                 1.6187,                0.61083,                0.11614,                0.78928,                 0.1281,                0.38128,                0.39912,                0.38917,                0.39524,                0.57982,                0.22943,                0.42844,                0.58957,                0.10909,                0.76353,                0.12064,                 1.5716,                0.39972,                0.41043,                0.39988,                0.58794,                0.56662,                0.31364,                0.48695,                      1
                     42,                0.68582,                0.44588,                 1.3703,                0.03304,                0.83396,                0.82094,                0.86847,                  0.718,                0.66113,                0.40606,                 1.4559,                0.03326,               0.005941,               0.005941,               0.005941,                0.65295,                0.78812,                 1.6194,                0.61448,                0.12056,                0.78804,                0.13008,                0.38062,                0.39604,                0.38552,                0.39202,                0.57699,                0.23089,                0.43123,                0.58837,                0.10817,                0.76247,                0.12152,                 1.5688,                0.39818,                0.41163,                0.39734,                 0.5899,                0.56505,                 0.3169,                0.48722,                      1
                     43,                0.67982,                 0.4429,                 1.3709,                0.03309,                 0.8323,                 0.8185,                0.86706,                0.71849,                0.66089,                0.40656,                 1.4531,                0.03325,               0.005842,               0.005842,               0.005842,                0.65183,                0.78763,                  1.618,                0.61384,                0.12123,                0.78717,                0.12857,                0.38196,                0.39764,                0.38616,                0.39441,                0.57531,                 0.2329,                0.43313,                0.58741,                0.10708,                0.76045,                0.12133,                 1.5669,                 0.4006,                0.41259,                0.39954,                0.58633,                0.56571,                0.31437,                0.48625,                      1
                     44,                0.68226,                0.44148,                 1.3667,                0.03306,                0.83885,                0.82116,                0.87137,                0.72221,                0.66102,                0.40389,                 1.4539,                0.03324,               0.005743,               0.005743,               0.005743,                0.65397,                0.78898,                   1.62,                0.61507,                0.12324,                0.78852,                0.12852,                0.37999,                0.39656,                0.38493,                0.39372,                0.58651,                0.23038,                0.42133,                0.59068,                0.10978,                0.76229,                0.12115,                 1.5787,                0.39858,                0.40932,                0.39842,                0.58792,                0.56406,                0.31742,                0.48541,                      1
                     45,                0.68665,                0.44458,                 1.3685,                0.03311,                0.83525,                0.83675,                0.87384,                0.72352,                 0.6605,                0.40344,                 1.4503,                0.03323,               0.005644,               0.005644,               0.005644,                0.65469,                0.79012,                  1.621,                0.61573,                0.12448,                0.78935,                0.12587,                0.37904,                0.39681,                0.38427,                0.39571,                 0.5831,                0.22893,                0.42498,                0.58831,                0.10767,                0.76366,                0.11932,                  1.575,                0.39982,                0.41169,                0.40012,                0.58816,                0.56714,                0.31372,                0.48767,                      1
                     46,                0.68256,                0.44276,                 1.3702,                  0.033,                0.83456,                0.83893,                0.87486,                0.72446,                0.66078,                0.40342,                 1.4483,                0.03322,               0.005545,               0.005545,               0.005545,                0.65549,                0.79222,                  1.622,                0.61735,                 0.1266,                0.79107,                 0.1264,                  0.378,                0.39603,                0.38265,                0.39261,                0.58407,                 0.2271,                0.42414,                0.58683,                0.10633,                0.76717,                0.11929,                 1.5759,                0.39892,                0.41317,                 0.3975,                0.59212,                0.56628,                0.31592,                0.48959,                      1
                     47,                0.67993,                 0.4369,                 1.3661,                0.03302,                 0.8425,                0.83067,                0.87429,                0.72416,                0.66019,                0.40245,                  1.451,                0.03321,               0.005446,               0.005446,               0.005446,                0.65814,                0.78935,                 1.6246,                0.61865,                0.12851,                0.78729,                 0.1264,                0.37541,                0.39596,                0.38135,                0.39418,                0.58175,                 0.2287,                0.42639,                0.58762,                0.10659,                0.76448,                0.11956,                 1.5736,                0.39901,                0.41238,                0.39853,                0.58795,                0.56478,                0.31682,                 0.4848,                      1
                     48,                0.67982,                0.43965,                 1.3679,                0.03306,                 0.8423,                0.82749,                0.87378,                0.72421,                0.65933,                0.40247,                 1.4491,                0.03321,               0.005347,               0.005347,               0.005347,                0.65876,                0.79061,                 1.6257,                0.62077,                0.13089,                0.78892,                0.12541,                0.37429,                0.39549,                0.37923,                0.39486,                0.58125,                0.22905,                 0.4271,                0.59054,                0.11018,                0.76554,                0.11825,                 1.5729,                0.39937,                0.40946,                0.39963,                0.58934,                0.56822,                 0.3113,                0.48905,                      1
                     49,                0.67579,                0.43405,                 1.3621,                0.03307,                0.84725,                0.82052,                0.87309,                0.72323,                0.65905,                0.40276,                   1.45,                 0.0332,               0.005248,               0.005248,               0.005248,                0.66038,                0.78515,                 1.6278,                0.61828,                0.12904,                0.78278,                0.12605,                0.37217,                0.39647,                0.38172,                0.39615,                0.58416,                0.23336,                  0.424,                0.58805,                0.10751,                0.76088,                0.11894,                  1.576,                0.40096,                0.41195,                0.40044,                0.58894,                0.56668,                0.31268,                 0.4876,                      1
                     50,                0.67071,                0.42899,                  1.363,                0.03302,                0.83977,                0.82058,                0.87184,                0.72208,                0.65863,                0.40235,                 1.4511,                 0.0332,               0.005149,               0.005149,               0.005149,                0.66345,                0.79206,                 1.6309,                0.61947,                  0.131,                0.78933,                0.12493,                0.36908,                0.39548,                0.38053,                0.39428,                0.59054,                0.22757,                0.41732,                0.59072,                0.10999,                 0.7659,                0.11876,                 1.5827,                0.39924,                0.40928,                0.39912,                 0.5912,                0.56572,                0.31512,                0.49012,                      1
                     51,                0.67428,                0.43308,                 1.3658,                0.03303,                 0.8426,                 0.8215,                0.87285,                0.72345,                0.65846,                 0.4018,                 1.4512,                0.03319,                0.00505,                0.00505,                0.00505,                0.66255,                0.79122,                 1.6299,                0.62084,                0.13245,                0.78804,                0.12436,                 0.3701,                0.39621,                0.37916,                0.39454,                0.58816,                0.22778,                0.41957,                0.59046,                0.11062,                0.76444,                0.11752,                 1.5804,                0.40027,                0.40954,                0.39915,                0.59172,                0.56854,                 0.3108,                0.49067,                      1
                     52,                0.67032,                0.42872,                 1.3709,                0.03294,                0.83461,                0.82666,                0.87276,                0.72302,                0.65811,                 0.4008,                 1.4522,                0.03319,               0.004951,               0.004951,               0.004951,                0.66249,                0.78956,                   1.63,                0.62115,                0.13304,                 0.7865,                0.12628,                0.37002,                0.39516,                0.37885,                0.39214,                0.59149,                0.23038,                0.41643,                0.59093,                0.11111,                0.76133,                0.12004,                 1.5836,                0.40011,                0.40907,                0.39749,                0.59017,                0.56503,                0.31634,                0.48792,                      1
                     53,                 0.6663,                0.42401,                 1.3671,                0.03303,                0.84018,                0.82624,                0.87204,                0.72262,                  0.658,                0.40057,                  1.453,                0.03318,               0.004852,               0.004852,               0.004852,                 0.6644,                0.78572,                 1.6323,                0.62184,                0.13368,                0.78243,                0.12468,                0.36766,                0.39601,                0.37816,                0.39518,                 0.5836,                0.23198,                0.42454,                0.58943,                0.10933,                0.76189,                0.11771,                 1.5755,                0.39969,                0.41057,                0.39974,                0.59181,                0.56895,                0.31131,                0.49168,                      1
                     54,                0.66459,                0.42403,                 1.3676,                0.03308,                0.84357,                0.82637,                0.87132,                0.72201,                0.65778,                 0.4002,                 1.4533,                0.03318,               0.004753,               0.004753,               0.004753,                0.66405,                0.78716,                  1.632,                0.62267,                0.13487,                0.78308,                0.12358,                0.36797,                0.39673,                0.37733,                0.39788,                0.59242,                0.23201,                0.41523,                0.58822,                 0.1094,                0.76165,                0.11692,                 1.5848,                0.40122,                0.41178,                0.40213,                0.59139,                0.56851,                 0.3097,                0.49228,                      1
                     55,                 0.6666,                0.42217,                   1.36,                0.03302,                0.84201,                0.82422,                0.87074,                0.72123,                0.65746,                0.40045,                 1.4534,                0.03318,               0.004654,               0.004654,               0.004654,                0.66175,                  0.789,                 1.6292,                0.62376,                0.13628,                0.78462,                0.12454,                0.37083,                0.39589,                0.37624,                0.39559,                0.58273,                0.22946,                0.42561,                0.58885,                0.10859,                0.76517,                0.11788,                 1.5744,                0.39998,                0.41115,                0.40015,                0.59117,                 0.5673,                0.31236,                0.49051,                      1
                     56,                0.66301,                0.42181,                  1.363,                0.03293,                 0.8357,                0.83106,                0.87196,                0.72222,                0.65703,                0.39986,                 1.4548,                0.03318,               0.004555,               0.004555,               0.004555,                 0.6665,                0.79066,                 1.6344,                0.62594,                0.13812,                0.78643,                0.12562,                0.36563,                0.39442,                0.37406,                0.39311,                0.58847,                0.22849,                0.41966,                0.58778,                0.10862,                0.76711,                 0.1186,                 1.5803,                0.39926,                0.41222,                0.39804,                 0.5913,                0.56483,                 0.3159,                0.48847,                      1
                     57,                0.66043,                0.41714,                 1.3592,                0.03309,                0.83902,                0.82763,                0.87183,                0.72258,                0.65689,                 0.3997,                 1.4553,                0.03318,               0.004456,               0.004456,               0.004456,                0.66754,                0.78486,                  1.636,                0.62444,                0.13676,                0.77944,                0.12552,                0.36396,                0.39625,                0.37556,                0.39798,                0.59041,                0.23448,                 0.4175,                0.59011,                0.10982,                 0.7606,                0.11883,                 1.5825,                0.40167,                0.40989,                0.40284,                0.58843,                 0.5672,                 0.3104,                 0.4914,                      1
                     58,                 0.6667,                 0.4208,                 1.3546,                0.03294,                0.83887,                0.83064,                0.87138,                0.72186,                0.65687,                0.39974,                 1.4557,                0.03318,               0.004357,               0.004357,               0.004357,                0.66968,                0.79325,                 1.6384,                0.62604,                0.13834,                0.78881,                0.12526,                0.36157,                0.39363,                0.37396,                0.39215,                0.59243,                0.22644,                0.41523,                 0.5917,                0.11118,                0.76767,                0.11843,                 1.5848,                0.39769,                 0.4083,                0.39723,                0.58803,                0.56597,                0.31504,                0.48555,                      1
                     59,                0.66523,                 0.4199,                 1.3664,                0.03305,                0.83781,                0.82913,                0.87091,                0.72189,                0.65702,                0.40036,                 1.4549,                0.03318,               0.004258,               0.004258,               0.004258,                0.66792,                0.78474,                 1.6363,                0.62679,                0.13945,                  0.779,                0.12462,                0.36366,                 0.3969,                0.37321,                0.39746,                0.58485,                0.23348,                0.42317,                0.58863,                0.10892,                0.75962,                0.11787,                 1.5768,                0.40213,                0.41136,                0.40187,                0.58946,                0.56714,                0.31267,                0.49009,                      1
                     60,                0.66497,                 0.4188,                 1.3603,                0.03302,                0.83594,                0.82985,                0.87106,                0.72217,                0.65683,                0.39995,                 1.4564,                0.03317,               0.004159,               0.004159,               0.004159,                0.66953,                 0.7861,                 1.6381,                0.62531,                0.13824,                0.78107,                0.12463,                0.36192,                0.39556,                0.37469,                0.39515,                0.59063,                0.23379,                0.41722,                0.59013,                0.10949,                0.76182,                0.11799,                 1.5828,                0.40082,                0.40987,                0.40003,                0.58466,                0.56737,                0.31214,                0.48455,                      1
                     61,                0.65817,                0.41265,                 1.3555,                0.03301,                0.83404,                0.83198,                0.87123,                0.72232,                0.65657,                0.40003,                 1.4565,                0.03317,                0.00406,                0.00406,                0.00406,                0.67003,                0.78835,                 1.6387,                0.62489,                0.13813,                0.78279,                 0.1246,                0.36127,                0.39602,                0.37511,                0.39553,                0.59071,                0.23174,                0.41723,                 0.5914,                0.11043,                0.76292,                0.11827,                 1.5828,                0.40042,                 0.4086,                0.40039,                0.58761,                0.56685,                0.31237,                0.48806,                      1
                     62,                0.65575,                0.41178,                 1.3635,                0.03302,                0.83583,                0.83253,                0.87169,                0.72272,                0.65641,                0.39955,                 1.4572,                0.03317,               0.003961,               0.003961,               0.003961,                0.66985,                0.78981,                 1.6385,                0.62896,                0.14203,                0.78429,                0.12428,                0.36152,                0.39451,                0.37104,                0.39556,                0.58933,                0.23001,                0.41849,                0.59028,                 0.1099,                0.76464,                0.11805,                 1.5815,                0.39858,                0.40972,                0.40019,                0.58659,                0.56625,                0.31378,                0.48565,                      1
                     63,                0.65799,                0.41251,                 1.3599,                0.03298,                0.83615,                0.83215,                 0.8713,                0.72283,                0.65634,                0.39978,                 1.4569,                0.03317,               0.003862,               0.003862,               0.003862,                0.67079,                 0.7895,                 1.6399,                0.62774,                0.14055,                0.78363,                0.12468,                0.36014,                0.39659,                0.37226,                0.39501,                0.59304,                 0.2309,                0.41463,                0.58918,                0.10834,                 0.7623,                0.11789,                 1.5854,                0.40115,                0.41082,                0.40008,                0.58616,                0.56756,                 0.3118,                0.48612,                      1
                     64,                0.65883,                0.41472,                 1.3595,                0.03299,                0.83995,                0.82842,                0.87086,                0.72228,                0.65626,                0.39981,                 1.4568,                0.03317,               0.003763,               0.003763,               0.003763,                0.66875,                0.78959,                 1.6371,                0.62817,                0.14118,                 0.7839,                0.12486,                0.36286,                0.39633,                0.37183,                0.39447,                 0.5908,                 0.2297,                0.41688,                0.59157,                0.10974,                0.76595,                0.11802,                 1.5831,                0.40006,                0.40843,                0.39916,                0.58899,                0.56728,                0.31396,                0.48693,                      1
                     65,                0.65191,                  0.407,                 1.3568,                0.03297,                0.83435,                0.83104,                0.87027,                 0.7224,                 0.6562,                 0.3999,                 1.4573,                0.03317,               0.003664,               0.003664,               0.003664,                 0.6724,                0.79215,                 1.6413,                0.62851,                0.14185,                0.78588,                0.12586,                0.35868,                0.39424,                0.37149,                0.39369,                0.58532,                0.22569,                0.42267,                0.58925,                0.10865,                0.76822,                0.11914,                 1.5773,                0.39881,                0.41075,                 0.3977,                 0.5905,                0.56444,                0.31793,                0.48545,                      1
                     66,                0.65123,                 0.4065,                 1.3592,                  0.033,                0.84145,                0.82634,                 0.8704,                0.72264,                 0.6561,                0.39987,                 1.4579,                0.03317,               0.003565,               0.003565,               0.003565,                0.67289,                0.78802,                 1.6419,                0.62877,                0.14226,                0.78141,                0.12454,                 0.3581,                0.39555,                0.37123,                0.39576,                0.58762,                0.23036,                0.42024,                 0.5879,                0.10696,                0.76501,                0.11748,                 1.5798,                0.40019,                 0.4121,                 0.3997,                0.59039,                0.56633,                0.31441,                0.48779,                      1
                     67,                0.65708,                0.40687,                 1.3497,                0.03296,                0.84741,                0.82009,                0.87016,                0.72245,                0.65607,                0.39975,                 1.4581,                0.03317,               0.003466,               0.003466,               0.003466,                0.67015,                0.78562,                 1.6388,                0.62901,                0.14265,                0.77835,                0.12461,                0.36118,                0.39652,                0.37099,                0.39536,                0.59261,                 0.2324,                0.41512,                0.58958,                 0.1086,                0.76416,                0.11786,                 1.5849,                0.40072,                0.41042,                0.39978,                0.58733,                0.56659,                0.31368,                0.48594,                      1
                     68,                0.64947,                0.40182,                 1.3573,                0.03299,                0.84404,                0.82427,                0.87021,                0.72255,                0.65598,                0.39992,                 1.4582,                0.03316,               0.003367,               0.003367,               0.003367,                0.67633,                0.78697,                 1.6461,                0.62952,                0.14288,                0.77941,                0.12434,                0.35388,                0.39609,                0.37048,                0.39554,                0.58958,                0.23268,                 0.4184,                0.58939,                 0.1084,                0.76168,                0.11749,                 1.5816,                0.40144,                0.41061,                0.40043,                0.59168,                0.56656,                 0.3128,                0.49148,                      1
                     69,                0.64918,                0.40134,                 1.3565,                0.03298,                0.83945,                0.82876,                0.86994,                0.72235,                 0.6559,                0.39984,                 1.4584,                0.03316,               0.003268,               0.003268,               0.003268,                0.67551,                0.78515,                 1.6452,                0.62995,                0.14314,                0.77898,                0.12514,                0.35476,                0.39607,                0.37005,                0.39608,                0.58646,                0.23502,                0.42166,                0.59016,                0.10932,                0.76178,                0.11782,                 1.5783,                0.40094,                0.40984,                0.40071,                0.58508,                0.56654,                0.31279,                0.48491,                      1
                     70,                0.64597,                0.39865,                 1.3486,                0.03297,                0.84056,                0.82558,                0.86952,                0.72235,                 0.6558,                0.39958,                 1.4589,                0.03316,               0.003169,               0.003169,               0.003169,                0.67398,                0.78678,                 1.6434,                 0.6291,                0.14297,                0.77992,                0.12441,                0.35665,                0.39644,                 0.3709,                0.39598,                0.58939,                0.23232,                0.41852,                0.59029,                0.10891,                0.76291,                0.11781,                 1.5815,                0.40017,                0.40971,                0.40033,                 0.5855,                0.56549,                0.31448,                0.48363,                      1
                     71,                0.64661,                0.40062,                 1.3513,                0.03296,                0.84187,                 0.8246,                0.86915,                0.72217,                 0.6557,                 0.3995,                 1.4592,                0.03316,                0.00307,                0.00307,                0.00307,                0.67796,                0.78717,                 1.6481,                0.62941,                0.14305,                0.78044,                0.12453,                0.35191,                0.39584,                0.37059,                0.39507,                0.59218,                0.23278,                0.41555,                0.59079,                0.11009,                0.76262,                0.11807,                 1.5845,                0.39992,                0.40921,                0.39999,                 0.5868,                0.56614,                 0.3146,                0.48625,                      1
                     72,                0.64475,                0.39682,                 1.3479,                0.03293,                0.84423,                0.82189,                0.86907,                0.72244,                0.65562,                0.39952,                 1.4594,                0.03316,               0.002971,               0.002971,               0.002971,                0.67625,                0.78856,                 1.6461,                 0.6286,                0.14253,                0.78185,                0.12456,                0.35394,                0.39547,                0.37139,                 0.3944,                0.59318,                0.23158,                0.41456,                0.58917,                0.10843,                0.76438,                0.11733,                 1.5854,                0.40094,                0.41083,                0.39971,                0.58638,                0.56686,                0.31301,                0.48727,                      1
                     73,                0.64097,                0.39427,                 1.3534,                0.03302,                0.84339,                0.82229,                0.86887,                0.72212,                0.65557,                0.39953,                 1.4596,                0.03316,               0.002872,               0.002872,               0.002872,                0.67732,                0.78555,                 1.6473,                0.62975,                0.14356,                0.77805,                 0.1239,                0.35266,                0.39589,                0.37025,                 0.3972,                0.59074,                0.23325,                0.41712,                0.58957,                 0.1091,                0.76143,                0.11698,                 1.5829,                0.40061,                0.41043,                0.40151,                0.58911,                0.56749,                0.31262,                0.48959,                      1
                     74,                0.63931,                0.39182,                 1.3517,                0.03297,                0.84184,                0.82391,                0.86869,                0.72239,                 0.6555,                0.39942,                 1.4598,                0.03316,               0.002773,               0.002773,               0.002773,                0.67581,                0.78646,                 1.6455,                0.63137,                0.14483,                0.78019,                0.12432,                0.35446,                0.39635,                0.36863,                0.39623,                0.59177,                0.23163,                0.41602,                0.59143,                0.11039,                0.76322,                0.11748,                  1.584,                 0.3996,                0.40857,                0.40067,                0.59113,                0.56685,                0.31354,                0.49052,                      1
                     75,                0.63907,                0.39126,                 1.3491,                0.03299,                0.84081,                0.82653,                0.86835,                0.72215,                0.65542,                0.39944,                 1.4603,                0.03316,               0.002674,               0.002674,               0.002674,                0.67601,                0.78638,                 1.6458,                0.63279,                0.14611,                0.77896,                0.12417,                0.35421,                 0.3968,                0.36721,                0.39633,                0.59415,                0.23196,                0.41351,                0.59028,                0.10871,                 0.7634,                0.11696,                 1.5865,                0.40191,                0.40972,                0.40087,                  0.589,                0.56719,                0.31222,                0.48933,                      1
                     76,                0.63695,                0.39053,                 1.3409,                0.03299,                0.84139,                0.82445,                0.86815,                0.72196,                0.65536,                0.39965,                 1.4602,                0.03316,               0.002575,               0.002575,               0.002575,                0.67809,                0.78516,                 1.6481,                0.63116,                0.14497,                0.77656,                0.12393,                0.35186,                0.39667,                0.36884,                0.39621,                0.59625,                0.23463,                0.41136,                0.58784,                0.10719,                0.75936,                0.11672,                 1.5886,                0.40157,                0.41216,                0.40099,                0.58675,                0.56777,                0.31094,                0.48739,                      1
                     77,                 0.6359,                0.38752,                 1.3427,                0.03292,                 0.8419,                0.82313,                0.86771,                0.72192,                0.65531,                0.39963,                 1.4605,                0.03316,               0.002476,               0.002476,               0.002476,                0.67723,                0.79266,                  1.647,                 0.6322,                 0.1457,                0.78608,                0.12581,                0.35304,                0.39555,                 0.3678,                0.39311,                0.59121,                 0.2268,                0.41662,                0.58979,                0.10879,                0.76742,                0.11796,                 1.5834,                0.40079,                0.41021,                0.39813,                0.58698,                0.56528,                0.31706,                 0.4845,                      1
                     78,                0.63546,                0.38683,                 1.3419,                0.03301,                 0.8419,                0.82421,                0.86736,                0.72135,                0.65528,                0.39982,                 1.4607,                0.03316,               0.002377,               0.002377,               0.002377,                 0.6761,                 0.7875,                 1.6458,                 0.6318,                0.14536,                0.78001,                0.12405,                0.35416,                0.39673,                 0.3682,                0.39637,                0.59229,                0.23211,                0.41559,                0.59074,                0.10925,                0.76381,                0.11685,                 1.5844,                0.40124,                0.40926,                0.40095,                0.58694,                  0.567,                0.31264,                0.48711,                      1
                     79,                0.63638,                0.38715,                 1.3446,                0.03301,                0.84692,                0.81803,                0.86714,                0.72112,                0.65517,                 0.3998,                  1.461,                0.03316,               0.002278,               0.002278,               0.002278,                0.67769,                0.78178,                 1.6478,                0.63218,                0.14566,                0.77491,                0.12452,                0.35215,                0.39715,                0.36782,                0.39753,                0.59212,                 0.2377,                0.41577,                 0.5901,                 0.1091,                0.75832,                0.11683,                 1.5842,                0.40103,                 0.4099,                0.40226,                0.58409,                0.56773,                0.31154,                0.48654,                      1
                     80,                0.63005,                0.38339,                 1.3438,                0.03295,                0.84011,                0.82608,                 0.8668,                0.72101,                0.65521,                0.39986,                  1.461,                0.03316,               0.002179,               0.002179,               0.002179,                0.67843,                0.78574,                 1.6488,                0.63332,                0.14688,                0.77791,                0.12502,                0.35123,                0.39634,                0.36668,                0.39543,                0.59105,                0.23246,                0.41681,                0.59282,                0.11122,                0.76216,                0.11756,                 1.5832,                0.40136,                0.40718,                0.39966,                0.58908,                0.56596,                0.31522,                0.48747,                      1
                     81,                   0.63,                0.38132,                 1.3463,                 0.0329,                0.84001,                0.82679,                0.86698,                0.72069,                0.65519,                0.39985,                 1.4612,                0.03315,                0.00208,                0.00208,                0.00208,                0.67877,                0.78259,                  1.649,                0.63281,                0.14651,                0.77543,                0.12569,                0.35102,                0.39587,                0.36719,                0.39499,                0.58864,                 0.2365,                0.41918,                0.59059,                0.11001,                0.75978,                0.11768,                 1.5808,                0.40093,                0.40941,                0.39999,                0.58486,                0.56555,                0.31401,                0.48536,                      1
                     82,                0.63265,                0.38229,                 1.3375,                0.03293,                0.83996,                0.82758,                0.86652,                0.72069,                0.65516,                0.39982,                 1.4614,                0.03315,               0.001981,               0.001981,               0.001981,                0.67844,                0.78422,                 1.6488,                 0.6329,                0.14631,                0.77673,                  0.126,                0.35119,                0.39619,                 0.3671,                0.39492,                0.58982,                 0.2345,                0.41795,                0.59067,                0.11024,                0.76118,                0.11812,                  1.582,                0.40102,                0.40933,                 0.3996,                0.58758,                0.56635,                0.31409,                 0.4877,                      1
                     83,                0.62638,                0.37687,                 1.3362,                0.03296,                0.84108,                0.82677,                0.86624,                 0.7207,                0.65514,                0.39979,                 1.4616,                0.03315,               0.001882,               0.001882,               0.001882,                0.67836,                0.78261,                 1.6486,                0.63337,                0.14686,                0.77514,                0.12564,                0.35142,                0.39546,                0.36663,                0.39616,                0.58693,                0.23614,                0.42098,                0.58993,                0.11018,                 0.7591,                0.11816,                  1.579,                0.40051,                0.41007,                0.40082,                0.58535,                0.56622,                0.31334,                0.48584,                      1
                     84,                0.62774,                0.37957,                 1.3436,                0.03294,                0.84042,                0.82718,                0.86574,                0.72019,                0.65502,                0.39996,                  1.462,                0.03315,               0.001783,               0.001783,               0.001783,                0.67743,                0.78818,                 1.6474,                0.63377,                0.14731,                0.78083,                0.12361,                0.35257,                0.39567,                0.36623,                0.39487,                0.59022,                0.23097,                0.41755,                0.58913,                0.10866,                0.76457,                0.11607,                 1.5825,                0.40092,                0.41087,                0.39985,                0.58983,                 0.5679,                0.31275,                0.48964,                      1
                     85,                 0.6285,                0.37758,                 1.3365,                0.03291,                0.84235,                0.82619,                 0.8654,                 0.7203,                0.65508,                0.40021,                 1.4621,                0.03315,               0.001684,               0.001684,               0.001684,                0.67996,                0.78757,                 1.6504,                0.63381,                0.14749,                0.77901,                0.12547,                0.34958,                0.39598,                0.36619,                0.39446,                0.58814,                0.23041,                0.41972,                 0.5916,                 0.1105,                0.76488,                0.11744,                 1.5803,                0.40046,                 0.4084,                0.39887,                0.58884,                0.56564,                0.31679,                0.48638,                      1
                     86,                0.62253,                0.37504,                  1.334,                0.03302,                0.84581,                0.82027,                0.86515,                0.71992,                 0.6551,                0.40043,                 1.4621,                0.03315,               0.001585,               0.001585,               0.001585,                0.67914,                0.78619,                 1.6496,                0.63516,                 0.1484,                0.77834,                0.12359,                 0.3504,                0.39592,                0.36484,                0.39796,                0.58725,                0.23248,                0.42058,                0.59235,                0.11148,                0.76481,                 0.1161,                 1.5794,                0.40018,                0.40765,                0.40219,                0.59053,                 0.5673,                0.31293,                0.49165,                      1
                     87,                0.62129,                0.37204,                 1.3316,                0.03294,                0.84679,                0.82176,                0.86491,                0.71985,                0.65502,                0.40064,                 1.4621,                0.03315,               0.001486,               0.001486,               0.001486,                0.67937,                0.78346,                 1.6498,                0.63501,                0.14833,                0.77625,                0.12493,                0.35015,                0.39574,                0.36499,                0.39611,                0.58975,                 0.2344,                0.41806,                0.59154,                0.11036,                0.76379,                0.11705,                 1.5819,                0.39982,                0.40846,                0.40035,                 0.5885,                0.56582,                0.31473,                0.48782,                      1
                     88,                0.62059,                0.37284,                 1.3377,                0.03297,                  0.847,                0.82136,                0.86448,                0.71916,                0.65501,                0.40084,                 1.4622,                0.03315,               0.001387,               0.001387,               0.001387,                0.68019,                 0.7844,                  1.651,                0.63511,                 0.1486,                0.77669,                0.12409,                0.34897,                0.39563,                0.36489,                0.39575,                 0.5906,                0.23431,                0.41718,                0.59144,                0.11032,                0.76183,                0.11669,                 1.5828,                 0.4006,                0.40856,                0.40045,                0.58652,                0.56795,                0.31188,                0.48687,                      1
                     89,                0.61875,                0.36937,                 1.3354,                0.03296,                0.84719,                0.81995,                0.86402,                0.71885,                0.65508,                0.40102,                 1.4623,                0.03315,               0.001288,               0.001288,               0.001288,                0.67914,                0.78887,                 1.6496,                0.63561,                0.14917,                0.78095,                0.12487,                0.35036,                0.39458,                0.36439,                0.39487,                0.58921,                0.23016,                 0.4186,                0.59051,                0.10985,                0.76691,                0.11735,                 1.5814,                0.39994,                0.40949,                0.39938,                0.58845,                0.56647,                0.31377,                0.48662,                      1
                     90,                  0.616,                0.36866,                 1.3315,                0.03293,                0.84714,                0.81991,                0.86364,                0.71882,                0.65506,                0.40104,                 1.4626,                0.03315,               0.001189,               0.001189,               0.001189,                0.68048,                0.78986,                 1.6512,                0.63516,                0.14848,                0.78238,                 0.1244,                0.34881,                0.39423,                0.36484,                0.39412,                0.59151,                0.22907,                0.41625,                0.59079,                0.10968,                0.76765,                0.11691,                 1.5837,                0.39977,                0.40921,                0.39896,                0.58993,                 0.5666,                0.31483,                0.48904,                      1
                     91,                0.61691,                0.36668,                  1.328,                0.03301,                0.84632,                0.82027,                0.86325,                0.71854,                0.65507,                0.40119,                  1.463,                0.03315,                0.00109,                0.00109,                0.00109,                 0.6792,                0.78819,                 1.6497,                0.63563,                0.14915,                0.78041,                 0.1243,                0.35025,                0.39594,                0.36437,                0.39726,                0.58798,                0.23103,                0.41989,                0.59135,                0.11113,                 0.7646,                0.11678,                 1.5801,                0.40055,                0.40865,                0.40178,                0.58715,                0.56709,                0.31261,                0.48871,                      1
                     92,                0.61452,                0.36323,                 1.3313,                0.03292,                0.84572,                0.82054,                0.86259,                0.71805,                0.65504,                0.40144,                 1.4635,                0.03315,               0.000991,               0.000991,               0.000991,                0.67943,                0.78743,                   1.65,                0.63453,                0.14827,                0.77895,                0.12443,                0.35003,                0.39583,                0.36547,                0.39529,                0.58762,                0.23133,                0.42029,                0.58978,                 0.1093,                0.76493,                0.11653,                 1.5797,                 0.4006,                0.41022,                0.39956,                0.58636,                0.56615,                0.31384,                 0.4841,                      1
                     93,                0.61217,                0.36046,                  1.334,                0.03287,                0.84435,                0.82211,                0.86211,                0.71768,                0.65497,                 0.4017,                 1.4639,                0.03315,               0.000892,               0.000892,               0.000892,                0.68237,                0.78533,                 1.6535,                0.63553,                0.14916,                0.77861,                0.12554,                0.34654,                0.39495,                0.36447,                0.39445,                0.58983,                0.23433,                0.41803,                0.59349,                0.11227,                0.76307,                0.11817,                  1.582,                0.39884,                0.40651,                0.39964,                0.58523,                0.56501,                0.31434,                0.48489,                      1
                     94,                0.61201,                0.36288,                  1.329,                0.03293,                0.84452,                0.82173,                0.86203,                0.71741,                0.65487,                0.40164,                 1.4644,                0.03315,               0.000793,               0.000793,               0.000793,                0.67955,                 0.7828,                 1.6502,                0.63536,                 0.1491,                0.77646,                0.12493,                0.34976,                0.39587,                0.36464,                0.39613,                0.58798,                0.23553,                0.41995,                0.59101,                0.11073,                0.76084,                0.11708,                 1.5801,                0.40102,                0.40899,                0.40054,                0.58474,                0.56554,                0.31549,                0.48418,                      1
                     95,                0.61079,                0.36311,                 1.3258,                0.03293,                0.84406,                0.82331,                0.86168,                0.71683,                 0.6548,                0.40176,                  1.465,                0.03315,               0.000694,               0.000694,               0.000694,                0.68095,                0.78864,                  1.652,                0.63667,                0.15007,                0.78159,                0.12449,                0.34801,                0.39475,                0.36333,                0.39458,                0.58694,                 0.2302,                0.42096,                0.59129,                0.11089,                0.76606,                0.11712,                  1.579,                0.39907,                0.40871,                0.39903,                0.58735,                0.56524,                0.31686,                 0.4844,                      1
                     96,                0.60703,                0.35835,                 1.3215,                0.03288,                0.84494,                0.82359,                0.86136,                0.71674,                 0.6548,                 0.4017,                 1.4653,                0.03315,               0.000595,               0.000595,               0.000595,                0.68023,                0.78768,                 1.6511,                0.63597,                0.14935,                0.78016,                0.12483,                0.34894,                0.39432,                0.36403,                0.39349,                0.58466,                0.23257,                0.42334,                0.59064,                0.11048,                0.76389,                0.11719,                 1.5767,                0.40034,                0.40936,                0.39861,                0.58525,                0.56549,                 0.3147,                0.48381,                      1
                     97,                 0.6046,                0.35661,                 1.3189,                0.03296,                0.84497,                0.82262,                0.86084,                0.71644,                0.65485,                0.40186,                 1.4657,                0.03314,               0.000496,               0.000496,               0.000496,                0.68281,                 0.7861,                 1.6541,                0.63639,                0.14955,                0.77896,                0.12403,                0.34588,                0.39549,                0.36361,                0.39583,                0.58665,                0.23292,                0.42128,                0.59213,                0.11156,                0.76337,                0.11596,                 1.5787,                0.40019,                0.40787,                0.40023,                0.58684,                0.56756,                0.31184,                0.48618,                      1
                     98,                0.60677,                0.35718,                 1.3296,                0.03295,                0.84505,                0.82267,                0.86024,                0.71614,                0.65485,                0.40178,                  1.466,                0.03314,               0.000397,               0.000397,               0.000397,                0.68372,                0.78345,                 1.6551,                0.63509,                0.14895,                0.77647,                0.12532,                0.34489,                0.39642,                0.36491,                0.39642,                0.58701,                0.23574,                0.42088,                0.59099,                0.11044,                0.76167,                0.11683,                 1.5791,                0.40127,                0.40901,                0.40123,                0.58684,                0.56647,                0.31355,                0.48769,                      1
                     99,                0.60507,                0.35532,                 1.3241,                0.03284,                0.84733,                0.82161,                0.86009,                0.71603,                0.65485,                 0.4019,                 1.4665,                0.03314,               0.000298,               0.000298,               0.000298,                0.68235,                0.79448,                 1.6535,                0.63499,                0.14869,                0.78676,                0.12424,                 0.3465,                0.39427,                0.36501,                0.39251,                0.58537,                0.22437,                0.42261,                0.59293,                0.11244,                0.77155,                0.11631,                 1.5774,                0.39802,                0.40707,                  0.397,                0.58966,                0.56536,                0.31717,                0.48484,                      1
                    100,                0.60465,                0.35623,                 1.3193,                0.03291,                 0.8475,                0.82251,                0.85968,                0.71529,                  0.655,                0.40211,                 1.4667,                0.03314,               0.000199,               0.000199,               0.000199,                0.68351,                 0.7885,                 1.6549,                0.63496,                 0.1488,                  0.781,                0.12358,                 0.3451,                0.39529,                0.36504,                0.39468,                0.58625,                0.22986,                0.42171,                0.59213,                0.11155,                0.76645,                  0.116,                 1.5783,                0.39929,                0.40787,                0.39937,                0.58921,                0.56614,                0.31507,                0.48763,                      1
