                  epoch,         train/box_loss,         train/cls_loss,         train/dfl_loss,train/object_reliability_loss,   metrics/precision(B),      metrics/recall(B),       metrics/mAP50(B),    metrics/mAP50-95(B),           val/box_loss,           val/cls_loss,           val/dfl_loss,val/object_reliability_loss,                 lr/pg0,                 lr/pg1,                 lr/pg2,p2/P3_gate_direction_loss,p2/P3_gate_prompt_direction_agreement,    p2/P3_ir_win_recall,p2/P3_object_balanced_loss,p2/P3_object_calibrated_loss,p2/P3_object_gate_accuracy,p2/P3_object_prompt_accuracy,p2/P3_object_prompt_correlation,p2/P3_object_prompt_mae,p2/P3_object_prompt_rgb, p2/P3_object_rank_loss,p2/P3_object_target_rgb,  p2/P3_prompt_strength,   p2/P3_rgb_win_recall,p2/P4_gate_direction_loss,p2/P4_gate_prompt_direction_agreement,    p2/P4_ir_win_recall,p2/P4_object_balanced_loss,p2/P4_object_calibrated_loss,p2/P4_object_gate_accuracy,p2/P4_object_prompt_accuracy,p2/P4_object_prompt_correlation,p2/P4_object_prompt_mae,p2/P4_object_prompt_rgb, p2/P4_object_rank_loss,p2/P4_object_target_rgb,  p2/P4_prompt_strength,   p2/P4_rgb_win_recall,p2/object_cross_scale_consistency,p2/object_gate_raw_loss,p2/object_prompt_raw_loss,  p2/teacher_ir_quality,p2/teacher_relative_margin, p2/teacher_rgb_quality,p2/teacher_rgb_win_rate, p2/teacher_ir_win_rate,p2/teacher_majority_baseline,p2/object_reliability_warmup_factor
                      1,                 1.3168,                 1.4831,                 1.5794,                0.00457,                 0.3741,                0.56487,                0.45704,                0.33407,                 1.0017,                0.82692,                 1.4821,                0.00455,               0.070106,              0.0033215,              0.0033215,                0.80703,                0.99999,                0.96928,                 0.6932,                  0.692,                0.71097,                0.71097,              -0.053133,                0.15809,                0.49756,                0.69324,                0.41307,                0.99997,               0.027895,                 1.2892,                0.83363,                0.16545,                0.69334,                0.69529,                0.27439,                0.34812,              -0.028824,                0.16162,                 0.5039,                0.69328,                0.41307,                0.99994,                0.83117,             3.0045e-05,                0.15058,                0.69317,                0.57662,                0.31811,                0.47728,                0.27439,                0.72561,                0.72561,                    0.1
                      2,                  1.064,                0.87763,                 1.4194,                 0.0091,                 0.5822,                 0.6697,                0.63396,                0.47242,                0.83636,                0.65256,                 1.4653,                0.00902,                0.04004,               0.006589,               0.006589,                0.76762,                      1,                      1,                0.69348,                0.68761,                0.72648,                0.72648,              -0.043481,                0.15446,                  0.488,                0.69349,                0.41275,                0.99886,                      0,                 1.4239,                0.12778,                0.87053,                0.69337,                0.68722,                0.27352,                0.66615,               0.068078,                0.15459,                0.48762,                0.69248,                0.41275,                0.99856,                0.12329,             3.3144e-05,                0.14981,                0.69046,                0.57994,                0.31752,                0.48022,                0.27352,                0.72648,                0.72648,                    0.2
                      3,                0.89536,                0.69493,                 1.4098,                0.01353,                0.60687,                0.68616,                0.64973,                 0.4946,                0.79795,                0.59774,                 1.5788,                0.01352,              0.0099086,              0.0097904,              0.0097904,                0.73447,                0.99969,                0.99999,                0.69408,                0.68276,                0.72828,                0.72831,              -0.024962,                0.15056,                0.47688,                0.69359,                0.41209,                0.99422,                      0,                 1.4138,             0.00054621,                0.99962,                 0.6949,                 0.6777,                0.27169,                0.72831,               0.091501,                0.14808,                0.46522,                 0.6911,                0.41209,                0.99323,             0.00099787,             0.00016347,                0.14505,                0.68771,                0.58377,                0.31608,                0.48301,                0.27169,                0.72831,                0.72831,                    0.3
                      4,                0.81536,                0.60929,                 1.4251,                0.01796,                0.66078,                0.69473,                0.69279,                0.53303,                0.77939,                0.56309,                 1.5199,                0.01794,               0.009703,               0.009703,               0.009703,                 0.7222,                0.99943,                0.99968,                0.69369,                0.68428,                0.73143,                0.73138,              0.0054229,                0.15228,                0.48116,                0.69311,                0.41144,                0.98006,              0.0008511,                 1.3427,                      0,                      1,                0.69726,                0.67187,                0.26861,                0.73139,               0.077839,                0.14673,                0.44901,                 0.6905,                0.41144,                0.97766,                      0,             0.00063568,                0.14105,                0.68751,                0.58154,                0.31764,                0.48009,                0.26861,                0.73139,                0.73139,                    0.4
                      5,                0.79999,                 0.5859,                 1.4188,                 0.0224,                0.68395,                0.74817,                0.73067,                0.57185,                0.75472,                0.54169,                 1.4887,                0.02236,               0.009604,               0.009604,               0.009604,                 0.7244,                0.99996,                      1,                0.69436,                0.67946,                0.73212,                0.73213,               0.081967,                0.14815,                 0.4701,                0.69198,                0.41178,                0.96309,             3.0094e-05,                 1.3291,                      0,                      1,                0.69678,                0.67248,                0.26788,                0.73212,               0.093713,                0.14535,                0.45127,                0.69017,                0.41178,                0.96369,                      0,             0.00029541,                0.14089,                0.68615,                0.58357,                0.31502,                0.48308,                0.26788,                0.73212,                0.73212,                    0.5
                      6,                0.78499,                0.56612,                 1.4033,                0.02678,                0.74211,                0.73256,                0.76422,                0.60381,                0.74674,                0.51833,                 1.4806,                0.02684,               0.009505,               0.009505,               0.009505,                0.72917,                0.99999,                0.99999,                0.69403,                0.67538,                0.73077,                0.73078,                0.19799,                0.14761,                 0.4629,                0.68871,                0.41158,                0.94111,             2.9507e-05,                 1.2581,                      0,                      1,                0.69649,                0.67182,                0.26923,                0.73077,                0.10876,                0.14612,                0.45062,                0.68918,                0.41158,                0.94937,                      0,             0.00016676,                0.13916,                0.68452,                0.58147,                0.31718,                0.48018,                0.26923,                0.73077,                0.73077,                    0.6
                      7,                0.77534,                0.55164,                  1.405,                 0.0311,                0.74839,                0.73918,                0.78558,                0.62828,                0.73011,                0.50547,                 1.4815,                0.03096,               0.009406,               0.009406,               0.009406,                0.73649,                      1,                      1,                0.69343,                0.66604,                 0.7319,                 0.7319,                0.29863,                0.14312,                0.44601,                0.67984,                0.41235,                0.91321,                      0,                 1.2287,                      0,                      1,                0.69719,                0.67003,                 0.2681,                 0.7319,                0.13793,                0.14454,                0.44529,                0.68795,                0.41235,                0.93674,                      0,             0.00018255,                0.13916,                0.68103,                0.58358,                0.31518,                0.48351,                 0.2681,                 0.7319,                 0.7319,                    0.7
                      8,                0.76923,                0.54742,                 1.4066,                 0.0352,                0.75606,                0.76393,                0.79136,                0.63152,                0.72823,                 0.4883,                 1.4716,                0.03533,               0.009307,               0.009307,               0.009307,                0.73035,                      1,                      1,                0.68999,                 0.6542,                0.73227,                0.73227,                0.35063,                0.13961,                0.42938,                0.66358,                0.41137,                0.87272,                      0,                 1.2008,             2.0374e-05,                0.99998,                0.69747,                0.66671,                0.26773,                0.73227,                0.16253,                 0.1438,                0.43805,                0.68551,                0.41137,                0.92361,              3.044e-05,             0.00056859,                0.13741,                0.67543,                0.58421,                0.31482,                 0.4831,                0.26773,                0.73227,                0.73227,                    0.8
                      9,                0.76502,                0.53845,                 1.3945,                0.03932,                0.77239,                0.78259,                0.80952,                0.64474,                0.73041,                0.48042,                 1.4437,                0.03972,               0.009208,               0.009208,               0.009208,                0.72547,                      1,                      1,                0.68613,                0.64571,                0.73491,                0.73491,                 0.3607,                0.13683,                0.42096,                0.65348,                0.41024,                0.83062,                      0,                 1.1801,                      0,                      1,                0.69687,                0.66641,                0.26509,                0.73491,                0.18353,                0.14346,                0.43919,                0.68459,                0.41024,                0.90929,                      0,              0.0013337,                0.13607,                0.67116,                 0.5853,                0.31562,                0.48306,                0.26509,                0.73491,                0.73491,                    0.9
                     10,                0.76119,                0.53596,                 1.3888,                0.04347,                0.77525,                0.76907,                0.80372,                 0.6478,                0.70932,                0.47951,                 1.4889,                0.04384,               0.009109,               0.009109,               0.009109,                0.73163,                      1,                      1,                0.68259,                0.64225,                0.73036,                0.73036,                0.35891,                0.13683,                0.42036,                0.64196,                0.41188,                0.78942,                      0,                 1.1325,             1.5978e-05,                0.99999,                0.69757,                 0.6636,                0.26965,                0.73036,                0.22374,                0.14386,                0.43165,                0.67979,                0.41188,                0.89555,             1.4814e-05,              0.0019628,                 0.1353,                0.66847,                0.58274,                0.31667,                0.48211,                0.26964,                0.73036,                0.73036,                      1
                     11,                0.75559,                 0.5288,                 1.3916,                0.04335,                0.72417,                0.70696,                0.74215,                0.58224,                0.74511,                0.54821,                 1.5749,                0.04357,                0.00901,                0.00901,                0.00901,                0.72449,                0.99999,                0.99998,                0.68055,                0.64147,                 0.7326,                0.73259,                0.36304,                0.13457,                0.42344,                0.64287,                0.41246,                0.75311,                      0,                 1.1305,             0.00010569,                0.99994,                0.69848,                0.66122,                0.26741,                0.73261,                0.23801,                0.14165,                0.42466,                0.67581,                0.41246,                 0.8856,             0.00019763,               0.002305,                0.13428,                0.66729,                0.58559,                0.31308,                0.48627,                 0.2674,                 0.7326,                 0.7326,                      1
                     12,                0.75062,                0.52188,                 1.3857,                0.04321,                0.76681,                0.76464,                0.80087,                0.64557,                0.70779,                0.48186,                 1.4743,                0.04354,               0.008911,               0.008911,               0.008911,                0.72514,                0.99994,                0.99996,                0.67871,                0.64117,                0.72656,                0.72657,                0.35488,                0.13597,                0.42495,                0.64335,                0.41327,                0.72658,             0.00011635,                  1.083,             0.00016702,                0.99997,                0.69665,                0.65979,                0.27351,                 0.7266,                0.26979,                0.14136,                0.42479,                0.67201,                0.41327,                0.87554,             0.00020361,              0.0029051,                0.13279,                0.66603,                0.57932,                0.31285,                0.48057,                0.27344,                0.72656,                0.72656,                      1
                     13,                0.74687,                0.52076,                 1.3865,                0.04303,                0.76558,                0.76592,                 0.8008,                0.64449,                0.70752,                0.47391,                 1.4794,                0.04379,               0.008812,               0.008812,               0.008812,                0.72221,                 0.9959,                0.99676,                0.67666,                0.63638,                0.73586,                0.73519,                0.36457,                0.13662,                0.42311,                0.63737,                0.40944,                0.69911,              0.0064905,                 1.0968,             0.00011112,                0.99993,                 0.6944,                0.65675,                0.26415,                0.73586,                0.29969,                0.14134,                0.42579,                0.66612,                0.40944,                0.86251,             0.00019532,              0.0032655,                0.13286,                0.66287,                0.58166,                0.31685,                0.47739,                0.26414,                0.73586,                0.73586,                      1
                     14,                0.74368,                0.51753,                 1.3812,                0.04302,                0.75182,                0.78299,                 0.8019,                0.64672,                0.69908,                0.46682,                 1.4814,                0.04346,               0.008713,               0.008713,               0.008713,                0.72358,                0.97274,                0.97776,                0.67572,                0.63969,                0.73244,                0.72713,                0.35633,                0.13647,                0.42882,                0.63403,                0.41245,                0.67717,               0.041013,                 1.0877,             0.00051338,                0.99961,                0.69363,                 0.6557,                0.26756,                0.73239,                0.31877,                0.13875,                0.42281,                0.65907,                0.41245,                0.84878,             0.00085444,               0.003263,                0.13273,                0.66336,                 0.5821,                0.31297,                0.48273,                0.26756,                0.73244,                0.73244,                      1
                     15,                0.74172,                 0.5121,                 1.3847,                0.04305,                0.80445,                0.77263,                0.82645,                0.66792,                0.70181,                0.45885,                  1.472,                0.04361,               0.008614,               0.008614,               0.008614,                0.72538,                0.89729,                0.91594,                0.67682,                0.64049,                0.73139,                0.71115,                0.35082,                0.13773,                0.42904,                 0.6437,                0.41243,                0.65647,                0.15351,                 1.0671,             0.00087199,                 0.9995,                0.69219,                0.65602,                0.26868,                0.73144,                0.32428,                0.13857,                 0.4268,                0.65685,                0.41243,                0.83475,              0.0015259,              0.0037307,                0.13229,                 0.6638,                0.58307,                0.31427,                0.48385,                0.26861,                0.73139,                0.73139,                      1
                     16,                0.73895,                0.50775,                 1.3814,                0.04283,                0.77735,                0.76995,                0.81623,                0.66104,                0.69553,                0.46165,                 1.4694,                0.04339,               0.008515,               0.008515,               0.008515,                0.71612,                0.84787,                0.87438,                0.67375,                0.63889,                 0.7269,                 0.6964,                0.35768,                0.13754,                0.43136,                0.64387,                0.41291,                0.64574,                0.22268,                 1.0501,             0.00093247,                0.99939,                0.68986,                0.65237,                0.27324,                0.72681,                0.34322,                0.13793,                0.42324,                0.65093,                0.41291,                0.81527,              0.0012822,              0.0035182,                0.13048,                0.66125,                0.57967,                0.31371,                0.47982,                 0.2731,                 0.7269,                 0.7269,                      1
                     17,                0.73433,                0.50495,                  1.384,                0.04275,                0.79047,                0.78841,                0.82834,                0.67359,                0.69401,                0.45701,                 1.4547,                0.04331,               0.008416,               0.008416,               0.008416,                 0.7126,                0.80579,                0.83475,                0.67417,                0.63839,                 0.7339,                0.68555,                0.36201,                0.13748,                0.43098,                0.64335,                0.41149,                0.63791,                0.27406,                 1.0457,               0.001125,                0.99988,                0.68915,                0.64953,                0.26692,                 0.7339,                0.36174,                0.13623,                0.42102,                0.64302,                0.41149,                0.79627,             0.00033337,              0.0035047,                0.12987,                0.66063,                0.58426,                0.31438,                0.48368,                 0.2661,                 0.7339,                 0.7339,                      1
                     18,                0.73087,                0.50108,                 1.3748,                0.04257,                0.79025,                0.79159,                0.83242,                0.67513,                0.68874,                0.44922,                  1.467,                 0.0432,               0.008317,               0.008317,               0.008317,                0.71271,                0.74692,                 0.7873,                0.67192,                0.63558,                0.73075,                0.67297,                0.37291,                0.13842,                0.42987,                0.63776,                0.41125,                0.63341,                0.36266,                 1.0366,              0.0018159,                0.99974,                0.68684,                0.64625,                0.27051,                0.73076,                0.37306,                0.13665,                 0.4197,                0.63363,                0.41125,                0.77639,             0.00074448,              0.0036714,                0.12958,                0.65801,                0.58251,                0.31788,                0.48052,                0.26925,                0.73075,                0.73075,                      1
                     19,                0.72938,                0.49769,                 1.3845,                0.04263,                0.77586,                0.78473,                0.81627,                0.65883,                0.69998,                0.46533,                 1.4708,                0.04322,               0.008218,               0.008218,               0.008218,                0.71216,                0.70324,                0.74413,                0.67265,                0.63838,                0.73219,                0.65425,                0.36377,                0.13878,                0.43367,                0.63994,                 0.4119,                0.62806,                0.40854,                 1.0377,              0.0021819,                0.99962,                0.68587,                0.64721,                0.26936,                0.73215,                0.37271,                0.13513,                0.42241,                0.63331,                 0.4119,                0.75766,             0.00087185,               0.003671,                0.12954,                0.65919,                0.58309,                0.31416,                0.48278,                0.26781,                0.73219,                0.73219,                      1
                     20,                0.72935,                0.49892,                 1.3787,                0.04263,                0.79845,                0.80749,                0.84344,                0.68662,                0.68327,                 0.4423,                 1.4503,                0.04325,               0.008119,               0.008119,               0.008119,                0.70994,                0.63612,                0.68017,                0.67244,                 0.6386,                  0.735,                0.62873,                0.36233,                0.14023,                0.43606,                0.63988,                0.41087,                 0.6269,                0.48606,                  1.055,              0.0019661,                0.99981,                0.68486,                0.64666,                0.26648,                0.73504,                0.36824,                0.13447,                0.42482,                0.63122,                0.41087,                0.73564,             0.00068698,              0.0037287,                0.12983,                0.65893,                0.58365,                0.31478,                0.48214,                  0.265,                  0.735,                  0.735,                      1
                     21,                0.72763,                0.49298,                 1.3801,                0.04247,                0.81268,                0.80656,                0.85451,                0.69939,                0.68115,                0.43594,                 1.4511,                0.04321,                0.00802,                0.00802,                0.00802,                0.71252,                0.69748,                0.74062,                0.67193,                0.63643,                0.73087,                0.65425,                0.36998,                  0.139,                0.43101,                0.63844,                0.41142,                0.62288,                0.41967,                 1.0164,              0.0089418,                0.99926,                0.68255,                0.64321,                0.27628,                0.73091,                0.38029,                0.13467,                0.42143,                0.61988,                0.41142,                0.71714,                0.00216,              0.0035636,                0.12888,                0.65708,                0.58415,                0.31647,                0.48313,                0.26913,                0.73087,                0.73087,                      1
                     22,                0.72008,                0.49224,                 1.3757,                0.04238,                0.80885,                0.79585,                0.83705,                0.68307,                0.67989,                0.44278,                 1.4564,                0.04307,               0.007921,               0.007921,               0.007921,                0.70654,                0.66912,                0.71724,                0.67091,                0.63655,                0.73212,                0.64898,                0.37214,                0.13905,                0.43344,                0.63841,                0.41097,                 0.6251,                0.46242,                 1.0142,               0.018974,                0.99184,                0.67961,                0.64323,                0.27468,                0.73182,                0.38567,                  0.134,                 0.4268,                0.61952,                0.41097,                0.69485,               0.021194,              0.0033112,                0.12801,                0.65629,                0.58597,                0.31677,                 0.4841,                0.26788,                0.73212,                0.73212,                      1
                     23,                0.72151,                0.48985,                  1.385,                0.04245,                0.81307,                0.77948,                0.83701,                0.68439,                0.67847,                0.43533,                 1.4623,                0.04316,               0.007822,               0.007822,               0.007822,                0.70912,                0.62046,                 0.6733,                0.67144,                0.63891,                0.72745,                0.63167,                0.36416,                0.14053,                0.43529,                0.63661,                0.41293,                0.62684,                0.52057,                 1.0148,               0.038627,                0.97812,                0.67994,                0.64419,                0.28036,                0.72556,                0.38231,                0.13404,                0.42658,                0.61662,                0.41293,                0.67305,               0.051442,              0.0037566,                0.12837,                0.65747,                0.58417,                0.31415,                0.48545,                0.27255,                0.72745,                0.72745,                      1
                     24,                0.71911,                0.48765,                 1.3808,                 0.0423,                0.80619,                0.78974,                0.84153,                0.68833,                0.67955,                0.43658,                  1.455,                0.04311,               0.007723,               0.007723,               0.007723,                0.70299,                0.64157,                0.69413,                0.67007,                0.63611,                0.73204,                0.64265,                0.37587,                0.13916,                0.43366,                0.63588,                0.41152,                0.62469,                0.50203,                 1.0177,               0.049959,                0.96961,                0.67771,                0.64213,                0.27454,                0.73037,                0.39007,                 0.1331,                0.42804,                0.61354,                0.41152,                0.65421,                 0.0768,              0.0034652,                0.12765,                0.65537,                0.58644,                0.31583,                0.48597,                0.26796,                0.73204,                0.73204,                      1
                     25,                0.71596,                0.47967,                 1.3782,                0.04226,                0.78865,                0.82993,                0.85125,                0.69718,                0.67685,                0.43059,                 1.4503,                 0.0431,               0.007624,               0.007624,               0.007624,                0.70124,                0.61244,                0.66714,                0.66991,                0.63716,                0.72965,                0.63147,                0.37346,                0.13966,                0.43521,                0.63542,                0.41332,                0.62697,                0.53519,                  1.009,                0.09055,                0.94173,                0.67703,                0.64073,                0.28208,                0.72234,                0.38916,                0.13294,                0.42517,                0.60581,                0.41332,                0.63527,                0.13023,              0.0035821,                0.12713,                0.65532,                0.58158,                0.31321,                0.48275,                0.27035,                0.72965,                0.72965,                      1
                     26,                0.71304,                0.47754,                 1.3809,                0.04228,                0.80847,                0.80575,                0.85054,                0.70024,                0.67515,                 0.4293,                 1.4496,                0.04303,               0.007525,               0.007525,               0.007525,                0.70653,                0.63414,                 0.6853,                0.67117,                0.63691,                0.73289,                0.63746,                0.36956,                0.14005,                0.43443,                0.63278,                0.41188,                0.62577,                0.50622,                 1.0045,                0.15813,                 0.8838,                0.67566,                0.64043,                0.27794,                0.70902,                0.38972,                0.13426,                 0.4299,                0.60434,                0.41188,                0.61371,                0.22946,              0.0034194,                0.12769,                0.65538,                0.58325,                0.31482,                0.48273,                0.26711,                0.73289,                0.73289,                      1
                     27,                0.70759,                0.47578,                 1.3753,                0.04227,                0.81637,                 0.8081,                0.85482,                 0.7035,                0.67449,                0.42606,                 1.4486,                0.04301,               0.007426,               0.007426,               0.007426,                0.70379,                0.62186,                0.67578,                   0.67,                0.63812,                0.72971,                0.63468,                0.36983,                0.13901,                0.43649,                0.63429,                0.41334,                 0.6259,                0.52371,                 1.0129,                 0.1577,                0.88563,                 0.6743,                0.64085,                0.28079,                0.70923,                0.39389,                0.13251,                0.43226,                 0.6056,                0.41334,                0.59725,                0.23297,              0.0034093,                 0.1276,                0.65523,                0.58636,                0.31113,                 0.4875,                0.27029,                0.72971,                0.72971,                      1
                     28,                0.70992,                0.47528,                 1.3687,                0.04211,                 0.8144,                0.81419,                0.85808,                0.70575,                0.67304,                0.42906,                 1.4351,                0.04294,               0.007327,               0.007327,               0.007327,                0.70087,                0.63122,                0.68753,                0.66848,                0.63533,                0.73025,                0.64267,                0.37778,                0.14052,                0.43401,                0.63512,                0.41199,                0.62768,                0.52123,                 1.0011,                0.17301,                0.87666,                0.67294,                0.63664,                0.28348,                0.70837,                0.40063,                0.13406,                 0.4275,                0.59849,                0.41199,                0.58067,                 0.2528,              0.0033951,                0.12682,                0.65287,                0.58155,                 0.3163,                0.48049,                0.26975,                0.73025,                0.73025,                      1
                     29,                0.70909,                0.47466,                 1.3756,                0.04211,                0.81009,                0.82689,                 0.8579,                0.70663,                0.67076,                 0.4221,                 1.4478,                0.04297,               0.007228,               0.007228,               0.007228,                0.69413,                0.61771,                0.67516,                0.66873,                 0.6359,                 0.7323,                0.63882,                0.37941,                0.14015,                0.43609,                0.63964,                0.41077,                0.62541,                0.53943,                  1.007,                 0.2024,                0.85254,                0.67144,                 0.6375,                0.27997,                0.70534,                0.40639,                0.13393,                0.43062,                0.60412,                0.41077,                0.56587,                0.30266,              0.0034025,                0.12612,                0.65303,                0.58478,                0.31724,                 0.4836,                 0.2677,                 0.7323,                 0.7323,                      1
                     30,                 0.7063,                0.47223,                  1.371,                0.04206,                 0.8228,                0.80301,                0.85263,                0.70198,                0.67383,                0.42458,                 1.4553,                0.04289,               0.007129,               0.007129,               0.007129,                0.69427,                0.63082,                0.68703,                0.66854,                 0.6349,                 0.7344,                0.64388,                0.38038,                0.13975,                0.43456,                0.63566,                0.40967,                0.62334,                0.52458,                 1.0146,                0.27968,                0.78501,                0.66997,                 0.6375,                0.27715,                0.68568,                0.40374,                 0.1352,                0.43572,                0.59825,                0.40967,                 0.5505,                0.41104,              0.0035864,                0.12639,                0.65239,                0.58492,                0.31711,                 0.4819,                 0.2656,                 0.7344,                 0.7344,                      1
                     31,                0.71075,                0.47414,                 1.3759,                0.04226,                0.82562,                0.82971,                0.86771,                0.71619,                0.66757,                0.41777,                 1.4433,                 0.0429,                0.00703,                0.00703,                0.00703,                0.69666,                0.62226,                0.67656,                0.67094,                0.63947,                0.72849,                0.63498,                0.36595,                0.13996,                0.43591,                0.63858,                0.41353,                0.62662,                0.52342,                 1.0201,                0.27092,                0.79121,                0.67228,                0.63992,                0.28167,                0.68403,                0.39469,                0.13428,                0.43398,                0.60102,                0.41353,                  0.537,                0.39644,              0.0037144,                0.12689,                 0.6555,                0.58411,                0.31215,                0.48683,                0.27151,                0.72849,                0.72849,                      1
                     32,                0.70339,                0.46605,                 1.3768,                0.04221,                0.82845,                0.81175,                0.85978,                 0.7076,                0.66942,                  0.418,                 1.4439,                0.04293,               0.006931,               0.006931,               0.006931,                 0.6986,                0.61306,                0.66618,                0.66996,                0.63826,                0.72991,                0.62954,                 0.3693,                0.13988,                0.43682,                0.64002,                0.41267,                0.62492,                0.53051,                 1.0118,                0.27527,                0.78629,                0.67141,                0.63896,                0.27868,                0.68393,                0.39558,                0.13419,                 0.4327,                0.60161,                0.41267,                0.52437,                 0.4073,              0.0038003,                0.12687,                0.65447,                0.58191,                0.31099,                 0.4821,                0.27009,                0.72991,                0.72991,                      1
                     33,                0.70374,                0.46761,                 1.3694,                0.04198,                0.81319,                0.82831,                0.86224,                0.71043,                0.66764,                0.41831,                 1.4439,                0.04292,               0.006832,               0.006832,               0.006832,                0.69336,                0.61542,                0.67335,                 0.6688,                0.63524,                0.73086,                0.63797,                0.37737,                 0.1409,                 0.4338,                0.63557,                0.41145,                0.62809,                0.54189,                0.99391,                0.32249,                0.75454,                0.66774,                0.63472,                0.28483,                0.67767,                 0.4145,                0.13528,                0.43254,                0.59136,                0.41145,                0.51492,                0.46891,               0.004014,                0.12558,                0.65175,                0.58508,                0.31604,                0.48374,                0.26914,                0.73086,                0.73086,                      1
                     34,                 0.6998,                0.46255,                 1.3704,                0.04219,                0.82896,                 0.8079,                0.85911,                0.70938,                0.66765,                0.41948,                 1.4501,                0.04287,               0.006733,               0.006733,               0.006733,                0.69245,                0.60314,                0.65556,                0.67051,                0.64003,                0.73547,                0.62568,                0.36664,                0.14014,                0.43961,                0.63673,                0.41267,                0.63442,                0.54261,                 1.0167,                0.31323,                0.75336,                0.67034,                0.63926,                0.27397,                0.67581,                0.39903,                0.13364,                0.43653,                0.59819,                0.41267,                0.50444,                0.46018,              0.0036673,                0.12622,                0.65511,                0.58807,                0.30975,                0.48939,                0.26453,                0.73547,                0.73547,                      1
                     35,                0.70199,                0.46311,                 1.3735,                0.04203,                0.82443,                0.82817,                0.86624,                0.71497,                0.66714,                0.41294,                 1.4523,                0.04287,               0.006634,               0.006634,               0.006634,                0.69142,                0.62726,                0.68533,                0.66958,                0.63539,                0.73395,                0.64479,                0.37726,                0.14046,                0.43458,                0.63785,                 0.4107,                0.63912,                0.53294,                0.99931,                0.31686,                0.75598,                 0.6691,                0.63523,                0.27884,                0.67903,                0.40885,                0.13568,                0.43212,                0.59921,                 0.4107,                 0.4952,                0.46676,              0.0038971,                 0.1255,                0.65238,                 0.5855,                 0.3166,                0.48359,                0.26605,                0.73395,                0.73395,                      1
                     36,                0.69608,                  0.458,                 1.3627,                0.04198,                0.82625,                0.82113,                0.86356,                 0.7132,                0.66715,                0.41442,                 1.4394,                0.04281,               0.006535,               0.006535,               0.006535,                0.68815,                0.61762,                 0.6746,                0.66802,                0.63653,                0.72869,                0.63684,                0.37405,                0.14147,                0.43687,                0.63694,                0.41276,                0.64371,                0.53541,                0.99671,                0.33596,                0.73852,                 0.6674,                0.63575,                0.28337,                0.67084,                0.40935,                0.13563,                0.43607,                0.59745,                0.41276,                0.48729,                0.48907,              0.0035662,                0.12498,                0.65204,                0.58016,                0.31457,                0.48024,                0.27131,                0.72869,                0.72869,                      1
                     37,                0.69048,                0.45449,                 1.3668,                0.04186,                0.82375,                0.82025,                0.85961,                0.70932,                0.66308,                0.41338,                 1.4492,                0.04281,               0.006436,               0.006436,               0.006436,                  0.692,                0.60215,                0.66174,                0.66713,                0.63484,                0.73042,                0.63413,                 0.3811,                0.14276,                0.43724,                0.62785,                0.41213,                0.64236,                0.55931,                0.98686,                0.35144,                0.72693,                0.66686,                0.63281,                0.28342,                0.66809,                0.41547,                0.13798,                0.43208,                0.58244,                0.41213,                0.47997,                0.50865,               0.003936,                0.12516,                 0.6506,                0.58323,                0.31809,                0.48254,                0.26958,                0.73042,                0.73042,                      1
                     38,                0.69384,                 0.4553,                 1.3714,                0.04209,                0.83016,                0.82831,                0.86483,                0.71455,                  0.663,                0.41038,                 1.4487,                0.04281,               0.006337,               0.006337,               0.006337,                0.69014,                0.62136,                 0.6779,                 0.6699,                0.63806,                0.73503,                0.64016,                0.36658,                0.14243,                0.43643,                0.63501,                0.41175,                0.64312,                0.53548,                 1.0141,                0.35257,                0.71711,                0.66898,                0.63746,                0.27387,                0.66208,                0.40118,                 0.1386,                0.43592,                0.59216,                0.41175,                0.47404,                0.50941,              0.0039197,                0.12582,                0.65373,                0.58481,                0.31648,                0.48446,                0.26497,                0.73503,                0.73503,                      1
                     39,                0.69001,                0.45121,                 1.3698,                0.04201,                0.83829,                0.81728,                0.86598,                0.71527,                0.66437,                0.41064,                 1.4441,                0.04277,               0.006238,               0.006238,               0.006238,                0.68861,                 0.6107,                0.66962,                0.66871,                0.63841,                 0.7235,                0.63473,                0.36779,                0.14134,                0.43816,                0.63301,                0.41424,                0.64589,                0.54346,                0.99532,                0.32424,                0.74662,                0.66795,                0.63591,                0.28479,                0.67217,                0.41131,                0.13451,                0.43362,                0.59158,                0.41424,                0.46626,                0.47736,              0.0039106,                0.12499,                0.65302,                 0.5808,                0.31082,                0.48319,                 0.2765,                 0.7235,                 0.7235,                      1
                     40,                0.68918,                0.45233,                 1.3679,                 0.0418,                 0.8362,                0.81949,                0.86705,                0.71674,                0.66351,                0.40962,                  1.445,                0.04277,               0.006139,               0.006139,               0.006139,                0.67749,                0.60518,                 0.6643,                0.66662,                0.63602,                0.73264,                0.63557,                0.38023,                0.14104,                0.43775,                0.62881,                0.41111,                0.64534,                0.55685,                 1.0035,                0.36377,                0.70983,                0.66455,                0.63334,                0.27708,                0.66107,                0.42307,                0.13529,                0.43592,                0.58642,                0.41111,                0.45922,                0.52746,              0.0038215,                0.12378,                0.65053,                0.58941,                0.31381,                0.48782,                0.26736,                0.73264,                0.73264,                      1
                     41,                0.68841,                0.44722,                  1.374,                0.04202,                 0.8386,                0.82018,                0.86729,                0.71747,                  0.664,                0.40885,                 1.4448,                0.04278,                0.00604,                0.00604,                0.00604,                0.68979,                0.61777,                0.67411,                0.66994,                0.63723,                0.73439,                0.63795,                0.37269,                0.14147,                 0.4361,                0.63294,                0.41164,                0.64516,                0.53799,                 1.0114,                0.36565,                0.70636,                0.66784,                0.63467,                0.27293,                0.66074,                0.41247,                0.13701,                0.43437,                0.58776,                0.41164,                0.45383,                 0.5346,              0.0040332,                0.12568,                0.65281,                0.58428,                0.31387,                0.48399,                0.26561,                0.73439,                0.73439,                      1
                     42,                0.68685,                 0.4482,                 1.3655,                0.04179,                0.84905,                0.81823,                0.87011,                0.71946,                0.66268,                0.40844,                 1.4451,                 0.0428,               0.005941,               0.005941,               0.005941,                0.68192,                0.62268,                0.68613,                0.66621,                0.63469,                0.73249,                0.64999,                0.38424,                0.14097,                0.43757,                0.62688,                0.41059,                0.64747,                0.55105,                 1.0092,                0.37983,                0.69993,                0.66479,                0.63268,                0.27847,                0.66111,                0.42074,                  0.138,                 0.4348,                 0.5816,                0.41059,                 0.4506,                0.55481,              0.0039085,                0.12456,                0.64988,                0.58698,                0.31749,                 0.4847,                0.26751,                0.73249,                0.73249,                      1
                     43,                0.68157,                0.44508,                 1.3676,                0.04199,                0.83936,                0.82679,                0.86939,                0.71989,                0.66216,                0.40813,                 1.4434,                0.04278,               0.005842,               0.005842,               0.005842,                0.68669,                0.61696,                0.67952,                 0.6664,                0.63652,                0.72835,                0.64455,                0.38278,                0.14101,                0.43918,                 0.6364,                0.41273,                 0.6465,                0.55078,                 1.0207,                0.35966,                0.71551,                0.66722,                0.63683,                0.27756,                0.66729,                0.40665,                0.13752,                0.43669,                0.59698,                0.41273,                0.44519,                  0.538,              0.0038044,                0.12558,                0.65165,                0.58307,                0.31414,                0.48378,                0.27165,                0.72835,                0.72835,                      1
                     44,                0.68332,                0.44231,                 1.3669,                0.04185,                0.84281,                0.82854,                0.87082,                0.72089,                0.66218,                0.40631,                 1.4456,                0.04277,               0.005743,               0.005743,               0.005743,                0.68565,                0.62571,                0.68721,                0.66737,                0.63459,                0.73225,                0.64846,                0.38131,                0.14214,                0.43516,                 0.6328,                0.41076,                0.64195,                0.54249,                 1.0089,                0.37544,                0.70257,                0.66444,                0.63216,                0.27637,                0.66294,                0.42216,                0.13869,                0.43398,                 0.5848,                0.41076,                0.44157,                0.55455,              0.0038495,                0.12505,                0.65009,                 0.5845,                0.31797,                0.48238,                0.26775,                0.73225,                0.73225,                      1
                     45,                0.68653,                0.44389,                 1.3731,                0.04186,                0.84645,                0.83073,                0.87058,                0.72159,                0.66173,                0.40539,                 1.4492,                0.04275,               0.005644,               0.005644,               0.005644,                0.68166,                0.60834,                0.66664,                0.66726,                0.63609,                0.73335,                0.63608,                 0.3811,                0.14174,                0.43792,                0.63027,                0.41177,                0.64672,                0.55201,                 1.0085,                0.37618,                0.69534,                0.66521,                0.63387,                0.27464,                0.65436,                0.41744,                0.13726,                0.43585,                0.58439,                0.41177,                0.43737,                0.54165,              0.0038004,                 0.1245,                0.65096,                0.58417,                0.31455,                0.48407,                0.26665,                0.73335,                0.73335,                      1
                     46,                0.68241,                0.44272,                 1.3746,                0.04178,                  0.845,                0.83344,                0.87334,                0.72421,                0.66206,                0.40368,                 1.4489,                0.04275,               0.005545,               0.005545,               0.005545,                0.67632,                0.62606,                0.68861,                0.66658,                0.63494,                0.73567,                0.65145,                0.38639,                0.14069,                 0.4372,                0.62692,                0.41022,                0.65003,                0.54803,                 1.0179,                0.36467,                0.70966,                0.66477,                0.63263,                0.27126,                0.66569,                0.42344,                0.13673,                0.43436,                0.58474,                0.41022,                 0.4355,                0.54333,              0.0039872,                0.12411,                0.65007,                0.58842,                0.31642,                0.48644,                0.26433,                0.73567,                0.73567,                      1
                     47,                0.68056,                0.43806,                 1.3678,                0.04175,                0.84497,                0.83308,                0.87336,                0.72532,                0.66068,                0.40277,                 1.4519,                0.04274,               0.005446,               0.005446,               0.005446,                0.67928,                0.61851,                0.67846,                0.66576,                0.63397,                0.73543,                0.64398,                 0.3854,                0.14219,                0.43735,                0.62974,                0.40971,                 0.6482,                0.54812,                  1.009,                0.38374,                0.69183,                0.66368,                0.63144,                0.27356,                0.65642,                0.42293,                0.13818,                 0.4355,                0.58638,                0.40971,                 0.4324,                  0.558,              0.0039548,                 0.1242,                 0.6491,                0.58445,                0.31771,                0.48138,                0.26457,                0.73543,                0.73543,                      1
                     48,                0.67962,                0.43867,                 1.3709,                0.04186,                0.83514,                0.84058,                0.87198,                0.72388,                0.66008,                0.40268,                  1.452,                0.04272,               0.005347,               0.005347,               0.005347,                 0.6735,                0.62988,                0.69023,                0.66747,                0.63692,                 0.7314,                0.64839,                0.38103,                0.13963,                 0.4389,                0.63624,                 0.4125,                0.64296,                0.53446,                 1.0172,                 0.3769,                0.69581,                0.66442,                0.63402,                0.27444,                0.65724,                0.42307,                0.13508,                0.43822,                 0.5888,                 0.4125,                0.42707,                0.55222,              0.0037924,                 0.1237,                 0.6512,                 0.5855,                0.31155,                0.48605,                 0.2686,                 0.7314,                 0.7314,                      1
                     49,                0.67652,                 0.4348,                 1.3599,                0.04179,                0.83341,                0.84356,                0.87221,                0.72339,                0.65954,                0.40235,                 1.4506,                0.04273,               0.005248,               0.005248,               0.005248,                0.67824,                0.62285,                  0.685,                0.66614,                0.63493,                0.73247,                0.64817,                0.38711,                0.14013,                0.43804,                0.63258,                0.41145,                0.64289,                0.54732,                 1.0095,                0.39632,                0.68213,                0.66417,                 0.6332,                0.27634,                0.65369,                0.42004,                0.13827,                0.43671,                0.58368,                0.41145,                0.42545,                0.57583,              0.0041998,                0.12408,                0.64992,                 0.5864,                0.31304,                0.48536,                0.26753,                0.73247,                0.73247,                      1
                     50,                0.67215,                0.43082,                  1.365,                0.04176,                0.83587,                 0.8388,                0.87103,                0.72326,                0.65951,                0.40226,                 1.4514,                0.04271,               0.005149,               0.005149,               0.005149,                0.67572,                0.62616,                0.68856,                0.66604,                0.63538,                0.73434,                0.65077,                0.38518,                0.14157,                 0.4377,                0.63097,                0.41178,                0.64182,                0.54631,                  1.002,                0.39177,                0.68819,                0.66439,                0.63301,                0.27407,                0.65915,                0.41911,                0.13888,                0.43577,                0.58444,                0.41178,                0.42501,                0.57887,              0.0040712,                 0.1235,                0.65004,                0.58711,                0.31598,                0.48687,                0.26566,                0.73434,                0.73434,                      1
                     51,                0.67438,                0.43399,                 1.3684,                0.04181,                 0.8387,                0.83618,                0.87113,                 0.7236,                0.65945,                0.40148,                 1.4539,                 0.0427,                0.00505,                0.00505,                0.00505,                0.66709,                0.62107,                0.68242,                0.66707,                0.63631,                0.73435,                0.64684,                0.38511,                0.14006,                0.43924,                  0.635,                0.41128,                0.64674,                 0.5485,                 1.0099,                0.39157,                0.68224,                0.66569,                0.63524,                0.27146,                0.65307,                0.41706,                 0.1369,                 0.4383,                0.59445,                0.41128,                 0.4218,                0.57242,              0.0039812,                0.12261,                0.65128,                0.58864,                0.31115,                0.48808,                0.26565,                0.73435,                0.73435,                      1
                     52,                 0.6707,                 0.4294,                 1.3708,                 0.0417,                0.83961,                0.83644,                0.87018,                  0.723,                0.65921,                0.40135,                 1.4547,                0.04269,               0.004951,               0.004951,               0.004951,                0.67317,                0.63295,                0.69677,                0.66516,                0.63415,                0.73055,                0.65456,                0.39162,                0.14065,                0.43799,                0.62952,                0.41096,                0.64317,                 0.5401,                 1.0128,                 0.4051,                0.67423,                0.66248,                0.63228,                0.27713,                0.65157,                 0.4278,                0.13839,                0.43816,                0.58525,                0.41096,                0.42012,                0.59013,              0.0038269,                0.12352,                 0.6489,                0.58642,                0.31671,                0.48459,                0.26945,                0.73055,                0.73055,                      1
                     53,                0.66651,                0.42412,                   1.37,                 0.0418,                0.84002,                0.83325,                0.86926,                0.72191,                0.65949,                 0.4012,                  1.457,                0.04269,               0.004852,               0.004852,               0.004852,                0.67067,                 0.6327,                0.69373,                0.66705,                 0.6367,                0.73388,                0.65165,                0.38288,                 0.1396,                0.43824,                 0.6322,                0.41148,                0.64123,                0.53562,                 1.0114,                0.40109,                0.67598,                0.66402,                 0.6337,                0.27191,                0.65322,                0.42329,                0.13693,                0.43785,                0.58807,                0.41148,                0.41751,                0.59045,              0.0036822,                0.12314,                0.65087,                0.58905,                0.31202,                0.48919,                0.26612,                0.73388,                0.73388,                      1
                     54,                0.66495,                0.42393,                 1.3693,                0.04166,                0.84239,                0.82996,                0.86888,                0.72189,                0.65939,                0.40149,                 1.4569,                0.04268,               0.004753,               0.004753,               0.004753,                0.66975,                0.64152,                0.70774,                0.66615,                0.63501,                0.73112,                0.66225,                0.38986,                0.13883,                0.43589,                0.62442,                0.41316,                 0.6431,                0.53853,                0.99849,                0.39954,                0.68123,                0.66237,                0.63255,                0.27489,                0.65812,                0.42877,                0.13685,                0.43667,                0.57903,                0.41316,                0.41628,                0.59528,              0.0039873,                0.12258,                0.64954,                0.58807,                0.30999,                0.48928,                0.26888,                0.73112,                0.73112,                      1
                     55,                0.66669,                0.42257,                 1.3608,                 0.0416,                0.84207,                0.83021,                0.86918,                0.72207,                0.65913,                0.40151,                 1.4575,                0.04267,               0.004654,               0.004654,               0.004654,                0.66461,                0.61991,                0.68433,                0.66497,                0.63503,                0.73427,                0.65079,                0.38945,                0.14078,                0.43926,                0.62383,                0.41236,                0.64412,                0.55811,                 1.0027,                 0.4058,                0.67254,                0.66209,                0.63182,                0.27259,                0.65192,                0.42964,                0.13847,                0.43799,                 0.5753,                0.41236,                0.41448,                0.59496,              0.0041122,                0.12204,                0.64899,                0.58737,                0.31247,                0.48769,                0.26573,                0.73427,                0.73427,                      1
                     56,                0.66367,                0.42177,                 1.3629,                0.04152,                0.84556,                0.82824,                0.87048,                 0.7227,                0.65882,                0.40077,                 1.4579,                0.04266,               0.004555,               0.004555,               0.004555,                0.66663,                0.64949,                0.71466,                0.66384,                 0.6314,                 0.7339,                0.66559,                0.40029,                0.14044,                0.43552,                0.62489,                0.41087,                0.64279,                0.53026,                 0.9968,                0.39358,                0.68697,                0.66173,                0.63028,                0.27411,                0.65949,                0.43269,                0.13894,                0.43543,                0.58054,                0.41087,                0.41339,                 0.5837,              0.0041247,                0.12211,                0.64708,                0.58748,                0.31619,                0.48532,                 0.2661,                 0.7339,                 0.7339,                      1
                     57,                0.66031,                0.41778,                 1.3591,                0.04174,                 0.8489,                0.82486,                0.86998,                0.72192,                 0.6587,                0.40091,                 1.4578,                0.04265,               0.004456,               0.004456,               0.004456,                0.67491,                0.62732,                0.69329,                0.66618,                0.63701,                0.72981,                0.65482,                0.38234,                0.14072,                0.43936,                0.62586,                 0.4151,                0.64119,                0.55088,                 0.9973,                0.39866,                0.68194,                0.66221,                0.63356,                0.27708,                0.65683,                0.42504,                0.13764,                0.43855,                0.58126,                 0.4151,                 0.4121,                  0.589,              0.0039154,                0.12323,                0.65036,                0.58533,                0.31095,                0.48852,                0.27019,                0.72981,                0.72981,                      1
                     58,                0.66707,                0.42043,                 1.3565,                 0.0416,                0.84594,                0.82917,                 0.8699,                0.72247,                0.65863,                0.40093,                 1.4586,                0.04264,               0.004357,               0.004357,               0.004357,                0.65989,                0.64437,                 0.7096,                0.66483,                0.63415,                0.73591,                0.66413,                0.38729,                0.14069,                0.43617,                0.62833,                0.41045,                0.64026,                0.53741,                 1.0114,                0.39608,                0.68193,                0.66208,                0.63258,                0.27109,                0.65655,                0.42023,                0.13871,                0.43758,                0.58329,                0.41045,                0.41025,                0.58581,              0.0040891,                 0.1217,                0.64877,                0.58487,                0.31542,                0.48292,                0.26409,                0.73591,                0.73591,                      1
                     59,                0.66567,                0.41882,                 1.3691,                0.04167,                0.84528,                0.83029,                0.86956,                0.72196,                0.65862,                0.40102,                 1.4589,                0.04264,               0.004258,               0.004258,               0.004258,                0.66517,                0.61421,                0.68073,                0.66458,                0.63637,                0.73149,                 0.6502,                0.38965,                0.14132,                0.44291,                0.62838,                0.41311,                0.63953,                0.56702,                 1.0103,                0.39349,                 0.6829,                0.66221,                0.63295,                0.27351,                0.65587,                0.42694,                0.13778,                0.43792,                0.58291,                0.41311,                0.40751,                0.58224,              0.0041163,                0.12236,                0.64951,                0.58584,                0.31285,                 0.4871,                0.26851,                0.73149,                0.73149,                      1
                     60,                0.66455,                0.41863,                 1.3596,                0.04169,                0.83845,                0.83469,                0.86977,                0.72245,                0.65867,                0.40093,                 1.4596,                0.04263,               0.004159,               0.004159,               0.004159,                0.66649,                0.64426,                0.70991,                0.66582,                0.63546,                0.72875,                0.66168,                0.38646,                0.14053,                0.43676,                0.63022,                0.41226,                0.63596,                0.53212,                 1.0109,                0.39348,                0.68637,                0.66318,                0.63203,                0.27769,                0.65822,                0.42605,                0.13846,                0.43442,                0.58197,                0.41226,                 0.4069,                 0.5826,              0.0041223,                0.12256,                0.64963,                0.58144,                0.31277,                0.48168,                0.27125,                0.72875,                0.72875,                      1
                     61,                0.65939,                 0.4147,                 1.3557,                0.04168,                0.83669,                 0.8345,                0.86951,                0.72238,                0.65845,                0.40086,                 1.4592,                0.04263,                0.00406,                0.00406,                0.00406,                0.66849,                0.63105,                0.69846,                0.66539,                0.63561,                0.72894,                0.65828,                0.38886,                0.14068,                0.43953,                0.62938,                0.41316,                0.63772,                0.55024,                 1.0054,                0.41758,                0.66283,                0.66173,                0.63266,                0.27702,                0.64869,                0.42746,                0.13905,                0.43937,                0.58204,                0.41316,                0.40716,                0.61067,               0.003957,                0.12265,                 0.6494,                0.58484,                0.31234,                0.48588,                0.27106,                0.72894,                0.72894,                      1
                     62,                0.65516,                0.41175,                 1.3613,                0.04165,                0.83416,                0.83563,                0.86924,                0.72214,                0.65839,                0.40077,                 1.4592,                0.04262,               0.003961,               0.003961,               0.003961,                0.66414,                0.63201,                0.69858,                 0.6663,                0.63493,                0.73224,                0.65881,                0.38869,                0.14147,                0.43633,                0.62863,                0.41192,                0.63874,                0.55005,                 1.0035,                0.38691,                0.69195,                0.66252,                0.63189,                0.27244,                0.66308,                0.42921,                0.13811,                0.43593,                0.58154,                0.41192,                0.40593,                 0.5841,              0.0042128,                  0.122,                0.64948,                0.58284,                0.31373,                0.48236,                0.26776,                0.73224,                0.73224,                      1
                     63,                0.65914,                 0.4133,                  1.364,                 0.0416,                0.83256,                0.83913,                0.86898,                0.72189,                0.65831,                0.40075,                 1.4594,                0.04262,               0.003862,               0.003862,               0.003862,                0.66276,                0.62979,                 0.6943,                0.66389,                0.63526,                0.73186,                0.65461,                0.39237,                0.14035,                0.44117,                0.62566,                0.41256,                0.63721,                0.54629,                 1.0086,                0.39755,                0.67778,                0.66175,                0.63197,                0.27148,                0.65418,                0.42981,                0.13766,                0.43737,                0.58018,                0.41256,                0.40366,                0.58977,              0.0042176,                0.12199,                0.64867,                0.58341,                0.31129,                0.48398,                0.26814,                0.73186,                0.73186,                      1
                     64,                0.65874,                0.41426,                 1.3612,                0.04161,                0.83519,                 0.8358,                0.86902,                0.72192,                0.65829,                0.40086,                 1.4598,                0.04262,               0.003763,               0.003763,               0.003763,                0.65479,                0.63311,                0.69875,                0.66511,                 0.6359,                0.73436,                 0.6588,                0.38447,                 0.1416,                0.43911,                0.62939,                0.41087,                0.63425,                0.54834,                 1.0116,                0.40284,                0.67506,                 0.6616,                0.63265,                 0.2707,                0.65474,                0.42223,                0.13875,                0.43822,                0.58683,                0.41087,                0.40296,                0.59857,              0.0039596,                0.12103,                0.64938,                0.58509,                0.31451,                 0.4838,                0.26564,                0.73436,                0.73436,                      1
                     65,                0.65129,                0.40654,                 1.3553,                0.04156,                0.83707,                0.83579,                0.86903,                0.72209,                0.65818,                0.40078,                 1.4597,                0.04261,               0.003664,               0.003664,               0.003664,                0.65835,                0.64261,                0.70624,                0.66505,                0.63383,                0.73896,                 0.6622,                0.38733,                0.14251,                0.43725,                 0.6297,                0.40881,                0.63356,                0.53751,                 1.0068,                0.41082,                 0.6701,                 0.6613,                 0.6304,                0.26971,                0.65307,                0.42542,                 0.1411,                0.43654,                0.58317,                0.40881,                0.40518,                0.60486,              0.0043419,                0.12134,                0.64824,                0.58724,                0.31804,                 0.4829,                0.26104,                0.73896,                0.73896,                      1
                     66,                0.65132,                0.40648,                 1.3613,                0.04148,                0.83985,                0.83392,                0.86877,                0.72185,                0.65816,                0.40072,                 1.4605,                0.04261,               0.003565,               0.003565,               0.003565,                 0.6565,                0.64436,                0.71081,                0.66416,                  0.633,                0.73429,                0.66523,                0.39351,                0.14058,                0.43638,                0.62577,                0.41077,                0.63345,                0.53927,                 1.0015,                0.40237,                 0.6776,                0.65971,                0.63011,                0.27113,                0.65756,                0.43428,                0.13825,                0.43788,                0.58282,                0.41077,                0.40358,                0.60216,              0.0040493,                0.12092,                0.64735,                0.58706,                0.31411,                0.48546,                0.26571,                0.73429,                0.73429,                      1
                     67,                0.65699,                0.40765,                 1.3499,                0.04145,                0.83971,                0.83371,                0.86862,                0.72182,                0.65803,                0.40069,                 1.4605,                0.04261,               0.003466,               0.003466,               0.003466,                0.65698,                0.62313,                0.68935,                 0.6633,                0.63413,                0.73281,                0.65438,                0.39405,                0.14203,                0.43981,                0.62096,                0.41153,                0.63651,                0.55849,                 1.0019,                0.41112,                0.67047,                0.65836,                0.63007,                0.27254,                0.65542,                0.43738,                0.13829,                0.43896,                0.57755,                0.41153,                0.40316,                0.61414,              0.0040293,                0.12099,                0.64721,                0.58394,                0.31408,                  0.483,                0.26719,                0.73281,                0.73281,                      1
                     68,                0.64946,                0.40289,                 1.3553,                 0.0414,                0.83921,                 0.8345,                0.86897,                0.72205,                 0.6579,                0.40059,                 1.4604,                 0.0426,               0.003367,               0.003367,               0.003367,                0.65453,                0.62211,                0.68989,                0.66218,                0.63358,                0.73267,                0.65614,                 0.3993,                 0.1412,                0.44074,                0.62232,                0.41233,                0.63727,                0.56365,                 1.0003,                 0.4046,                0.67689,                0.65823,                0.62917,                0.27241,                0.65849,                0.44184,                0.13769,                 0.4386,                0.57644,                0.41233,                0.40242,                0.60806,               0.003907,                0.12061,                0.64649,                0.58972,                 0.3131,                0.48977,                0.26733,                0.73267,                0.73267,                      1
                     69,                   0.65,                0.40248,                 1.3543,                0.04148,                0.83874,                0.83553,                0.86918,                0.72227,                0.65785,                0.40074,                   1.46,                 0.0426,               0.003268,               0.003268,               0.003268,                0.65808,                0.65153,                0.71817,                0.66378,                0.63424,                0.72849,                0.66633,                0.39161,                0.14092,                0.43739,                0.62555,                0.41234,                0.63454,                0.52726,                0.99321,                0.40726,                0.67574,                0.65872,                0.63007,                0.27809,                0.65636,                0.43812,                0.13817,                0.43845,                0.57948,                0.41234,                0.40157,                0.60434,              0.0039667,                0.12085,                0.64747,                0.58192,                0.31304,                  0.482,                0.27151,                0.72849,                0.72849,                      1
                     70,                0.64652,                0.39913,                 1.3452,                0.04137,                0.83912,                0.83516,                0.86897,                0.72206,                0.65782,                0.40064,                   1.46,                0.04259,               0.003169,               0.003169,               0.003169,                0.65434,                0.65848,                0.72399,                0.66329,                0.63229,                0.73356,                0.67014,                0.39726,                0.14063,                0.43584,                0.62266,                0.41114,                0.63596,                0.52188,                0.98743,                0.40895,                0.67248,                 0.6584,                0.62785,                0.27396,                0.65412,                 0.4404,                0.13825,                 0.4357,                0.57918,                0.41114,                0.40197,                0.60357,              0.0038536,                0.12016,                0.64623,                 0.5834,                0.31493,                0.48166,                0.26644,                0.73356,                0.73356,                      1
                     71,                0.64639,                0.40127,                 1.3536,                0.04146,                0.84366,                0.83057,                  0.869,                 0.7224,                0.65772,                0.40044,                 1.4603,                0.04259,                0.00307,                0.00307,                0.00307,                0.65857,                0.63927,                 0.7054,                0.66321,                0.63439,                0.72912,                0.66025,                0.39578,                0.14114,                0.44033,                0.62538,                0.41267,                0.63275,                0.53874,                0.99325,                0.41643,                0.66582,                0.65844,                 0.6295,                 0.2774,                0.65116,                0.43966,                0.13957,                0.43813,                 0.5777,                0.41267,                0.40273,                 0.6117,              0.0040599,                0.12092,                0.64719,                0.58313,                0.31415,                0.48403,                0.27088,                0.72912,                0.72912,                      1
                     72,                0.64453,                0.39704,                 1.3481,                0.04141,                0.84343,                0.83144,                0.86897,                0.72222,                0.65774,                0.40039,                 1.4604,                0.04258,               0.002971,               0.002971,               0.002971,                0.65652,                0.63454,                0.70415,                0.66266,                0.63379,                0.72818,                0.66277,                0.39957,                0.14127,                0.43976,                 0.6179,                0.41351,                0.63228,                0.55192,                0.99674,                0.42089,                0.66603,                0.65849,                0.63023,                0.27901,                0.65522,                0.44059,                0.13963,                0.43943,                0.57193,                0.41351,                0.40322,                0.62624,              0.0041878,                0.12076,                0.64694,                0.58207,                0.31324,                0.48393,                0.27182,                0.72818,                0.72818,                      1
                     73,                0.64143,                0.39416,                 1.3526,                0.04144,                 0.8425,                0.83272,                0.86919,                 0.7227,                0.65773,                0.40009,                 1.4606,                0.04258,               0.002872,               0.002872,               0.002872,                0.65729,                0.62702,                0.69216,                 0.6631,                0.63421,                0.73181,                0.65423,                0.39471,                 0.1417,                0.43966,                0.62028,                0.41249,                0.63016,                0.55074,                0.98249,                 0.4094,                  0.672,                0.65987,                 0.6307,                0.27541,                0.65363,                0.43346,                0.13905,                0.43714,                0.57921,                0.41249,                0.40374,                 0.6035,              0.0039293,                0.12039,                0.64753,                0.58578,                0.31311,                0.48656,                0.26819,                0.73181,                0.73181,                      1
                     74,                0.63977,                0.39324,                 1.3488,                0.04133,                0.84696,                 0.8273,                0.86902,                0.72265,                0.65755,                0.40017,                 1.4607,                0.04258,               0.002773,               0.002773,               0.002773,                0.64935,                0.63989,                0.70701,                0.66258,                 0.6333,                0.73314,                0.66364,                0.39898,                0.14063,                0.43873,                0.61609,                0.41198,                0.62988,                0.54449,                0.98674,                0.41258,                0.66956,                0.65886,                0.62957,                0.27323,                0.65452,                0.43995,                0.13864,                0.43839,                0.57205,                0.41198,                 0.4023,                 0.6132,              0.0039334,                0.11947,                 0.6467,                0.58746,                 0.3139,                0.48742,                0.26686,                0.73314,                0.73314,                      1
                     75,                0.64031,                0.39322,                  1.347,                0.04146,                0.84628,                0.82767,                0.86896,                0.72253,                 0.6575,                0.40006,                 1.4606,                0.04257,               0.002674,               0.002674,               0.002674,                0.65155,                0.63501,                0.70089,                0.66363,                 0.6352,                0.73318,                0.65957,                0.39243,                0.14142,                0.44061,                0.62725,                0.41258,                0.63002,                0.54602,                0.99432,                 0.4251,                0.65653,                0.65877,                0.63072,                0.27323,                  0.648,                0.43691,                0.14026,                0.44107,                0.58188,                0.41258,                0.40314,                0.62455,              0.0039539,                0.12002,                0.64786,                 0.5858,                0.31323,                0.48641,                0.26682,                0.73318,                0.73318,                      1
                     76,                0.63789,                0.39099,                 1.3438,                0.04146,                0.84469,                0.82987,                0.86872,                0.72258,                0.65744,                0.40013,                 1.4608,                0.04257,               0.002575,               0.002575,               0.002575,                0.65422,                0.64237,                0.71023,                0.66451,                 0.6351,                0.72854,                0.66395,                0.38999,                0.14078,                0.43785,                0.62485,                0.41331,                0.62872,                0.53976,                0.97539,                0.40333,                0.68226,                0.66048,                0.63075,                0.28073,                0.65913,                0.43181,                0.13945,                0.43512,                0.57545,                0.41331,                0.40442,                0.59706,              0.0042689,                0.11974,                0.64841,                0.58322,                  0.311,                0.48439,                0.27146,                0.72854,                0.72854,                      1
                     77,                0.63713,                0.39031,                 1.3397,                0.04136,                0.83955,                0.83273,                0.86852,                0.72232,                0.65751,                 0.4001,                 1.4606,                0.04257,               0.002476,               0.002476,               0.002476,                  0.648,                0.63649,                0.70252,                0.66277,                  0.634,                0.73659,                0.66186,                0.39592,                0.14234,                0.44132,                0.62234,                0.41049,                0.62914,                0.54815,                0.98715,                0.40673,                0.67664,                0.65824,                0.62936,                0.27071,                0.65929,                0.43926,                0.13986,                0.43845,                0.57989,                0.41049,                0.40456,                0.61079,              0.0039141,                0.11931,                0.64686,                0.58397,                0.31739,                0.48191,                0.26341,                0.73659,                0.73659,                      1
                     78,                0.63716,                0.38801,                 1.3442,                0.04139,                0.84715,                0.82795,                0.86841,                0.72246,                0.65742,                0.40006,                 1.4608,                0.04256,               0.002377,               0.002377,               0.002377,                0.65148,                0.65216,                0.72038,                0.66309,                0.63423,                0.73226,                0.67059,                0.39747,                0.14014,                0.43842,                0.62565,                0.41246,                0.62667,                0.53443,                0.97883,                0.40155,                0.68499,                0.65809,                0.62967,                0.27577,                0.66403,                0.43994,                0.13875,                 0.4368,                0.57698,                0.41246,                 0.4056,                 0.6067,              0.0042115,                0.11949,                0.64707,                0.58455,                0.31294,                0.48517,                0.26774,                0.73226,                0.73226,                      1
                     79,                0.63758,                0.38935,                 1.3432,                0.04141,                0.84012,                0.83483,                0.86834,                0.72221,                0.65734,                0.39993,                 1.4607,                0.04256,               0.002278,               0.002278,               0.002278,                0.65163,                0.63211,                0.70095,                0.66297,                0.63558,                0.72573,                0.65956,                  0.393,                0.14197,                0.44123,                0.62332,                0.41414,                0.62688,                0.55004,                0.98206,                0.43033,                0.65679,                0.65743,                0.63122,                0.28106,                0.65083,                  0.439,                0.13987,                0.44289,                0.57854,                0.41414,                0.40559,                0.63506,              0.0039099,                0.11962,                0.64763,                 0.5807,                0.31269,                 0.4835,                0.27427,                0.72573,                0.72573,                      1
                     80,                0.63179,                0.38639,                 1.3415,                0.04146,                0.84489,                0.82879,                0.86773,                0.72181,                0.65735,                0.39992,                 1.4607,                0.04256,               0.002179,               0.002179,               0.002179,                 0.6515,                0.64353,                0.71051,                0.66373,                 0.6352,                0.73197,                0.66464,                0.38966,                0.14189,                0.44038,                0.62776,                0.41155,                0.62607,                0.53938,                0.99097,                0.39918,                0.68216,                0.65881,                0.62974,                0.27332,                 0.6604,                 0.4367,                0.13891,                0.43789,                0.58512,                0.41155,                 0.4045,                0.60096,              0.0037291,                 0.1199,                0.64774,                0.58564,                0.31607,                0.48477,                0.26803,                0.73197,                0.73197,                      1
                     81,                0.63142,                0.38173,                 1.3474,                0.04128,                0.83848,                0.83542,                0.86789,                0.72179,                0.65737,                0.40004,                 1.4608,                0.04255,                0.00208,                0.00208,                0.00208,                0.65202,                0.62852,                0.69841,                0.66096,                0.63294,                0.72625,                0.65968,                0.40171,                0.14219,                0.44069,                0.62106,                0.41341,                0.62627,                0.55692,                0.98035,                0.42916,                0.65925,                0.65509,                0.62804,                0.28083,                0.65307,                0.44832,                0.13919,                0.44123,                0.57541,                0.41341,                0.40479,                0.63669,              0.0038018,                0.11961,                0.64516,                0.58163,                0.31436,                0.48282,                0.27375,                0.72625,                0.72625,                      1
                     82,                0.63378,                0.38452,                 1.3386,                0.04139,                0.84352,                0.83128,                0.86757,                0.72134,                0.65737,                    0.4,                 1.4609,                0.04255,               0.001981,               0.001981,               0.001981,                0.64736,                0.63874,                0.70754,                0.66291,                0.63522,                0.72863,                 0.6637,                0.39236,                0.14154,                0.44037,                0.62476,                0.41275,                0.62461,                0.54597,                0.98729,                0.40315,                0.68153,                0.65809,                0.62976,                0.27832,                0.66041,                 0.4376,                0.13876,                0.43747,                0.58135,                0.41275,                 0.4044,                0.60371,              0.0039485,                0.11922,                0.64735,                0.58411,                0.31384,                0.48519,                0.27137,                0.72863,                0.72863,                      1
                     83,                0.62788,                0.37883,                 1.3341,                0.04132,                0.84348,                0.83146,                0.86754,                0.72167,                 0.6573,                0.40003,                 1.4609,                0.04254,               0.001882,               0.001882,               0.001882,                0.64867,                0.64471,                0.71393,                0.66244,                0.63369,                0.72751,                0.66656,                0.39768,                0.14175,                0.43884,                0.61951,                0.41312,                0.62424,                0.54009,                0.97507,                0.40411,                0.68197,                0.65885,                0.62918,                0.28073,                0.66029,                0.43664,                0.13919,                0.43607,                0.57658,                0.41312,                0.40483,                0.60243,              0.0037559,                0.11899,                0.64672,                0.58188,                0.31374,                0.48286,                0.27249,                0.72751,                0.72751,                      1
                     84,                0.62942,                0.38132,                 1.3404,                 0.0414,                0.84247,                0.83201,                 0.8671,                0.72172,                 0.6573,                0.40013,                 1.4611,                0.04254,               0.001783,               0.001783,               0.001783,                 0.6463,                0.63874,                0.70679,                 0.6634,                0.63402,                 0.7321,                0.66405,                0.39886,                0.14094,                0.44007,                0.62763,                0.41202,                0.62411,                0.54725,                0.98417,                0.41227,                0.67327,                0.65932,                0.62976,                0.27619,                0.65713,                0.44056,                0.13772,                0.43831,                0.58774,                0.41202,                0.40505,                0.61303,              0.0037663,                0.11898,                0.64732,                 0.5863,                0.31311,                0.48639,                 0.2679,                 0.7321,                 0.7321,                      1
                     85,                0.63023,                0.38022,                 1.3373,                0.04128,                0.84221,                0.83182,                0.86693,                0.72131,                0.65733,                0.40035,                 1.4611,                0.04254,               0.001684,               0.001684,               0.001684,                0.64788,                0.64792,                0.71434,                0.66268,                0.63217,                0.73632,                0.66773,                0.39962,                0.14212,                0.43765,                0.62165,                0.41011,                0.62375,                0.53757,                0.98214,                0.39985,                0.68494,                0.65699,                0.62684,                0.27109,                0.66445,                0.44712,                0.13847,                0.43591,                0.57821,                0.41011,                0.40498,                0.60722,              0.0038614,                0.11912,                0.64559,                0.58638,                0.31682,                0.48429,                0.26368,                0.73632,                0.73632,                      1
                     86,                0.62393,                0.37611,                  1.337,                0.04129,                0.84223,                 0.8303,                0.86683,                0.72131,                0.65741,                0.40054,                 1.4611,                0.04254,               0.001585,               0.001585,               0.001585,                0.64784,                0.64997,                0.72027,                0.66216,                0.63371,                0.73124,                0.67217,                0.40078,                0.14063,                0.43902,                0.61821,                0.41333,                0.62137,                0.54131,                0.97706,                  0.413,                0.67494,                0.65723,                0.62876,                0.27622,                0.66088,                0.44571,                0.13819,                0.43883,                0.57328,                0.41333,                0.40507,                0.62262,               0.003702,                0.11895,                0.64629,                0.58704,                0.31339,                 0.4888,                0.26876,                0.73124,                0.73124,                      1
                     87,                0.62284,                0.37414,                 1.3303,                0.04123,                0.84145,                0.83005,                 0.8665,                0.72089,                 0.6574,                0.40055,                 1.4614,                0.04253,               0.001486,               0.001486,               0.001486,                0.64655,                0.65841,                0.72756,                0.66122,                0.63181,                0.73151,                0.67452,                0.40392,                0.14098,                 0.4367,                0.62031,                0.41198,                 0.6217,                   0.53,                0.97932,                0.41346,                0.67518,                0.65639,                0.62826,                0.27658,                0.66122,                0.44582,                  0.139,                0.43944,                 0.5738,                0.41198,                0.40425,                0.62321,               0.003652,                0.11885,                0.64512,                0.58568,                0.31539,                0.48522,                0.26849,                0.73151,                0.73151,                      1
                     88,                0.62191,                0.37458,                 1.3383,                0.04131,                0.84234,                 0.8305,                0.86638,                0.72108,                0.65746,                0.40074,                 1.4616,                0.04253,               0.001387,               0.001387,               0.001387,                0.64233,                0.65388,                0.72325,                0.66235,                0.63483,                0.72861,                0.67144,                0.39734,                0.14027,                0.44067,                0.62492,                0.41292,                 0.6215,                0.53237,                0.97544,                0.40603,                0.68107,                0.65772,                0.62894,                0.27934,                0.66145,                0.44301,                0.13726,                0.43696,                 0.5818,                0.41292,                0.40406,                0.60879,              0.0037505,                0.11816,                0.64684,                0.58328,                0.31181,                0.48431,                0.27139,                0.72861,                0.72861,                      1
                     89,                0.62019,                0.37143,                  1.335,                0.04127,                0.84323,                0.82928,                0.86628,                0.72085,                0.65752,                0.40073,                 1.4619,                0.04252,               0.001288,               0.001288,               0.001288,                0.64359,                0.66048,                  0.728,                0.66288,                0.63363,                0.73425,                0.67434,                0.39447,                0.14167,                0.43803,                0.62029,                0.41097,                0.62007,                0.52607,                0.96538,                0.40918,                0.68066,                0.65742,                0.62866,                0.27669,                0.66293,                0.44083,                 0.1391,                0.43701,                0.57941,                0.41097,                 0.4046,                0.61394,              0.0038747,                0.11799,                0.64651,                0.58473,                0.31513,                0.48289,                0.26575,                0.73425,                0.73425,                      1
                     90,                0.61727,                0.37032,                 1.3297,                0.04125,                0.83945,                0.83139,                0.86588,                0.72066,                 0.6575,                0.40079,                  1.462,                0.04252,               0.001189,               0.001189,               0.001189,                0.64183,                0.65313,                0.72239,                 0.6625,                0.63363,                0.73521,                0.67387,                0.40104,                0.14062,                0.43868,                0.62379,                0.41128,                0.61899,                0.53916,                0.96965,                0.41207,                 0.6763,                0.65585,                0.62858,                0.27398,                0.66157,                 0.4481,                0.13831,                0.43887,                0.57631,                0.41128,                0.40484,                0.62067,              0.0037896,                 0.1179,                0.64611,                0.58666,                0.31467,                0.48609,                0.26479,                0.73521,                0.73521,                      1
                     91,                0.61773,                0.36818,                 1.3289,                 0.0412,                0.83939,                0.83046,                0.86529,                0.72015,                0.65747,                0.40095,                 1.4623,                0.04252,                0.00109,                0.00109,                0.00109,                0.64137,                0.64891,                  0.718,                0.66095,                0.63401,                0.73177,                0.67013,                0.40032,                0.14049,                0.44081,                0.61747,                0.41353,                0.61804,                0.53956,                0.96437,                0.41213,                0.67541,                0.65603,                0.62898,                0.27763,                0.65898,                0.44458,                0.13781,                0.43892,                0.57344,                0.41353,                0.40447,                0.61418,               0.003755,                0.11766,                0.64582,                0.58406,                0.31266,                 0.4863,                0.26823,                0.73177,                0.73177,                      1
                     92,                0.61568,                0.36471,                 1.3314,                0.04116,                0.84178,                0.82839,                0.86494,                0.71998,                0.65744,                0.40127,                 1.4624,                0.04251,               0.000991,               0.000991,               0.000991,                0.63957,                0.65548,                0.72465,                0.66251,                0.63193,                0.73234,                0.67356,                0.39976,                0.14034,                0.43773,                0.62153,                0.41156,                0.61853,                0.53378,                0.95578,                0.40964,                0.68081,                0.65667,                0.62655,                0.27896,                0.66275,                 0.4478,                0.13788,                0.43622,                0.57388,                0.41156,                0.40463,                0.61331,              0.0039203,                0.11713,                0.64535,                0.58336,                0.31338,                0.48223,                0.26766,                0.73234,                0.73234,                      1
                     93,                0.61316,                0.36303,                 1.3299,                0.04116,                0.83906,                0.83178,                0.86465,                0.71987,                0.65752,                0.40137,                 1.4626,                 0.0425,               0.000892,               0.000892,               0.000892,                0.64072,                0.65233,                0.72512,                0.66044,                0.63204,                0.72844,                0.67565,                0.40384,                0.14078,                0.43832,                0.62201,                0.41283,                 0.6182,                0.54294,                0.96456,                0.41802,                0.67381,                0.65631,                0.62792,                0.28313,                0.65902,                0.44177,                0.14005,                0.43733,                0.57471,                0.41283,                0.40547,                0.61936,              0.0040026,                0.11758,                0.64487,                0.58135,                0.31485,                 0.4816,                0.27156,                0.72844,                0.72844,                      1
                     94,                0.61354,                0.36428,                 1.3281,                0.04112,                0.83886,                0.83052,                0.86441,                0.71987,                0.65748,                0.40145,                 1.4628,                 0.0425,               0.000793,               0.000793,               0.000793,                 0.6395,                0.64349,                0.71439,                0.66057,                0.63254,                 0.7295,                0.66931,                0.40293,                0.14202,                0.43996,                0.61541,                0.41228,                 0.6184,                0.54774,                0.95811,                 0.4224,                 0.6682,                0.65553,                0.62758,                0.28166,                0.65588,                0.44958,                0.13944,                0.43986,                0.57543,                0.41228,                0.40526,                0.62268,              0.0037462,                 0.1172,                0.64489,                0.58108,                 0.3162,                0.48116,                 0.2705,                 0.7295,                 0.7295,                      1
                     95,                 0.6127,                0.36454,                 1.3254,                 0.0412,                0.83724,                0.83136,                0.86405,                 0.7198,                0.65752,                0.40154,                 1.4632,                0.04249,               0.000694,               0.000694,               0.000694,                0.64331,                0.66079,                0.73017,                 0.6628,                0.63199,                0.73415,                0.67716,                0.39958,                0.14105,                0.43719,                0.61692,                0.41034,                0.61811,                0.53078,                0.96391,                0.40967,                0.67949,                0.65715,                0.62784,                0.27604,                0.66259,                0.44422,                0.13921,                0.43901,                0.57174,                0.41034,                0.40452,                0.61595,              0.0036395,                 0.1179,                0.64576,                0.58404,                0.31739,                0.48148,                0.26585,                0.73415,                0.73415,                      1
                     96,                0.60807,                0.35871,                 1.3257,                0.04111,                0.83755,                0.83068,                0.86378,                0.71957,                0.65758,                0.40183,                 1.4637,                0.04249,               0.000595,               0.000595,               0.000595,                0.64142,                0.66103,                 0.7298,                0.66125,                0.63099,                0.72926,                0.67414,                0.40541,                0.14078,                0.43684,                0.61583,                0.41148,                0.61756,                 0.5242,                0.95343,                0.41008,                0.68306,                0.65655,                0.62651,                0.28401,                  0.663,                0.44738,                 0.1389,                0.43611,                0.57475,                0.41148,                0.40509,                0.60897,              0.0036126,                 0.1173,                0.64459,                0.58231,                0.31487,                0.48131,                0.27074,                0.72926,                0.72926,                      1
                     97,                0.60524,                0.35749,                 1.3203,                0.04121,                0.83564,                0.83086,                0.86353,                 0.7193,                0.65764,                0.40183,                 1.4642,                0.04248,               0.000496,               0.000496,               0.000496,                0.64082,                0.65563,                0.72544,                0.66276,                0.63292,                0.73139,                0.67413,                0.39852,                0.14009,                0.43759,                0.62115,                0.41203,                0.61679,                0.53444,                 0.9599,                0.42155,                0.66924,                0.65596,                0.62833,                0.27934,                0.65775,                0.44706,                0.13807,                0.44099,                0.57852,                0.41203,                0.40487,                0.62648,              0.0035817,                0.11744,                0.64594,                0.58375,                0.31231,                0.48361,                0.26861,                0.73139,                0.73139,                      1
                     98,                0.60783,                0.35765,                 1.3318,                0.04112,                0.83933,                0.82721,                0.86322,                0.71939,                0.65768,                0.40185,                 1.4645,                0.04248,               0.000397,               0.000397,               0.000397,                0.63848,                0.63845,                0.71137,                0.66033,                0.63307,                  0.727,                0.66888,                0.40376,                0.14127,                 0.4414,                 0.6192,                0.41364,                0.61681,                0.55572,                0.95736,                0.42179,                0.67136,                0.65428,                0.62776,                0.28221,                0.66129,                0.45232,                0.13786,                0.44193,                0.57496,                0.41364,                0.40453,                0.63448,              0.0036134,                0.11704,                 0.6448,                0.58359,                0.31369,                0.48538,                  0.273,                  0.727,                  0.727,                      1
                     99,                  0.606,                0.35663,                 1.3246,                 0.0411,                0.83951,                0.82685,                 0.8629,                0.71912,                0.65768,                0.40193,                  1.465,                0.04248,               0.000298,               0.000298,               0.000298,                0.63606,                0.64953,                0.71543,                0.66127,                0.63081,                0.73789,                 0.6684,                0.40266,                 0.1416,                0.43811,                0.62291,                0.40886,                0.61654,                  0.536,                0.96251,                0.41206,                0.67512,                0.65568,                0.62535,                0.27312,                 0.6588,                0.45197,                0.13823,                0.43693,                0.57767,                0.40886,                0.40442,                0.61285,               0.003681,                0.11689,                 0.6442,                0.58636,                0.31748,                0.48223,                0.26211,                0.73789,                0.73789,                      1
                    100,                 0.6056,                0.35783,                 1.3207,                0.04113,                 0.8366,                0.82818,                 0.8625,                0.71872,                 0.6577,                0.40205,                 1.4653,                0.04247,               0.000199,               0.000199,               0.000199,                0.63563,                0.63499,                0.70507,                0.66138,                0.63293,                0.73418,                0.66613,                0.40033,                0.14178,                 0.4409,                0.61955,                0.41133,                0.61649,                0.55857,                0.95379,                0.41863,                0.67241,                0.65672,                 0.6274,                0.27752,                0.65929,                0.44786,                0.13789,                0.43772,                0.57423,                0.41133,                0.40435,                0.62306,              0.0037118,                0.11654,                0.64546,                0.58621,                0.31529,                0.48531,                0.26582,                0.73418,                0.73418,                      1
