                  epoch,         train/box_loss,         train/cls_loss,         train/dfl_loss,train/object_reliability_loss,   metrics/precision(B),      metrics/recall(B),       metrics/mAP50(B),    metrics/mAP50-95(B),           val/box_loss,           val/cls_loss,           val/dfl_loss,val/object_reliability_loss,                 lr/pg0,                 lr/pg1,                 lr/pg2,p2/P3_gate_direction_loss,    p2/P3_ir_win_recall,p2/P3_object_balanced_loss,p2/P3_object_calibrated_loss,p2/P3_object_hard_winner_loss,p2/P3_object_prompt_accuracy,p2/P3_object_prompt_correlation,p2/P3_object_prompt_mae,p2/P3_object_prompt_rgb, p2/P3_object_rank_loss,p2/P3_object_target_rgb,   p2/P3_rgb_win_recall,p2/P4_gate_direction_loss,    p2/P4_ir_win_recall,p2/P4_object_balanced_loss,p2/P4_object_calibrated_loss,p2/P4_object_hard_winner_loss,p2/P4_object_prompt_accuracy,p2/P4_object_prompt_correlation,p2/P4_object_prompt_mae,p2/P4_object_prompt_rgb, p2/P4_object_rank_loss,p2/P4_object_target_rgb,   p2/P4_rgb_win_recall,p2/P5_gate_direction_loss,    p2/P5_ir_win_recall,p2/P5_object_balanced_loss,p2/P5_object_calibrated_loss,p2/P5_object_hard_winner_loss,p2/P5_object_prompt_accuracy,p2/P5_object_prompt_correlation,p2/P5_object_prompt_mae,p2/P5_object_prompt_rgb, p2/P5_object_rank_loss,p2/P5_object_target_rgb,   p2/P5_rgb_win_recall,p2/object_cross_scale_consistency,p2/object_gate_raw_loss,p2/object_prompt_raw_loss,  p2/teacher_ir_quality,p2/teacher_relative_margin, p2/teacher_rgb_quality,p2/teacher_rgb_win_rate, p2/teacher_ir_win_rate,p2/teacher_majority_baseline,p2/object_reliability_warmup_factor
                      1,                 1.3357,                 1.5295,                 1.5377,                0.02345,                0.36377,                0.57806,                0.44391,                0.30219,                 1.0223,                0.87279,                 1.5032,                0.02344,               0.070106,              0.0033215,              0.0033215,                      0,                0.95889,                0.69318,                0.69311,                0.69315,                0.70651,               0.034675,                0.15811,                0.49987,                0.69314,                0.41359,               0.039593,                      0,                0.96348,                0.69315,                0.69253,                0.69312,                0.70864,                0.03182,                0.15764,                0.49877,                0.69311,                0.41359,               0.035216,                      0,                0.96348,                0.69316,                0.69209,                0.69314,                0.70864,             -0.0015259,                0.15728,                0.49785,                0.69311,                0.41359,               0.035216,              3.032e-06,                      0,                 1.0107,                0.57858,                0.31632,                0.47969,                0.27453,                0.72547,                0.72547,                    0.2
                      2,                 1.0622,                0.88785,                 1.4131,                0.04686,                0.57582,                0.67725,                0.62648,                0.46732,                0.83415,                0.66005,                 1.4489,                0.04683,                0.04004,               0.006589,               0.006589,                      0,                0.99998,                0.69311,                0.69198,                0.69311,                 0.7284,               0.049001,                0.15748,                0.49771,                0.69307,                0.41238,             0.00016022,                      0,                      1,                0.69323,                 0.6859,                0.69315,                0.72836,               0.070777,                 0.1531,                 0.4851,                0.69244,                0.41238,                      0,                      0,                      1,                0.69372,                0.68404,                0.69374,                0.72836,               0.016208,                 0.1518,                0.48025,                0.69293,                0.41238,                      0,             0.00012984,                      0,                 1.0097,                0.57974,                0.31685,                0.47904,                0.27164,                0.72836,                0.72836,                    0.4
                      3,                0.89923,                0.69711,                 1.4062,                0.07013,                0.64933,                0.68812,                0.67977,                0.51802,                0.79915,                0.58347,                  1.559,                 0.0701,              0.0099086,              0.0097904,              0.0097904,                      0,                      1,                0.69366,                0.68413,                0.69354,                0.73011,               0.062409,                0.15084,                0.48063,                0.69242,                0.41206,             4.4649e-05,                      0,                0.98945,                0.69308,                0.67761,                0.69166,                 0.7279,                0.14977,                0.14699,                0.46892,                0.68813,                0.41206,                0.02039,                      0,                      1,                0.69422,                 0.6813,                0.69413,                 0.7301,               0.021815,                0.14884,                 0.4738,                0.69286,                0.41206,                      0,             0.00012782,                      0,                 1.0075,                0.58341,                0.31463,                0.48316,                 0.2699,                 0.7301,                 0.7301,                    0.6
                      4,                0.81577,                0.61027,                 1.4287,                0.09146,                 0.6794,                0.72177,                0.71125,                0.54639,                0.78173,                 0.5619,                 1.5384,                0.09156,               0.009703,               0.009703,               0.009703,                      0,                0.99999,                0.69488,                0.67794,                0.69434,                0.73616,               0.071026,                0.14834,                0.46645,                0.69165,                0.41068,             0.00013976,                      0,                0.72386,                 0.6792,                 0.6634,                0.63239,                0.66009,                0.30072,                0.15982,                0.46504,                0.62851,                0.41068,                0.48218,                      0,                0.99857,                0.69439,                0.68158,                0.69402,                0.73596,               0.019528,                0.15029,                 0.4746,                0.69278,                0.41068,              0.0033388,              0.0068497,                      0,                0.98603,                0.58712,                0.31808,                0.48547,                0.26387,                0.73613,                0.73613,                    0.8
                      5,                0.80169,                 0.5865,                 1.4173,                0.11213,                0.71233,                0.72604,                0.74273,                0.58048,                0.75009,                0.53204,                 1.5223,                0.11456,               0.009604,               0.009604,               0.009604,                      0,                0.99999,                0.69491,                0.67847,                0.69426,                 0.7254,               0.079107,                0.14847,                0.46605,                0.69159,                0.41417,             0.00014583,                      0,                0.63488,                0.67777,                0.66794,                0.57168,                0.64229,                0.36562,                0.18194,                0.46361,                0.59806,                0.41417,                0.66184,                      0,                0.98267,                0.69414,                0.68225,                0.69336,                0.72112,               0.039148,                0.15034,                0.47547,                0.69189,                0.41417,               0.030304,               0.017136,                      0,                0.96612,                0.57984,                0.31694,                0.48256,                0.27463,                0.72537,                0.72537,                      1
                      6,                 0.7827,                0.56315,                 1.4045,                0.11111,                0.73678,                0.70468,                0.74791,                0.57905,                0.76787,                0.54219,                 1.5026,                0.11438,               0.009505,               0.009505,               0.009505,                      0,                0.99998,                0.69495,                0.67649,                0.69407,                0.73651,               0.098533,                0.14659,                0.46338,                0.69076,                0.41059,             0.00022886,                      0,                0.63001,                 0.6761,                0.66437,                0.55505,                0.64349,                 0.3961,                0.18373,                0.46391,                 0.5782,                0.41059,                0.68117,                      0,                0.85661,                0.69017,                0.67641,                0.68289,                0.69061,                0.13757,                0.14881,                0.47239,                0.67683,                0.41059,                0.22671,               0.019245,                      0,                0.95785,                0.58711,                0.31611,                0.48511,                0.26353,                0.73647,                0.73647,                      1
                      7,                0.77282,                0.55499,                 1.4011,                0.10979,                0.70032,                0.71881,                0.72986,                0.57405,                0.74455,                 0.5432,                 1.4883,                  0.113,               0.009406,               0.009406,               0.009406,                      0,                0.99997,                0.69475,                0.67573,                0.69377,                0.72968,                  0.114,                 0.1444,                  0.461,                0.69015,                0.41298,             0.00031201,                      0,                0.63472,                0.67669,                0.66485,                 0.5497,                0.64831,                0.40285,                0.18393,                0.46451,                0.58907,                0.41298,                  0.685,                      0,                 0.6752,                0.68498,                 0.6714,                0.62238,                0.64653,                0.27444,                0.16901,                0.47078,                0.63369,                0.41298,                0.56919,               0.022106,                      0,                0.94547,                 0.5836,                0.31135,                0.48415,                0.27038,                0.72962,                0.72962,                      1
                      8,                0.76835,                0.54574,                 1.3962,                0.10872,                0.73221,                0.70148,                0.74992,                0.58816,                 0.7438,                0.52533,                 1.4974,                0.11204,               0.009307,               0.009307,               0.009307,                      0,                0.99788,                0.69426,                0.67304,                0.69267,                 0.7354,                0.14566,                0.14596,                0.45768,                0.68776,                0.40945,              0.0077475,                      0,                  0.636,                0.67367,                0.66152,                0.53976,                0.65105,                0.41386,                0.18568,                0.46126,                0.58231,                0.40945,                0.69276,                      0,                0.68986,                0.68368,                0.66715,                0.59487,                0.66084,                0.32338,                0.17558,                0.46452,                0.62062,                0.40945,                0.58038,               0.024364,                      0,                0.93595,                0.58339,                 0.3171,                0.47906,                0.26509,                0.73491,                0.73491,                      1
                      9,                0.76556,                 0.5441,                 1.3922,                0.10365,                0.72725,                0.73387,                0.75069,                0.59471,                0.73969,                 0.5123,                  1.494,                0.10893,               0.009208,               0.009208,               0.009208,                      0,                0.70039,                0.68244,                0.66857,                0.62796,                0.65021,                 0.2977,                0.16404,                0.46673,                0.64226,                0.41104,                0.51054,                      0,                0.64164,                0.67568,                0.66423,                0.54266,                0.65406,                0.40878,                0.18516,                0.45964,                0.58347,                0.41104,                0.68862,                      0,                0.70227,                0.68261,                0.66751,                 0.5853,                 0.6715,                0.33237,                0.17652,                 0.4616,                0.61045,                0.41104,                0.58586,               0.019664,                      0,                0.89167,                0.58587,                0.31775,                 0.4845,                0.26432,                0.73568,                0.73568,                      1
                     10,                 0.7638,                0.54066,                 1.3966,                0.09863,                0.74507,                0.74554,                0.77519,                0.61756,                0.72234,                0.49794,                 1.4738,                0.10583,               0.009109,               0.009109,               0.009109,                      0,                0.65938,                0.67915,                0.66616,                0.57277,                0.65089,                 0.3722,                0.17772,                0.45893,                0.60556,                0.41079,                0.62765,                      0,                0.64738,                0.67249,                0.65978,                0.53079,                0.65872,                0.42818,                0.18475,                0.45958,                0.56941,                0.41079,                0.68978,                      0,                0.70961,                0.68131,                0.66504,                0.57044,                0.67965,                0.36021,                0.17889,                0.46152,                0.60226,                0.41079,                0.59761,               0.017713,                      0,                0.84757,                0.58406,                0.31827,                0.48249,                0.26755,                0.73245,                0.73245,                      1
                     11,                0.75299,                 0.5273,                 1.3956,                0.09801,                0.78095,                0.76282,                0.80459,                 0.6426,                0.70837,                0.47662,                 1.4797,                0.10411,                0.00901,                0.00901,                0.00901,                      0,                0.66929,                0.68041,                0.66814,                0.56466,                0.65818,                0.37495,                0.17968,                0.45698,                0.60485,                0.41128,                0.62786,                      0,                0.65292,                0.67359,                0.66188,                0.53165,                0.66216,                0.42272,                0.18488,                0.45822,                0.56913,                0.41128,                0.68736,                      0,                0.70881,                0.68077,                0.66622,                0.56272,                0.68138,                0.36453,                0.18165,                0.45881,                0.59418,                0.41128,                0.60651,               0.017078,                      0,                0.84171,                0.58568,                0.31684,                  0.484,                0.26814,                0.73186,                0.73186,                      1
                     12,                 0.7515,                 0.5227,                 1.3867,                0.09761,                 0.7516,                0.76453,                0.79044,                0.63283,                0.71058,                0.48288,                 1.4758,                0.10318,               0.008911,               0.008911,               0.008911,                      0,                0.66479,                0.68374,                0.67277,                0.55999,                0.65705,                0.37221,                0.18163,                0.45971,                0.60471,                0.41254,                0.63612,                      0,                0.64427,                 0.6768,                0.66646,                0.52847,                0.65859,                0.41848,                0.18732,                0.46247,                0.57349,                0.41254,                0.69731,                      0,                 0.7083,                0.68392,                0.67026,                0.55374,                0.68348,                0.36608,                0.18316,                0.46127,                0.59596,                0.41254,                0.61635,               0.017209,                      0,                0.83737,                0.58096,                0.31278,                0.48099,                0.26996,                0.73004,                0.73004,                      1
                     13,                 0.7459,                0.51782,                 1.3918,                0.09739,                  0.768,                0.77611,                0.81179,                0.65163,                0.70334,                0.47197,                 1.4802,                 0.1033,               0.008812,               0.008812,               0.008812,                      0,                0.68092,                0.68521,                0.67023,                0.55937,                0.66558,                0.37837,                0.18213,                 0.4516,                0.59875,                0.40976,                0.62263,                      0,                0.65361,                0.67564,                0.66271,                0.52996,                0.66221,                0.42352,                0.18669,                0.45677,                0.56802,                0.40976,                0.68629,                      0,                0.71514,                0.68454,                0.66893,                0.55267,                0.68803,                0.37144,                0.18522,                0.45562,                0.59223,                0.40976,                0.61209,               0.016872,                      0,                0.83648,                 0.5842,                0.31812,                0.48102,                0.26312,                0.73688,                0.73688,                      1
                     14,                0.74351,                 0.5178,                 1.3857,                0.09585,                0.75043,                0.77423,                0.79868,                0.64484,                0.69863,                0.46912,                 1.4534,                0.10237,               0.008713,               0.008713,               0.008713,                      0,                0.67793,                0.68322,                0.67045,                0.54639,                0.66773,                 0.3903,                0.18164,                0.45396,                0.58878,                0.41092,                0.63935,                      0,                0.65715,                0.67572,                0.66403,                0.52127,                0.66783,                 0.4304,                0.18512,                0.45757,                0.56318,                0.41092,                0.69757,                      0,                0.71525,                0.68515,                0.66982,                0.54043,                0.69052,                0.38667,                  0.184,                0.45646,                0.58121,                0.41092,                0.62167,               0.016356,                      0,                0.82308,                0.58655,                0.31289,                0.48549,                0.26434,                0.73566,                0.73566,                      1
                     15,                0.74093,                0.51207,                 1.3863,                0.09558,                0.78361,                0.78175,                 0.8251,                 0.6693,                0.68962,                0.45209,                 1.4765,                 0.1031,               0.008614,               0.008614,               0.008614,                      0,                0.68338,                0.68381,                0.67095,                0.54477,                 0.6694,                0.38996,                0.18357,                0.44996,                0.58542,                 0.4106,                0.63036,                      0,                0.65957,                0.67636,                0.66393,                0.52127,                0.66796,                0.43028,                0.18775,                0.45541,                0.55931,                 0.4106,                0.69137,                      0,                0.72054,                0.68601,                0.67069,                0.53541,                 0.6937,                0.38955,                0.18703,                0.45166,                0.57505,                 0.4106,                 0.6188,               0.016917,                      0,                0.82127,                 0.5856,                0.31765,                0.48426,                0.26381,                0.73619,                0.73619,                      1
                     16,                0.73968,                  0.511,                 1.3839,                0.09586,                0.76474,                 0.7697,                0.80086,                0.64901,                0.69709,                0.46481,                 1.4851,                0.10222,               0.008515,               0.008515,               0.008515,                      0,                0.67583,                0.68375,                0.67128,                0.54906,                0.66405,                0.38781,                0.18346,                0.45362,                 0.5804,                0.41236,                0.63193,                      0,                0.65704,                0.67608,                0.66505,                0.52145,                0.66484,                0.42983,                0.18769,                0.45799,                0.55674,                0.41236,                0.68614,                      0,                0.71452,                0.68801,                0.67504,                0.53837,                0.68964,                0.38528,                 0.1883,                0.45619,                0.57274,                0.41236,                0.62175,                0.01658,                      0,                0.82501,                0.58123,                0.31533,                0.48155,                0.26825,                0.73175,                0.73175,                      1
                     17,                0.73695,                0.50574,                 1.3869,                0.09461,                0.77165,                 0.8044,                0.83241,                0.67261,                0.69406,                  0.452,                 1.4832,                0.10147,               0.008416,               0.008416,               0.008416,                      0,                0.68308,                0.68054,                0.66849,                0.53682,                0.67005,                0.39717,                0.18405,                0.45222,                0.58442,                0.41182,                0.63509,                      0,                0.66143,                0.67325,                0.66135,                0.51476,                0.66889,                0.43647,                0.18734,                0.45631,                0.55513,                0.41182,                0.68889,                      0,                0.71414,                0.68447,                0.66959,                0.52991,                0.69127,                0.39621,                0.18888,                 0.4534,                0.56828,                0.41182,                0.62991,               0.015812,                      0,                0.81221,                0.58096,                0.31421,                0.47986,                0.27155,                0.72845,                0.72845,                      1
                     18,                0.73037,                0.49949,                 1.3732,                0.09439,                0.80201,                0.76905,                0.83184,                0.67291,                0.69171,                0.44782,                 1.4635,                0.10238,               0.008317,               0.008317,               0.008317,                      0,                0.68636,                0.68146,                0.66543,                0.53806,                0.67249,                0.40371,                0.18356,                0.44795,                0.57461,                0.40969,                  0.634,                      0,                0.66505,                0.67246,                0.65797,                0.51435,                0.67155,                 0.4413,                0.18674,                0.45421,                0.55418,                0.40969,                0.68961,                      0,                0.72151,                 0.6842,                0.66695,                0.52572,                0.69601,                0.40122,                0.18856,                0.44988,                0.57002,                0.40969,                0.62529,               0.015877,                      0,                 0.8113,                 0.5827,                0.32068,                0.47864,                0.26495,                0.73505,                0.73505,                      1
                     19,                0.72976,                0.49857,                 1.3784,                0.09441,                0.78821,                0.78266,                0.82541,                0.67118,                0.68904,                0.45103,                 1.4608,                0.10231,               0.008218,               0.008218,               0.008218,                      0,                0.68797,                0.68351,                0.66785,                0.53648,                0.67387,                0.39996,                0.18484,                0.44792,                0.58111,                0.41019,                0.63521,                      0,                0.66601,                0.67357,                0.65968,                0.51301,                0.67252,                0.44252,                0.18688,                0.45405,                0.55815,                0.41019,                0.69038,                      0,                0.71672,                0.68561,                0.66878,                0.52523,                0.69435,                0.40327,                0.19013,                0.45039,                0.57184,                0.41019,                0.63301,               0.015417,                      0,                0.81034,                0.58532,                0.31768,                0.48241,                0.26725,                0.73275,                0.73275,                      1
                     20,                0.72775,                 0.4963,                 1.3763,                0.09434,                0.77542,                0.79266,                0.82449,                0.67067,                0.68525,                0.44628,                 1.4882,                  0.102,               0.008119,               0.008119,               0.008119,                      0,                0.67854,                0.68181,                0.67076,                 0.5358,                0.66697,                0.39429,                0.18528,                0.45312,                0.58261,                0.41197,                0.63558,                      0,                0.65848,                0.67486,                0.66368,                 0.5119,                0.66763,                0.43827,                0.18806,                0.45841,                0.55461,                0.41197,                0.69244,                      0,                0.71191,                 0.6862,                0.67203,                0.52238,                0.69162,                0.40324,                0.19059,                0.45451,                0.56355,                0.41197,                0.63653,               0.015605,                      0,                   0.81,                0.58195,                0.31557,                0.48117,                0.26921,                0.73079,                0.73079,                      1
                     21,                 0.7287,                0.49403,                 1.3754,                0.09392,                0.78574,                 0.7944,                0.82833,                0.67432,                0.68698,                0.44405,                 1.4784,                0.10084,                0.00802,                0.00802,                0.00802,                      0,                0.68457,                0.68321,                0.67008,                0.53436,                0.67074,                0.40095,                0.18627,                0.45069,                0.57371,                0.41286,                0.63398,                      0,                0.66303,                0.67577,                0.66334,                0.51027,                0.67092,                  0.442,                0.18939,                0.45662,                0.54835,                0.41286,                 0.6919,                      0,                0.71551,                0.68802,                0.67344,                0.51729,                0.69398,                0.40586,                0.19304,                0.45203,                0.55778,                0.41286,                0.63681,                 0.0159,                      0,                0.80756,                0.57717,                0.31643,                0.47805,                 0.2735,                 0.7265,                 0.7265,                      1
                     22,                0.72329,                0.49147,                 1.3797,                0.09389,                0.80015,                0.77359,                0.82707,                0.67622,                0.68244,                0.43984,                  1.466,                0.10159,               0.007921,               0.007921,               0.007921,                      0,                0.68577,                0.68267,                 0.6695,                0.53368,                0.67388,                0.40368,                  0.183,                0.45031,                0.57264,                0.41166,                0.64107,                      0,                0.66854,                0.67539,                0.66225,                0.51102,                 0.6745,                0.44249,                 0.1864,                0.45361,                0.55268,                0.41166,                0.69093,                      0,                0.72097,                0.68766,                 0.6718,                0.51649,                 0.6993,                0.40882,                0.18982,                0.44992,                0.56072,                0.41166,                0.63953,               0.015502,                      0,                0.80697,                0.58783,                0.31497,                0.48757,                0.26605,                0.73395,                0.73395,                      1
                     23,                0.72267,                0.48771,                 1.3844,                0.09422,                0.78556,                0.79114,                0.82786,                0.67421,                0.68567,                0.44567,                 1.4777,                0.10174,               0.007822,               0.007822,               0.007822,                      0,                0.68713,                0.68596,                0.67201,                0.53514,                0.67308,                0.39786,                  0.186,                0.44842,                0.58479,                0.41033,                0.63454,                      0,                0.67404,                0.67666,                0.66312,                0.51064,                0.67594,                0.43768,                 0.1881,                0.45112,                0.55691,                0.41033,                0.68114,                      0,                0.71839,                0.68945,                0.67399,                0.51514,                0.69646,                0.40589,                0.19249,                0.44883,                 0.5667,                0.41033,                0.63634,               0.015766,                      0,                0.80818,                0.58385,                0.31669,                 0.4814,                0.26724,                0.73276,                0.73276,                      1
                     24,                0.72072,                0.48784,                 1.3783,                0.09317,                0.81753,                0.78516,                0.84952,                0.69559,                 0.6779,                0.43545,                 1.4456,                0.10032,               0.007723,               0.007723,               0.007723,                      0,                0.67838,                0.68327,                0.67282,                0.52659,                0.66936,                0.40338,                0.18685,                0.45142,                0.57427,                0.41155,                0.64438,                      0,                0.66541,                0.67549,                0.66523,                0.50253,                 0.6723,                0.44279,                0.18873,                 0.4542,                0.55922,                0.41155,                0.69139,                      0,                0.71468,                0.68869,                0.67537,                0.50892,                0.69617,                0.41007,                0.19339,                0.45042,                0.56347,                0.41155,                0.64485,               0.016029,                      0,                0.79911,                0.58422,                 0.3137,                0.48391,                0.26505,                0.73495,                0.73495,                      1
                     25,                0.71759,                0.48235,                 1.3802,                0.09372,                0.80904,                0.81907,                0.84921,                0.69491,                 0.6776,                0.42995,                 1.4599,                0.10062,               0.007624,               0.007624,               0.007624,                      0,                0.68216,                0.68347,                0.67088,                0.53297,                0.67205,                0.40288,                 0.1853,                0.45306,                0.57151,                0.41361,                 0.6449,                      0,                0.66375,                0.67722,                0.66554,                0.50762,                0.67289,                0.43982,                0.18978,                 0.4575,                0.55032,                0.41361,                0.69747,                      0,                0.71367,                0.68999,                0.67563,                0.51473,                0.69533,                0.40654,                0.19323,                0.45289,                0.55676,                0.41361,                0.64606,               0.015325,                      0,                0.80573,                0.58057,                0.31345,                 0.4822,                 0.2713,                 0.7287,                 0.7287,                      1
                     26,                0.71256,                0.48001,                 1.3726,                0.09402,                0.82021,                0.79024,                0.85046,                0.69625,                0.67731,                0.42711,                 1.4621,                0.10091,               0.007525,               0.007525,               0.007525,                      0,                0.68563,                0.68486,                0.67078,                0.53273,                0.67189,                0.40133,                0.18621,                0.44692,                 0.5792,                0.41039,                0.63343,                      0,                 0.6679,                0.67823,                0.66477,                0.51191,                0.67224,                0.43812,                0.19018,                0.45168,                0.55393,                0.41039,                0.68439,                      0,                0.71487,                0.68993,                0.67392,                0.51747,                0.69341,                0.40691,                0.19409,                0.44808,                0.56273,                0.41039,                0.63336,               0.015537,                      0,                0.80731,                0.58507,                0.31619,                0.48268,                0.26328,                0.73672,                0.73672,                      1
                     27,                0.70971,                0.47837,                 1.3774,                0.09256,                0.81575,                0.82197,                0.86094,                0.70734,                0.67341,                0.42134,                 1.4559,                0.10129,               0.007426,               0.007426,               0.007426,                      0,                0.68978,                0.68365,                0.67081,                0.52257,                0.67763,                0.41073,                0.18588,                0.44837,                0.57095,                0.41328,                0.64515,                      0,                0.67302,                0.67645,                0.66425,                 0.4997,                0.67846,                0.44732,                0.18869,                 0.4529,                0.55402,                0.41328,                  0.693,                      0,                0.71933,                0.68916,                0.67469,                0.50215,                 0.7017,                0.41932,                 0.1933,                0.45163,                0.55969,                0.41328,                0.65459,               0.015446,                      0,                0.79391,                0.58501,                 0.3114,                 0.4865,                0.27219,                0.72781,                0.72781,                      1
                     28,                  0.711,                0.47672,                 1.3725,                0.09321,                0.82062,                0.78577,                0.83781,                0.68919,                0.67344,                0.43072,                  1.451,                0.10021,               0.007327,               0.007327,               0.007327,                      0,                0.68823,                0.68554,                0.67208,                0.52846,                0.67629,                0.40513,                0.18692,                0.44796,                0.56594,                0.41045,                0.64349,                      0,                0.67295,                0.67944,                0.66578,                0.50596,                0.67661,                0.44252,                0.19039,                0.45242,                0.54909,                0.41045,                0.68665,                      0,                0.71803,                0.69089,                0.67425,                0.50915,                0.69852,                0.41708,                0.19376,                0.44888,                 0.5578,                0.41045,                0.64494,               0.015246,                      0,                0.80141,                0.58558,                 0.3148,                0.48364,                0.26691,                0.73309,                0.73309,                      1
                     29,                0.70711,                0.47338,                 1.3839,                0.09211,                0.84057,                0.81756,                0.86833,                0.71292,                0.67287,                0.41664,                 1.4584,                0.10016,               0.007228,               0.007228,               0.007228,                      0,                0.69002,                0.68114,                0.66856,                0.52061,                0.67748,                 0.4161,                0.18649,                0.44878,                0.56572,                0.41262,                0.64383,                      0,                0.67228,                0.67371,                0.66196,                 0.4972,                0.67735,                0.45285,                0.18923,                0.45414,                0.54513,                0.41262,                0.69095,                      0,                0.71488,                0.68749,                0.67405,                0.50048,                0.69952,                0.42256,                0.19459,                 0.4516,                0.55234,                0.41262,                0.65831,               0.015656,                      0,                0.79089,                0.58216,                0.31659,                0.48273,                0.27145,                0.72855,                0.72855,                      1
                     30,                0.70939,                0.47477,                 1.3718,                 0.0935,                0.81006,                0.82265,                0.85599,                0.70266,                0.66981,                0.42399,                 1.4488,                0.09981,               0.007129,               0.007129,               0.007129,                      0,                0.68895,                 0.6847,                0.67112,                0.52963,                0.67574,                0.40276,                 0.1866,                0.44679,                0.57767,                0.40999,                0.63888,                      0,                0.67323,                  0.677,                0.66383,                0.50665,                0.67621,                 0.4423,                0.18852,                0.45125,                0.56073,                0.40999,                0.68454,                      0,                0.71188,                0.68871,                0.67442,                0.50693,                0.69673,                0.41657,                0.19394,                0.44919,                0.56465,                0.40999,                0.65446,               0.015186,                      0,                0.80173,                0.58696,                0.31641,                0.48447,                0.26393,                0.73607,                0.73607,                      1
                     31,                0.70587,                0.46836,                 1.3785,                0.09306,                0.82427,                0.82206,                 0.8612,                0.70927,                0.66862,                0.41671,                 1.4592,                0.10026,                0.00703,                0.00703,                0.00703,                      0,                 0.6901,                0.68496,                0.67277,                0.52531,                0.67562,                0.40292,                0.18645,                0.44743,                0.57741,                0.41219,                 0.6362,                      0,                0.67258,                0.67843,                0.66625,                0.50228,                0.67643,                0.44109,                0.18953,                0.45154,                0.55884,                0.41219,                0.68693,                      0,                0.71428,                0.69148,                0.67708,                0.50445,                0.69789,                0.41446,                  0.195,                0.44906,                0.56454,                0.41219,                0.65329,               0.015441,                      0,                0.79757,                0.58494,                0.31166,                0.48516,                0.26876,                0.73124,                0.73124,                      1
                     32,                0.70654,                0.47043,                 1.3807,                 0.0933,                0.82786,                0.80154,                0.86192,                0.71145,                0.66844,                0.41518,                 1.4589,                0.09992,               0.006931,               0.006931,               0.006931,                      0,                0.68869,                0.68591,                0.67245,                0.52717,                0.67477,                0.40336,                0.18652,                0.44648,                0.57229,                0.41152,                0.63691,                      0,                0.67415,                0.67934,                0.66606,                0.50793,                0.67494,                0.43757,                0.18903,                0.45052,                  0.555,                0.41152,                0.67708,                      0,                0.71374,                0.69105,                 0.6771,                0.50648,                 0.6963,                0.41385,                0.19486,                0.44761,                0.56287,                0.41152,                0.64888,               0.014849,                      0,                0.80096,                0.58439,                0.31392,                 0.4837,                0.26886,                0.73114,                0.73114,                      1
                     33,                0.70076,                0.46575,                 1.3782,                0.09231,                0.83543,                 0.8276,                0.86738,                0.71392,                0.66718,                0.41499,                  1.456,                0.09989,               0.006832,               0.006832,               0.006832,                      0,                0.68888,                0.68286,                0.67035,                0.52238,                0.67499,                0.40945,                0.18777,                  0.448,                0.56329,                0.41208,                0.63772,                      0,                0.67445,                 0.6768,                0.66407,                0.50052,                0.67748,                0.44523,                0.19101,                0.45158,                0.54601,                0.41208,                0.68563,                      0,                0.71479,                0.68867,                0.67489,                0.49781,                 0.6985,                 0.4216,                0.19695,                0.44831,                0.55025,                0.41208,                0.65478,               0.015475,                      0,                0.79325,                0.58181,                0.31676,                0.48126,                0.27149,                0.72851,                0.72851,                      1
                     34,                0.69783,                0.46167,                 1.3787,                0.09299,                0.82145,                0.82047,                0.86048,                0.70957,                0.66887,                  0.414,                 1.4581,                 0.0995,               0.006733,               0.006733,               0.006733,                      0,                0.68981,                0.68714,                0.67458,                 0.5265,                0.67753,                0.40404,                0.18731,                0.44704,                0.56874,                0.41202,                0.64389,                      0,                0.67929,                0.67948,                0.66676,                0.50281,                0.68132,                0.44165,                0.19007,                0.44972,                0.55019,                0.41202,                0.68688,                      0,                 0.7205,                0.69335,                0.67868,                0.50334,                0.70368,                0.41628,                0.19624,                0.44748,                0.55977,                0.41202,                 0.6576,               0.015106,                      0,                0.79877,                0.58284,                0.31387,                0.48265,                0.26744,                0.73256,                0.73256,                      1
                     35,                 0.6984,                0.45905,                 1.3741,                0.09128,                0.81744,                0.83343,                 0.8644,                0.71309,                0.66719,                0.41249,                 1.4614,                0.09962,               0.006634,               0.006634,               0.006634,                      0,                0.68787,                0.68053,                0.67016,                0.51495,                 0.6778,                 0.4156,                0.18887,                0.44885,                0.55423,                 0.4133,                0.65078,                      0,                 0.6716,                0.67445,                0.66508,                0.49386,                0.67792,                0.44765,                0.19253,                0.45316,                0.53289,                 0.4133,                0.69489,                      0,                0.71001,                0.68735,                0.67611,                0.49381,                0.69798,                0.42653,                0.19825,                0.45071,                0.53697,                 0.4133,                0.66566,               0.015211,                      0,                0.78551,                0.58151,                0.31597,                 0.4826,                0.27132,                0.72868,                0.72868,                      1
                     36,                0.69863,                0.45519,                 1.3766,                0.09078,                0.82943,                0.82504,                0.86311,                0.71226,                0.66596,                 0.4114,                 1.4599,                0.09957,               0.006535,               0.006535,               0.006535,                      0,                 0.6829,                0.68156,                0.67141,                0.51147,                0.67465,                0.42112,                0.18804,                0.45088,                0.55314,                0.41522,                0.65308,                      0,                0.66977,                0.67487,                0.66533,                0.48873,                 0.6768,                0.45377,                0.19188,                 0.4546,                0.53338,                0.41522,                0.69519,                      0,                0.70996,                0.68793,                0.67695,                0.48676,                0.69762,                0.43187,                0.19807,                0.45094,                0.53625,                0.41522,                0.66531,                0.01528,                      0,                0.78057,                0.57927,                0.31241,                0.48306,                 0.2765,                 0.7235,                 0.7235,                      1
                     37,                0.69269,                0.45663,                 1.3762,                0.09189,                0.83418,                0.82595,                0.86539,                0.71225,                0.66548,                 0.4109,                 1.4556,                0.09931,               0.006436,               0.006436,               0.006436,                      0,                 0.6965,                0.68362,                0.66889,                0.52186,                0.68236,                0.41347,                0.18729,                0.44484,                0.55938,                0.41099,                0.64385,                      0,                0.67918,                0.67584,                0.66243,                0.49649,                0.68307,                0.45005,                0.19082,                0.45026,                0.53633,                0.41099,                0.69364,                      0,                0.71901,                0.68832,                 0.6733,                 0.4939,                0.70469,                0.42917,                0.19661,                0.44723,                0.54195,                0.41099,                0.66571,               0.014973,                      0,                0.79046,                0.58454,                0.31817,                0.48243,                0.26862,                0.73138,                0.73138,                      1
                     38,                0.68966,                0.45226,                 1.3789,                0.09252,                 0.8408,                0.82059,                0.86453,                0.71384,                0.66388,                0.41025,                 1.4609,                0.09945,               0.006337,               0.006337,               0.006337,                      0,                0.69102,                0.68546,                0.67368,                0.52353,                0.67718,                0.40454,                0.18695,                0.44758,                0.56434,                0.41328,                0.64007,                      0,                0.67325,                0.67868,                0.66804,                0.50069,                0.67716,                0.44163,                0.19017,                0.45205,                0.54707,                0.41328,                0.68764,                      0,                0.70755,                0.68968,                0.67819,                0.49866,                0.69719,                0.41961,                0.19621,                0.45023,                0.54814,                0.41328,                0.66941,               0.014918,                      0,                0.79523,                0.58175,                0.31341,                0.48327,                 0.2717,                 0.7283,                 0.7283,                      1
                     39,                0.69167,                0.45492,                 1.3791,                 0.0922,                0.83958,                0.81959,                0.86533,                0.71388,                 0.6632,                0.40879,                 1.4605,                0.09961,               0.006238,               0.006238,               0.006238,                      0,                0.68828,                0.68735,                0.67441,                0.52224,                0.67668,                0.40687,                0.18919,                0.44892,                0.55992,                0.41216,                0.64555,                      0,                0.67941,                0.67938,                0.66554,                0.49988,                0.68163,                0.44622,                0.19099,                0.45033,                0.53817,                0.41216,                0.68758,                      0,                0.71949,                0.69271,                0.67671,                0.49625,                0.70252,                0.42561,                0.19736,                0.44709,                0.53875,                0.41216,                  0.657,               0.015046,                      0,                0.79356,                0.58372,                0.31466,                0.48334,                0.27146,                0.72854,                0.72854,                      1
                     40,                0.69108,                0.45475,                 1.3722,                0.09219,                0.83479,                0.82138,                0.86349,                0.71337,                0.66383,                0.40946,                 1.4527,                0.09936,               0.006139,               0.006139,               0.006139,                      0,                0.68914,                0.68416,                0.67131,                 0.5209,                0.67748,                0.41294,                0.18776,                0.44637,                0.56489,                0.40986,                0.64507,                      0,                0.67579,                0.67801,                0.66547,                 0.4984,                0.67991,                0.44844,                0.19135,                0.45012,                0.54857,                0.40986,                0.69139,                      0,                0.71355,                0.69103,                0.67646,                0.49666,                0.70031,                0.42683,                0.19749,                0.44703,                0.54927,                0.40986,                0.66349,               0.015135,                      0,                0.79171,                0.58742,                0.31765,                0.48473,                0.26443,                0.73557,                0.73557,                      1
                     41,                0.68637,                0.44546,                 1.3712,                0.09188,                0.83596,                0.82325,                0.86203,                0.71085,                0.66347,                0.40855,                  1.455,                0.09923,                0.00604,                0.00604,                0.00604,                      0,                0.69059,                 0.6833,                0.67054,                0.51999,                0.67852,                0.41213,                0.18766,                 0.4473,                0.56051,                0.41184,                0.64523,                      0,                0.67493,                0.67518,                0.66337,                0.49609,                 0.6783,                0.44882,                0.19012,                0.45069,                0.54236,                0.41184,                 0.6876,                      0,                0.70965,                0.68794,                0.67503,                0.49456,                 0.6978,                0.42564,                0.19743,                0.44842,                0.54834,                0.41184,                0.66509,               0.014995,                      0,                0.78961,                0.58246,                0.31521,                0.48126,                0.26603,                0.73397,                0.73397,                      1
                     42,                0.68821,                0.44719,                 1.3715,                0.09205,                0.84029,                0.82444,                0.86412,                0.71449,                0.66232,                 0.4066,                 1.4518,                0.09933,               0.005941,               0.005941,               0.005941,                      0,                0.68994,                0.68392,                0.67119,                0.52118,                0.67683,                 0.4108,                0.18724,                0.44636,                0.56238,                0.41187,                0.64119,                      0,                0.67979,                0.67774,                0.66549,                0.49648,                0.68114,                0.44748,                0.19123,                0.44982,                0.54589,                0.41187,                0.68481,                      0,                0.71446,                0.69036,                0.67644,                0.49409,                0.69995,                0.42692,                0.19701,                0.44807,                0.55121,                0.41187,                0.66049,               0.014833,                      0,                 0.7908,                0.58544,                 0.3152,                0.48478,                0.26885,                0.73115,                0.73115,                      1
                     43,                0.68182,                0.44381,                 1.3747,                0.09154,                0.83104,                0.82916,                0.86402,                0.71472,                0.66125,                0.40558,                 1.4533,                0.09915,               0.005842,               0.005842,               0.005842,                      0,                0.68955,                0.68472,                0.67177,                0.51741,                0.67627,                0.41411,                0.18771,                0.44722,                0.56085,                0.41344,                 0.6412,                      0,                0.67601,                0.67883,                0.66631,                0.49315,                0.68005,                0.45076,                0.19221,                0.45214,                0.53737,                0.41344,                 0.6907,                      0,                0.70808,                0.68997,                0.67679,                0.49055,                0.69615,                0.43082,                0.19866,                 0.4507,                0.54123,                0.41344,                0.66465,               0.015086,                      0,                0.78677,                0.58142,                 0.3139,                0.48265,                0.27471,                0.72529,                0.72529,                      1
                     44,                0.68513,                0.44419,                 1.3694,                0.09224,                0.83289,                0.82444,                0.86133,                0.71308,                0.66116,                0.40693,                 1.4526,                0.09922,               0.005743,               0.005743,               0.005743,                      0,                0.69253,                0.68619,                 0.6721,                0.52107,                0.67831,                 0.4113,                0.18808,                 0.4459,                0.57179,                0.41158,                0.63944,                      0,                0.68369,                0.67765,                0.66414,                  0.497,                0.68226,                0.44674,                0.19084,                0.44668,                0.55081,                0.41158,                0.67834,                      0,                 0.7161,                0.68995,                0.67515,                 0.4941,                0.70062,                0.42663,                0.19699,                0.44335,                0.55537,                0.41158,                 0.6583,               0.014891,                      0,                0.79089,                0.58405,                0.31746,                0.48302,                0.26785,                0.73215,                0.73215,                      1
                     45,                0.68333,                0.44223,                 1.3703,                0.09134,                0.83394,                 0.8273,                0.86103,                0.71333,                0.66117,                0.40699,                 1.4532,                0.09908,               0.005644,               0.005644,               0.005644,                      0,                0.68906,                0.68399,                 0.6717,                0.51511,                0.67612,                0.41614,                0.18848,                0.44645,                0.55685,                0.41241,                0.64107,                      0,                0.67681,                0.67586,                0.66414,                 0.4927,                0.67885,                0.44887,                0.19198,                0.44985,                0.53969,                0.41241,                0.68436,                      0,                0.71422,                0.68843,                0.67427,                0.49179,                0.69882,                0.43019,                0.19603,                0.44702,                0.54536,                0.41241,                0.65707,               0.014822,                      0,                0.78499,                0.57972,                0.31417,                0.48003,                 0.2696,                 0.7304,                 0.7304,                      1
                     46,                0.68357,                0.44364,                 1.3708,                0.09098,                0.83354,                0.82533,                0.86108,                0.71326,                0.66064,                0.40659,                 1.4523,                0.09906,               0.005545,               0.005545,               0.005545,                      0,                0.69184,                0.68203,                0.66991,                0.51277,                0.67998,                0.41841,                0.18821,                0.44556,                0.55757,                0.40972,                0.64701,                      0,                0.68329,                0.67523,                 0.6628,                0.49079,                0.68451,                0.45457,                0.19092,                 0.4487,                0.53956,                0.40972,                 0.6879,                      0,                0.71546,                0.68806,                0.67338,                 0.4862,                0.70359,                0.43599,                0.19703,                0.44569,                0.54301,                0.40972,                 0.6706,               0.014827,                      0,                0.78142,                0.58536,                0.31761,                0.48212,                 0.2646,                 0.7354,                 0.7354,                      1
                     47,                0.68509,                0.44073,                 1.3703,                0.09105,                  0.828,                0.83123,                0.86136,                0.71393,                0.66063,                0.40615,                 1.4513,                0.09898,               0.005446,               0.005446,               0.005446,                      0,                0.69454,                0.68259,                0.67077,                0.51406,                0.68129,                0.41716,                0.18827,                0.44601,                0.56029,                0.41094,                0.64512,                      0,                0.68245,                0.67606,                0.66395,                0.48912,                0.68513,                0.45511,                0.19207,                0.44977,                0.53953,                0.41094,                0.69247,                      0,                0.71869,                0.68863,                 0.6746,                0.48519,                0.70482,                0.43527,                0.19855,                0.44635,                0.54051,                0.41094,                0.66694,               0.015067,                      0,                0.78184,                0.58102,                0.31865,                0.47974,                0.26805,                0.73195,                0.73195,                      1
                     48,                0.67988,                 0.4405,                 1.3699,                0.09116,                0.82703,                0.82686,                0.85725,                0.71068,                0.65994,                 0.4068,                 1.4521,                0.09903,               0.005347,               0.005347,               0.005347,                      0,                0.69257,                0.68462,                0.67251,                0.51381,                0.68021,                0.41704,                0.18727,                0.44665,                0.56467,                0.41295,                  0.647,                      0,                0.68315,                 0.6777,                0.66566,                 0.4883,                0.68403,                0.45242,                0.19082,                0.44903,                0.54387,                0.41295,                0.68638,                      0,                0.71893,                0.69007,                0.67621,                0.48551,                0.70319,                0.43302,                0.19734,                 0.4461,                0.54379,                0.41295,                 0.6609,               0.014977,                      0,                0.78195,                0.58606,                0.31309,                  0.487,                0.27117,                0.72883,                0.72883,                      1
                     49,                0.67934,                0.43636,                 1.3651,                0.09177,                0.83322,                0.82023,                0.85666,                0.71062,                0.65981,                0.40657,                 1.4526,                0.09898,               0.005248,               0.005248,               0.005248,                      0,                0.68821,                0.68289,                0.67057,                0.51904,                0.67802,                0.41515,                0.18872,                0.44776,                0.56241,                0.41161,                0.65045,                      0,                0.67514,                0.67581,                0.66487,                0.49617,                0.67925,                0.44741,                0.19257,                0.45059,                0.54438,                0.41161,                 0.6904,                      0,                0.70749,                0.68687,                0.67499,                0.48941,                0.69762,                0.43207,                0.19875,                0.44902,                 0.5448,                0.41161,                0.67089,               0.014966,                      0,                0.78828,                0.58215,                0.31803,                0.48126,                0.26974,                0.73026,                0.73026,                      1
                     50,                 0.6767,                0.43251,                 1.3719,                0.09164,                0.82721,                0.82943,                0.85801,                0.71142,                0.66005,                0.40592,                 1.4568,                0.09896,               0.005149,               0.005149,               0.005149,                      0,                0.68931,                0.68687,                0.67379,                0.51718,                0.67696,                0.41182,                0.18771,                 0.4465,                0.56803,                0.41274,                 0.6438,                      0,                0.68046,                0.67955,                 0.6663,                0.49111,                0.68185,                0.44979,                0.19127,                0.44889,                0.54927,                0.41274,                0.68559,                      0,                0.71162,                 0.6908,                 0.6764,                0.48737,                0.70058,                 0.4322,                0.19713,                0.44781,                0.55017,                0.41274,                0.67096,               0.015002,                      0,                0.78572,                0.58418,                 0.3128,                0.48509,                0.27145,                0.72855,                0.72855,                      1
                     51,                  0.677,                0.43102,                 1.3669,                0.09203,                0.83004,                0.83055,                0.85964,                0.71283,                0.65953,                0.40502,                 1.4574,                0.09896,                0.00505,                0.00505,                0.00505,                      0,                0.69033,                 0.6859,                0.67289,                0.52225,                 0.6768,                0.40632,                0.18848,                0.44453,                0.56093,                0.41012,                0.63945,                      0,                0.67967,                0.67764,                0.66561,                 0.4965,                0.68001,                0.44357,                0.19192,                0.44696,                0.53989,                0.41012,                0.68096,                      0,                0.71058,                0.68996,                0.67699,                0.49117,                0.69886,                0.42503,                0.19905,                0.44517,                0.54516,                0.41012,                0.66653,               0.015153,                      0,                0.79135,                0.58263,                0.31591,                0.47968,                0.26602,                0.73398,                0.73398,                      1
                     52,                0.67234,                0.42985,                 1.3715,                0.09176,                0.82794,                0.83459,                0.86154,                0.71434,                0.65955,                0.40461,                 1.4572,                0.09892,               0.004951,               0.004951,               0.004951,                      0,                0.68958,                0.68524,                0.67211,                0.51795,                0.67607,                0.41143,                0.18726,                0.44601,                0.56738,                0.41231,                0.63969,                      0,                0.67922,                0.67897,                0.66479,                0.49505,                0.67973,                0.44777,                0.19079,                0.44979,                0.54619,                0.41231,                 0.6811,                      0,                0.71496,                0.69028,                0.67463,                0.48958,                0.70041,                0.43275,                0.19607,                0.44716,                0.54412,                0.41231,                0.66127,               0.014834,                      0,                0.78744,                0.58356,                0.31349,                0.48343,                0.27087,                0.72913,                0.72913,                      1
                     53,                0.67023,                0.42691,                 1.3644,                0.09132,                0.83241,                0.82831,                0.86181,                0.71463,                0.65933,                0.40445,                 1.4564,                0.09896,               0.004852,               0.004852,               0.004852,                      0,                0.69238,                0.68482,                0.67339,                0.51534,                 0.6779,                 0.4134,                0.18708,                0.44499,                0.56119,                 0.4119,                0.63821,                      0,                 0.6816,                0.67651,                0.66533,                0.48936,                0.68144,                  0.452,                0.19039,                0.44806,                0.54592,                 0.4119,                0.68099,                      0,                0.71158,                0.69155,                0.67837,                0.48702,                0.69892,                0.43192,                0.19807,                 0.4468,                0.54612,                 0.4119,                0.66423,               0.015039,                      0,                0.78379,                0.58515,                0.31468,                0.48529,                0.26742,                0.73258,                0.73258,                      1
                     54,                0.66722,                0.42685,                 1.3692,                0.09076,                0.84756,                0.81777,                0.86379,                0.71634,                0.65927,                0.40388,                 1.4564,                0.09897,               0.004753,               0.004753,               0.004753,                      0,                0.69664,                0.68387,                0.66982,                0.51094,                  0.682,                0.42115,                0.18819,                0.44158,                0.55614,                0.41041,                0.64171,                      0,                0.68761,                0.67784,                0.66425,                0.48679,                0.68638,                0.45375,                0.19216,                0.44456,                0.54593,                0.41041,                0.68302,                      0,                0.71097,                0.68948,                0.67477,                0.48443,                 0.6994,                0.43679,                0.19825,                0.44422,                0.54913,                0.41041,                0.66753,               0.014885,                      0,                0.77874,                0.58605,                0.31481,                0.48323,                0.26647,                0.73353,                0.73353,                      1
                     55,                0.67135,                0.42695,                 1.3673,                 0.0913,                0.83784,                0.82743,                0.86434,                0.71668,                0.65883,                0.40309,                 1.4575,                0.09894,               0.004654,               0.004654,               0.004654,                      0,                0.69476,                0.68565,                0.67373,                 0.5149,                0.68133,                0.41569,                0.18823,                0.44484,                0.55681,                0.41189,                0.64464,                      0,                0.68246,                0.67715,                0.66632,                0.49082,                 0.6833,                0.45197,                0.19112,                0.44839,                0.53861,                0.41189,                0.68557,                      0,                0.71239,                0.69188,                0.67937,                0.48923,                0.69951,                0.43083,                0.19811,                0.44566,                0.54832,                0.41189,                0.66428,               0.014962,                      0,                0.78454,                0.58596,                 0.3159,                  0.486,                0.26781,                0.73219,                0.73219,                      1
                     56,                0.66471,                0.42295,                 1.3683,                0.09053,                0.83874,                0.82509,                0.86413,                0.71715,                0.65867,                0.40287,                 1.4596,                0.09891,               0.004555,               0.004555,               0.004555,                      0,                0.69871,                0.68222,                0.66777,                  0.512,                0.68383,                0.42592,                 0.1863,                0.44144,                0.55457,                0.41029,                0.64277,                      0,                0.68671,                 0.6737,                0.66004,                0.48497,                0.68758,                0.46242,                0.19036,                0.44467,                0.53538,                0.41029,                0.68999,                      0,                0.71645,                0.68749,                0.67229,                0.48222,                0.70407,                 0.4452,                0.19647,                0.44454,                0.53873,                0.41029,                0.66988,               0.014772,                      0,                0.77767,                 0.5877,                0.31877,                0.48535,                0.26589,                0.73411,                0.73411,                      1
                     57,                 0.6653,                0.42235,                 1.3637,                 0.0907,                0.83906,                0.82511,                0.86554,                0.71808,                0.65867,                0.40215,                 1.4608,                0.09888,               0.004456,               0.004456,               0.004456,                      0,                0.68831,                0.68368,                0.67352,                0.51102,                0.67809,                0.41779,                0.18863,                  0.447,                0.55003,                0.41392,                0.65044,                      0,                0.68001,                0.67728,                0.66785,                0.48776,                0.68214,                0.44825,                0.19326,                0.44915,                0.53326,                0.41392,                0.68788,                      0,                0.70914,                0.68949,                0.67909,                0.48426,                0.69902,                0.43177,                0.19875,                 0.4472,                0.53651,                0.41392,                0.67164,               0.014737,                      0,                0.78018,                0.58264,                 0.3135,                0.48492,                0.26971,                0.73029,                0.73029,                      1
                     58,                0.66505,                0.41994,                  1.357,                0.09068,                0.83577,                0.83064,                0.86641,                0.71833,                0.65872,                0.40167,                 1.4615,                0.09888,               0.004357,               0.004357,               0.004357,                      0,                0.69355,                0.68575,                0.67335,                0.51021,                0.68185,                0.42168,                0.18735,                0.44391,                0.55707,                0.41047,                0.64915,                      0,                0.68363,                0.67847,                0.66628,                0.48518,                0.68663,                0.45775,                0.19163,                0.44706,                0.53827,                0.41047,                0.69498,                      0,                0.71464,                0.69192,                0.67686,                0.48432,                0.70394,                0.43726,                0.19765,                0.44441,                0.54356,                0.41047,                0.67405,                0.01474,                      0,                0.77854,                0.58767,                0.31373,                0.48561,                0.26365,                0.73635,                0.73635,                      1
                     59,                0.66703,                0.42001,                 1.3647,                0.09106,                 0.8342,                0.83235,                0.86682,                0.71922,                0.65853,                0.40155,                 1.4613,                 0.0989,               0.004258,               0.004258,               0.004258,                      0,                0.69133,                0.68579,                0.67359,                 0.5143,                0.67961,                0.41482,                0.18908,                0.44649,                0.56021,                 0.4131,                0.64829,                      0,                0.67708,                0.67687,                0.66537,                 0.4874,                0.68196,                0.45501,                0.19244,                0.45131,                0.53571,                 0.4131,                  0.695,                      0,                0.70982,                0.69098,                  0.677,                0.48647,                0.69994,                0.43506,                  0.199,                0.44871,                0.53547,                 0.4131,                 0.6735,               0.015073,                      0,                0.78233,                 0.5788,                0.31479,                0.47954,                0.27216,                0.72784,                0.72784,                      1
                     60,                0.65849,                0.41497,                 1.3536,                0.09031,                0.83983,                 0.8268,                0.86755,                0.72031,                0.65834,                0.40119,                 1.4612,                 0.0989,               0.004159,               0.004159,               0.004159,                      0,                0.69905,                0.68591,                0.67108,                0.50915,                0.68269,                0.42237,                0.18837,                0.44254,                 0.5515,                0.41206,                 0.6389,                      0,                0.68351,                0.67714,                0.66211,                0.48483,                0.68388,                0.46042,                0.19084,                0.44735,                0.53076,                0.41206,                0.68485,                      0,                0.71325,                0.68916,                0.67344,                0.48206,                0.70046,                0.44161,                0.19767,                0.44507,                 0.5326,                0.41206,                0.66622,               0.014732,                      0,                0.77647,                0.58194,                0.31442,                0.48119,                0.27199,                0.72801,                0.72801,                      1
                     61,                0.66302,                0.41735,                 1.3545,                0.09084,                0.84304,                0.82732,                0.86827,                0.72086,                 0.6582,                0.40076,                 1.4608,                0.09887,                0.00406,                0.00406,                0.00406,                      0,                0.69572,                0.68416,                 0.6707,                0.51285,                0.68185,                0.42014,                0.18737,                0.44371,                0.55901,                0.41307,                0.64423,                      0,                 0.6853,                0.67727,                 0.6645,                0.48723,                0.68444,                0.45466,                0.19159,                0.44603,                0.53515,                0.41307,                0.68213,                      0,                0.71323,                0.69003,                0.67615,                0.48418,                0.70141,                0.43593,                0.19877,                0.44533,                0.53453,                0.41307,                0.66934,                0.01473,                      0,                0.78034,                0.58173,                0.31413,                0.48241,                0.26936,                0.73064,                0.73064,                      1
                     62,                0.66084,                0.41526,                 1.3635,                0.09015,                 0.8374,                0.83351,                 0.8684,                0.72083,                0.65805,                0.40024,                 1.4612,                0.09887,               0.003961,               0.003961,               0.003961,                      0,                0.69803,                0.68533,                 0.6719,                0.50701,                0.68465,                0.42457,                 0.1893,                 0.4434,                0.55413,                0.41245,                0.64881,                      0,                0.69402,                0.67854,                0.66499,                0.48178,                0.69116,                0.45712,                0.19321,                0.44453,                0.53726,                0.41245,                 0.6835,                      0,                0.72252,                0.69151,                0.67602,                0.47758,                0.70923,                0.44241,                0.19914,                0.44358,                0.53988,                0.41245,                0.67362,               0.014792,                      0,                0.77376,                0.58422,                0.31564,                0.48421,                0.27182,                0.72818,                0.72818,                      1
                     63,                0.66011,                0.41386,                 1.3639,                0.09122,                0.83815,                0.83402,                 0.8685,                0.72116,                 0.6579,                 0.4001,                 1.4616,                0.09885,               0.003862,               0.003862,               0.003862,                      0,                0.69073,                 0.6849,                0.67094,                0.51403,                0.68018,                0.42082,                0.18808,                0.44445,                0.55857,                0.40987,                0.65084,                      0,                0.68112,                0.67863,                0.66533,                0.49123,                 0.6826,                0.45052,                0.19266,                0.44605,                 0.5455,                0.40987,                0.68671,                      0,                0.71301,                0.69228,                0.67639,                0.48773,                0.70094,                0.43261,                0.19909,                 0.4437,                0.54429,                0.40987,                0.66737,               0.014667,                      0,                0.78317,                0.58494,                0.31756,                0.48197,                0.26437,                0.73563,                0.73563,                      1
                     64,                0.65975,                0.41413,                 1.3641,                0.09088,                0.83585,                0.83602,                0.86839,                0.72129,                0.65783,                0.40008,                 1.4618,                0.09885,               0.003763,               0.003763,               0.003763,                      0,                0.69631,                0.68514,                0.67285,                0.51153,                0.68241,                0.41707,                0.18739,                0.44274,                0.56191,                0.40959,                 0.6437,                      0,                  0.689,                0.67814,                0.66536,                0.48756,                0.68823,                0.45506,                0.19094,                0.44526,                0.54021,                0.40959,                0.68609,                      0,                0.71932,                0.69198,                0.67685,                0.48256,                0.70638,                0.43854,                0.19766,                0.44276,                0.54253,                0.40959,                0.67031,               0.014739,                      0,                0.77976,                0.58672,                 0.3156,                0.48391,                0.26414,                0.73586,                0.73586,                      1
                     65,                0.65677,                0.40862,                 1.3637,                0.09094,                0.83268,                0.83715,                0.86836,                0.72109,                0.65773,                0.39986,                 1.4624,                0.09883,               0.003664,               0.003664,               0.003664,                      0,                0.69249,                0.68773,                0.67231,                0.51418,                0.68023,                0.42082,                0.18847,                0.44452,                0.55014,                0.41063,                0.64662,                      0,                 0.6833,                0.67949,                0.66434,                0.49079,                0.68496,                0.45635,                0.19187,                0.44742,                0.52912,                0.41063,                0.68952,                      0,                0.71216,                0.69275,                0.67599,                 0.4857,                0.70195,                0.43972,                0.19823,                0.44568,                0.53689,                0.41063,                0.67398,               0.014652,                      0,                0.78291,                0.58161,                0.31629,                0.47945,                0.26726,                0.73274,                0.73274,                      1
                     66,                 0.6544,                0.40932,                 1.3566,                0.09063,                0.83951,                0.82995,                0.86832,                0.72139,                 0.6576,                0.39966,                 1.4627,                0.09883,               0.003565,               0.003565,               0.003565,                      0,                0.69134,                0.68394,                0.67149,                  0.511,                0.68081,                0.42042,                0.18792,                0.44535,                0.55787,                0.41116,                0.65193,                      0,                0.68285,                0.67519,                0.66323,                0.48608,                0.68516,                0.45793,                0.19104,                0.44863,                0.53838,                0.41116,                0.69148,                      0,                0.71217,                0.68908,                0.67535,                0.48039,                0.70148,                 0.4411,                0.19844,                0.44529,                0.53912,                0.41116,                0.67215,               0.014731,                      0,                0.77809,                0.58363,                0.31604,                0.48204,                0.26724,                0.73276,                0.73276,                      1
                     67,                0.65391,                0.40604,                  1.357,                0.09019,                0.84027,                0.82716,                0.86762,                0.72119,                0.65747,                0.39957,                 1.4636,                0.09883,               0.003466,               0.003466,               0.003466,                      0,                  0.692,                0.68256,                0.66955,                0.50767,                0.68094,                0.42632,                0.18882,                0.44529,                0.55803,                0.41054,                 0.6508,                      0,                0.68405,                0.67503,                0.66201,                0.48295,                0.68526,                0.45923,                0.19292,                0.44779,                0.53533,                0.41054,                0.68854,                      0,                0.71254,                0.69084,                0.67651,                0.47771,                0.70347,                0.44191,                0.20093,                0.44574,                0.53406,                0.41054,                0.67875,               0.015134,                      0,                0.77399,                0.58249,                 0.3167,                0.47922,                0.26844,                0.73156,                0.73156,                      1
                     68,                0.65223,                0.40373,                 1.3523,                0.08993,                0.83983,                0.82976,                0.86748,                0.72133,                0.65742,                0.39953,                 1.4634,                0.09881,               0.003367,               0.003367,               0.003367,                      0,                0.69154,                0.68416,                0.67302,                0.50424,                0.68159,                 0.4228,                 0.1898,                0.44681,                0.55955,                 0.4119,                0.65457,                      0,                0.68624,                0.67631,                0.66479,                0.47876,                0.68801,                0.45915,                  0.193,                0.44884,                0.54332,                 0.4119,                0.69282,                      0,                0.71382,                0.68769,                0.67456,                0.47353,                0.70565,                0.44716,                0.19849,                0.44722,                0.54345,                 0.4119,                0.68347,               0.014686,                      0,                0.77035,                0.58515,                0.31703,                0.48456,                0.26925,                0.73075,                0.73075,                      1
                     69,                 0.6499,                0.40362,                 1.3573,                0.09044,                0.84133,                0.82753,                0.86728,                0.72097,                 0.6573,                0.39955,                 1.4634,                 0.0988,               0.003268,               0.003268,               0.003268,                      0,                 0.6876,                 0.6839,                0.67363,                0.50813,                0.67946,                0.41839,                0.18932,                 0.4468,                0.56038,                0.41241,                0.65753,                      0,                0.68503,                0.67696,                0.66678,                0.48266,                0.68761,                0.45264,                 0.1934,                0.44815,                0.53945,                0.41241,                0.69457,                      0,                0.71091,                0.69168,                0.67871,                 0.4792,                0.70198,                0.43681,                 0.2002,                0.44639,                0.54242,                0.41241,                0.67793,               0.014646,                      0,                0.77562,                0.58145,                0.31426,                0.48176,                0.27094,                0.72906,                0.72906,                      1
                     70,                0.64863,                0.40215,                 1.3452,                0.08976,                 0.8409,                0.82731,                0.86717,                0.72092,                0.65729,                0.39942,                 1.4635,                0.09881,               0.003169,               0.003169,               0.003169,                      0,                0.69394,                0.68342,                0.67123,                0.50456,                0.68256,                0.42625,                0.18951,                0.44325,                0.54955,                0.41119,                0.65126,                      0,                0.68978,                0.67561,                0.66418,                0.48024,                0.68891,                0.45859,                0.19339,                0.44479,                0.52772,                0.41119,                0.68651,                      0,                0.71482,                0.68975,                0.67597,                0.47733,                0.70436,                0.44377,                0.19932,                0.44411,                0.53182,                0.41119,                0.67557,               0.014671,                      0,                0.77139,                0.58203,                0.31605,                0.48092,                0.26655,                0.73345,                0.73345,                      1
                     71,                0.64546,                0.39806,                 1.3548,                0.09027,                0.83883,                0.82984,                0.86688,                0.72088,                0.65722,                0.39918,                 1.4637,                 0.0988,                0.00307,                0.00307,                0.00307,                      0,                0.69264,                0.68507,                0.67368,                0.50681,                0.68162,                0.42388,                0.18837,                0.44538,                0.55309,                0.41363,                0.65197,                      0,                0.68661,                0.67889,                0.66709,                0.48388,                0.68549,                 0.4548,                0.19266,                0.44604,                0.53488,                0.41363,                0.68248,                      0,                0.71028,                0.69192,                0.67928,                0.48007,                0.70057,                0.44012,                0.19904,                0.44548,                0.53807,                0.41363,                0.67443,               0.014545,                      0,                0.77535,                0.58362,                 0.3116,                0.48557,                0.27086,                0.72914,                0.72914,                      1
                     72,                0.64603,                0.39718,                 1.3548,                0.08927,                0.84416,                0.82427,                 0.8671,                  0.721,                0.65712,                0.39921,                  1.464,                 0.0988,               0.002971,               0.002971,               0.002971,                      0,                0.69279,                0.68111,                0.67047,                0.50064,                0.68261,                0.43061,                0.18896,                0.44475,                0.54882,                0.41209,                0.65501,                      0,                0.68596,                0.67341,                0.66249,                0.47702,                0.68657,                 0.4632,                0.19227,                0.44678,                0.52973,                0.41209,                0.68822,                      0,                0.71496,                 0.6877,                0.67472,                0.47219,                0.70402,                0.44785,                0.19915,                0.44415,                0.53059,                0.41209,                0.67434,               0.014754,                      0,                0.76653,                0.58005,                0.31622,                0.47982,                0.26942,                0.73058,                0.73058,                      1
                     73,                0.64271,                0.39461,                 1.3585,                0.08991,                0.83866,                0.82922,                0.86712,                0.72126,                0.65704,                0.39896,                 1.4645,                 0.0988,               0.002872,               0.002872,               0.002872,                      0,                0.69386,                0.68572,                0.67374,                0.50491,                0.68188,                0.42268,                0.19035,                0.44439,                0.55137,                0.41306,                0.64985,                      0,                0.68832,                0.67924,                0.66765,                0.48011,                0.68869,                0.45556,                0.19465,                0.44686,                0.53352,                0.41306,                0.68968,                      0,                 0.7165,                0.69263,                0.67932,                0.47541,                0.70649,                0.44257,                 0.2005,                 0.4445,                0.53825,                0.41306,                0.67972,               0.014735,                      0,                0.77211,                0.58327,                0.31457,                0.48445,                0.27223,                0.72777,                0.72777,                      1
                     74,                0.63929,                0.39356,                 1.3427,                0.09086,                0.83937,                0.82811,                0.86707,                 0.7214,                0.65707,                0.39896,                 1.4647,                0.09879,               0.002773,               0.002773,               0.002773,                      0,                0.69353,                0.68744,                 0.6749,                0.51241,                0.68082,                0.41522,                0.18956,                0.44215,                0.55204,                0.41108,                0.64568,                      0,                0.68512,                0.68159,                0.66879,                 0.4886,                0.68545,                0.44838,                0.19403,                0.44493,                0.53336,                0.41108,                0.68638,                      0,                0.71285,                0.69655,                0.68146,                0.48259,                0.70283,                0.43653,                0.20049,                0.44364,                0.53668,                0.41108,                0.67512,               0.014619,                      0,                0.78152,                0.58803,                0.31436,                0.48679,                0.26554,                0.73446,                0.73446,                      1
                     75,                0.64122,                0.39469,                 1.3479,                0.08969,                0.84185,                0.82882,                0.86706,                0.72126,                0.65702,                0.39894,                 1.4648,                0.09879,               0.002674,               0.002674,               0.002674,                      0,                0.69591,                0.68422,                 0.6725,                0.50272,                0.68357,                0.42649,                0.18777,                0.44296,                0.55456,                0.41101,                0.64974,                      0,                0.68926,                0.67807,                0.66596,                0.47897,                0.68961,                0.45892,                0.19223,                0.44508,                0.53515,                0.41101,                0.69056,                      0,                0.71474,                0.69077,                0.67655,                0.47244,                0.70604,                0.44887,                0.19836,                0.44568,                0.53949,                0.41101,                0.68217,               0.014528,                      0,                0.76931,                0.58642,                0.31421,                0.48478,                0.26724,                0.73276,                0.73276,                      1
                     76,                0.63624,                0.39041,                  1.349,                0.09005,                0.83898,                0.83223,                0.86722,                0.72125,                0.65679,                0.39893,                 1.4649,                0.09878,               0.002575,               0.002575,               0.002575,                      0,                 0.6996,                0.68555,                 0.6723,                0.50554,                0.68515,                0.42272,                0.18861,                0.43895,                0.55826,                0.41055,                0.64502,                      0,                0.69397,                0.67855,                 0.6647,                0.48093,                0.68971,                0.45599,                0.19255,                0.43981,                 0.5405,                0.41055,                 0.6779,                      0,                0.71251,                0.69053,                0.67627,                0.47414,                0.70345,                0.44346,                0.20006,                0.44095,                0.54039,                0.41055,                0.67826,                0.01441,                      0,                0.77198,                0.58707,                0.31338,                0.48498,                0.26469,                0.73531,                0.73531,                      1
                     77,                0.63987,                0.39108,                 1.3516,                0.08948,                  0.836,                0.83467,                0.86729,                0.72162,                0.65683,                0.39878,                 1.4654,                0.09877,               0.002476,               0.002476,               0.002476,                      0,                0.69059,                0.68225,                0.67138,                0.50376,                0.68203,                0.43007,                0.18887,                0.44649,                0.54628,                 0.4106,                0.65809,                      0,                0.68372,                0.67459,                0.66359,                0.47869,                0.68601,                0.46367,                0.19236,                0.44788,                0.52564,                 0.4106,                0.69244,                      0,                0.71087,                0.68761,                0.67427,                0.47171,                0.70394,                 0.4525,                0.19828,                0.44569,                0.52909,                 0.4106,                0.68458,               0.014381,                      0,                0.76931,                0.58632,                0.31692,                0.48467,                0.26337,                0.73663,                0.73663,                      1
                     78,                0.63647,                0.38827,                 1.3435,                0.09028,                0.83525,                0.83502,                0.86718,                0.72143,                0.65675,                0.39881,                 1.4656,                0.09875,               0.002377,               0.002377,               0.002377,                      0,                0.69563,                0.68679,                0.67447,                0.50704,                0.68347,                 0.4199,                0.18949,                0.44372,                0.55989,                 0.4114,                0.65025,                      0,                0.68994,                 0.6782,                 0.6659,                0.48248,                0.68822,                0.45407,                0.19301,                0.44503,                0.54202,                 0.4114,                0.68351,                      0,                0.71587,                0.69108,                0.67622,                0.47429,                0.70546,                 0.4462,                0.19908,                0.44404,                0.54011,                 0.4114,                0.67701,                0.01474,                      0,                0.77398,                0.58252,                 0.3144,                0.48109,                0.26785,                0.73215,                0.73215,                      1
                     79,                0.63739,                0.38913,                 1.3447,                0.08973,                0.83547,                0.83503,                 0.8674,                 0.7216,                0.65671,                0.39863,                 1.4656,                0.09875,               0.002278,               0.002278,               0.002278,                      0,                0.69291,                0.68542,                0.67557,                0.50352,                0.68209,                0.42079,                0.18912,                0.44557,                0.55494,                0.41345,                0.65271,                      0,                0.68613,                0.67865,                0.66962,                0.47722,                0.68646,                0.45302,                0.19383,                0.44718,                 0.5355,                0.41345,                0.68735,                      0,                0.71133,                0.69007,                0.67911,                0.46978,                0.70259,                0.44475,                0.19929,                0.44565,                0.53483,                0.41345,                0.67887,               0.014841,                      0,                0.76975,                0.58328,                0.31167,                0.48519,                0.26929,                0.73071,                0.73071,                      1
                     80,                0.62754,                 0.3839,                 1.3423,                0.08975,                0.83314,                0.83694,                0.86724,                0.72148,                0.65662,                0.39866,                 1.4658,                0.09873,               0.002179,               0.002179,               0.002179,                      0,                0.69656,                 0.6836,                0.67144,                 0.5044,                0.68483,                0.42197,                0.18844,                0.44482,                 0.5534,                0.41139,                0.65289,                      0,                0.68802,                0.67847,                0.66588,                0.47907,                0.68845,                0.45508,                 0.1938,                0.44575,                0.53515,                0.41139,                0.68961,                      0,                0.71347,                0.69199,                0.67818,                0.47133,                0.70489,                0.44375,                 0.2011,                0.44551,                 0.5365,                0.41139,                0.68152,               0.014681,                      0,                0.77017,                 0.5862,                0.31502,                0.48498,                0.26845,                0.73155,                0.73155,                      1
                     81,                 0.6337,                0.38519,                 1.3421,                0.08941,                 0.8333,                0.83709,                0.86731,                 0.7216,                0.65664,                0.39866,                 1.4659,                0.09872,                0.00208,                0.00208,                0.00208,                      0,                0.69607,                0.68389,                  0.672,                0.50227,                0.68557,                0.42951,                0.18987,                0.44527,                0.55277,                0.41122,                0.65725,                      0,                0.68492,                0.67596,                0.66495,                0.47562,                0.68884,                0.46477,                0.19404,                0.44894,                0.53196,                0.41122,                0.69942,                      0,                0.71146,                0.68902,                0.67549,                0.46965,                0.70522,                0.45326,                0.20065,                  0.447,                0.53121,                0.41122,                0.68841,               0.014565,                      0,                0.76722,                0.58167,                0.31836,                0.48029,                0.27065,                0.72935,                0.72935,                      1
                     82,                0.63177,                0.38277,                 1.3391,                0.08987,                0.83683,                0.83549,                0.86711,                0.72169,                0.65657,                0.39852,                 1.4662,                0.09871,               0.001981,               0.001981,               0.001981,                      0,                0.69502,                0.68501,                0.67189,                0.50664,                0.68284,                0.42524,                0.18906,                0.44567,                 0.5503,                0.41203,                0.65016,                      0,                0.68558,                0.67761,                 0.6646,                0.48077,                0.68688,                 0.4596,                0.19336,                0.44827,                0.52585,                0.41203,                0.69034,                      0,                0.71408,                0.69223,                0.67748,                0.47456,                0.70501,                0.44617,                0.20063,                0.44573,                0.52633,                0.41203,                0.68068,               0.014427,                      0,                 0.7727,                0.58197,                0.31514,                0.48148,                 0.2715,                 0.7285,                 0.7285,                      1
                     83,                0.62669,                0.37924,                 1.3462,                0.08897,                0.83819,                0.83522,                0.86732,                0.72141,                0.65668,                 0.3986,                 1.4663,                 0.0987,               0.001882,               0.001882,               0.001882,                      0,                0.69786,                0.68498,                0.67326,                0.49916,                 0.6864,                 0.4302,                0.19013,                0.44518,                0.54243,                0.41384,                 0.6559,                      0,                0.68579,                0.67808,                0.66645,                0.47459,                0.68854,                0.46396,                 0.1948,                 0.4486,                0.52401,                0.41384,                0.69586,                      0,                0.71522,                 0.6915,                 0.6776,                0.46816,                0.70703,                0.45191,                  0.201,                0.44583,                0.52537,                0.41384,                0.68523,               0.014619,                      0,                0.76498,                0.58044,                0.31431,                0.48231,                0.27305,                0.72695,                0.72695,                      1
                     84,                0.63219,                0.38225,                 1.3434,                0.08959,                0.83779,                 0.8335,                0.86669,                 0.7214,                 0.6567,                0.39866,                 1.4661,                0.09869,               0.001783,               0.001783,               0.001783,                      0,                0.69508,                0.68492,                0.67335,                0.50256,                0.68601,                0.42763,                0.18956,                0.44374,                0.55203,                0.41141,                0.66107,                      0,                 0.6897,                0.67902,                0.66699,                0.47941,                0.69105,                0.45684,                0.19435,                0.44475,                0.53334,                0.41141,                0.69476,                      0,                0.71618,                0.69106,                0.67746,                0.46907,                0.70929,                0.44892,                0.20092,                0.44329,                0.53167,                0.41141,                0.69035,               0.014594,                      0,                0.76906,                0.58628,                0.31574,                0.48559,                0.26663,                0.73337,                0.73337,                      1
                     85,                0.62882,                0.37946,                 1.3426,                0.08976,                0.83889,                 0.8335,                0.86715,                 0.7218,                0.65671,                0.39879,                 1.4662,                0.09867,               0.001684,               0.001684,               0.001684,                      0,                 0.7004,                0.68371,                0.66991,                0.50539,                0.68519,                0.42775,                0.18738,                0.44099,                0.55094,                0.41227,                  0.644,                      0,                0.69217,                0.67682,                0.66235,                0.48181,                0.68956,                0.46001,                0.19145,                0.44301,                0.53034,                0.41227,                0.68251,                      0,                0.71931,                0.68866,                0.67245,                0.47174,                0.70707,                 0.4527,                0.19765,                0.44293,                0.53328,                0.41227,                0.67395,               0.014557,                      0,                0.77102,                0.58181,                0.31433,                  0.482,                0.26978,                0.73022,                0.73022,                      1
                     86,                0.62295,                0.37459,                 1.3345,                0.08853,                0.83767,                0.83621,                  0.867,                0.72164,                 0.6567,                0.39893,                 1.4663,                0.09867,               0.001585,               0.001585,               0.001585,                      0,                0.69347,                0.68494,                0.67465,                0.49635,                0.68441,                0.42996,                0.19008,                0.44712,                0.53973,                0.41422,                0.66044,                      0,                0.68567,                0.67755,                0.66668,                0.47191,                0.68928,                0.46453,                0.19419,                0.44983,                0.51948,                0.41422,                0.69882,                      0,                0.71768,                   0.69,                0.67637,                0.46193,                0.70818,                0.45792,                    0.2,                0.44495,                0.52044,                0.41422,                0.68305,               0.014672,                      0,                0.76137,                0.58314,                0.31176,                0.48559,                0.27437,                0.72563,                0.72563,                      1
                     87,                0.62468,                0.37674,                  1.338,                0.08958,                0.83634,                0.83729,                0.86698,                0.72154,                0.65671,                0.39897,                 1.4663,                0.09865,               0.001486,               0.001486,               0.001486,                      0,                0.69714,                0.68553,                0.67362,                0.50326,                0.68695,                0.42517,                0.18911,                0.44414,                0.55199,                0.41214,                0.65893,                      0,                0.69033,                0.67858,                0.66674,                0.47806,                0.69204,                0.45945,                0.19357,                0.44588,                0.52903,                0.41214,                0.69672,                      0,                 0.7143,                 0.6902,                0.67726,                0.47021,                0.70719,                0.45018,                0.19955,                0.44443,                0.53041,                0.41214,                0.68763,               0.014662,                      0,                0.76928,                 0.5853,                  0.315,                 0.4855,                0.26668,                0.73332,                0.73332,                      1
                     88,                0.62228,                 0.3742,                 1.3324,                0.08913,                0.83575,                0.83689,                0.86676,                0.72107,                0.65672,                0.39925,                 1.4664,                0.09864,               0.001387,               0.001387,               0.001387,                      0,                0.69914,                0.68363,                0.67116,                0.50117,                0.68523,                0.42979,                0.18902,                0.44187,                0.54643,                0.41031,                0.64683,                      0,                0.69331,                0.67744,                 0.6646,                0.47587,                0.69151,                0.46183,                0.19384,                0.44312,                0.52486,                0.41031,                0.68653,                      0,                0.72045,                0.68863,                0.67389,                0.46738,                0.70938,                0.45578,                0.19868,                0.44219,                0.52447,                0.41031,                0.67883,               0.014599,                      0,                0.76596,                0.58733,                0.31822,                0.48505,                0.26595,                0.73405,                0.73405,                      1
                     89,                0.62143,                0.37093,                 1.3371,                0.08979,                0.83656,                0.83634,                0.86621,                0.72112,                0.65673,                0.39934,                 1.4666,                0.09863,               0.001288,               0.001288,               0.001288,                      0,                0.69393,                0.68607,                0.67246,                0.50675,                0.68336,                0.42703,                0.19035,                0.44712,                0.54867,                0.41323,                0.65553,                      0,                0.68822,                0.67964,                0.66656,                0.47983,                0.68994,                0.45819,                0.19567,                0.44941,                0.52838,                0.41323,                0.69448,                      0,                0.71295,                0.69104,                0.67656,                0.47002,                0.70646,                0.45147,                0.20148,                0.44704,                0.52626,                0.41323,                0.68936,               0.014502,                      0,                0.77193,                0.57726,                0.31581,                0.47765,                0.27518,                0.72482,                0.72482,                      1
                     90,                0.61744,                0.36858,                 1.3352,                0.08938,                0.83745,                0.83668,                0.86586,                0.72076,                0.65675,                0.39942,                 1.4669,                0.09862,               0.001189,               0.001189,               0.001189,                      0,                0.69903,                0.68692,                0.67513,                0.50098,                0.68662,                0.42492,                 0.1891,                0.44268,                0.55699,                0.41296,                0.65291,                      0,                0.69098,                0.67945,                0.66835,                0.47418,                0.69077,                0.45847,                0.19405,                0.44493,                0.53719,                0.41296,                0.69023,                      0,                0.72021,                0.69201,                0.67856,                0.46438,                0.71081,                0.45277,                0.19957,                0.44285,                0.53304,                0.41296,                0.68527,               0.014282,                      0,                0.76593,                0.58554,                0.31351,                0.48708,                0.26905,                0.73095,                0.73095,                      1
                     91,                0.62225,                0.36905,                 1.3354,                0.08917,                0.83838,                0.83684,                0.86578,                0.72109,                0.65682,                0.39957,                  1.467,                0.09861,                0.00109,                0.00109,                0.00109,                      0,                0.69368,                0.68527,                0.67581,                0.49727,                0.68457,                0.42607,                0.19049,                0.44513,                0.55112,                0.41351,                0.65986,                      0,                0.68535,                0.67898,                0.66815,                0.47635,                0.68772,                0.45744,                0.19471,                0.44708,                0.53497,                0.41351,                0.69416,                      0,                0.71352,                0.69244,                0.67995,                0.46713,                0.70652,                 0.4481,                 0.2013,                0.44555,                0.53359,                0.41351,                0.68755,               0.014542,                      0,                 0.7648,                0.58326,                0.31167,                0.48493,                0.26951,                0.73049,                0.73049,                      1
                     92,                0.61977,                0.36847,                 1.3287,                0.08875,                0.83869,                0.83747,                0.86552,                0.72059,                0.65682,                0.39962,                 1.4672,                0.09859,               0.000991,               0.000991,               0.000991,                      0,                0.70046,                0.68442,                0.67219,                 0.4964,                0.68881,                 0.4337,                0.18996,                0.44178,                0.54798,                0.41138,                0.65694,                      0,                0.69411,                 0.6774,                0.66509,                 0.4727,                0.69248,                0.46417,                0.19446,                0.44274,                0.53051,                0.41138,                0.68802,                      0,                0.71583,                0.68884,                 0.6755,                0.46326,                0.70788,                0.45722,                0.20015,                0.44347,                0.53124,                0.41138,                0.68613,               0.014373,                      0,                0.76132,                0.58466,                0.31665,                0.48415,                0.26776,                0.73224,                0.73224,                      1
                     93,                0.61662,                0.36593,                 1.3347,                0.08893,                 0.8392,                0.83676,                0.86538,                 0.7205,                 0.6568,                0.39976,                 1.4676,                0.09858,               0.000892,               0.000892,               0.000892,                      0,                0.69005,                0.68639,                 0.6749,                0.49952,                0.68272,                0.42976,                0.19085,                0.44829,                 0.5439,                0.41435,                0.66351,                      0,                0.68501,                0.67945,                0.66801,                 0.4734,                0.68903,                0.46366,                0.19542,                0.45059,                0.52351,                0.41435,                0.69957,                      0,                0.71366,                0.69205,                0.67853,                0.46316,                0.70755,                0.45674,                0.20145,                0.44716,                0.52391,                0.41435,                0.69152,               0.014789,                      0,                0.76443,                0.57933,                0.31171,                0.48219,                0.27607,                0.72393,                0.72393,                      1
                     94,                0.61285,                0.36305,                 1.3285,                0.08844,                0.83941,                0.83659,                0.86525,                0.72056,                 0.6568,                0.39977,                 1.4676,                0.09857,               0.000793,               0.000793,               0.000793,                      0,                0.69686,                0.68232,                0.66944,                0.49645,                0.68635,                0.43643,                0.18985,                0.44443,                0.54314,                0.41164,                0.65801,                      0,                0.69075,                0.67633,                0.66376,                 0.4703,                0.69192,                0.46721,                0.19519,                0.44634,                0.52415,                0.41164,                0.69508,                      0,                0.71251,                0.68848,                0.67485,                0.46075,                0.70862,                0.46129,                0.20104,                0.44595,                 0.5255,                0.41164,                0.69814,               0.014705,                      0,                0.75953,                0.57992,                0.31764,                0.47861,                0.27041,                0.72959,                0.72959,                      1
                     95,                0.61023,                 0.3613,                 1.3265,                0.08863,                0.84009,                0.83609,                0.86516,                0.72053,                0.65687,                0.39989,                 1.4677,                0.09856,               0.000694,               0.000694,               0.000694,                      0,                0.69634,                0.68346,                0.67048,                0.49786,                0.68507,                0.43534,                0.18922,                0.44177,                0.53942,                0.41145,                0.65398,                      0,                 0.6908,                0.67668,                0.66364,                0.47286,                0.69128,                0.46592,                0.19409,                0.44247,                0.52173,                0.41145,                0.69261,                      0,                0.71953,                0.69071,                0.67541,                0.46432,                0.71015,                 0.4556,                0.20085,                0.43947,                0.52333,                0.41145,                0.68431,               0.014708,                      0,                0.76211,                 0.5835,                0.31605,                0.48212,                0.26612,                0.73388,                0.73388,                      1
                     96,                0.60862,                0.35979,                 1.3288,                0.08905,                0.83836,                0.83643,                0.86471,                0.72023,                0.65688,                 0.4001,                 1.4681,                0.09856,               0.000595,               0.000595,               0.000595,                      0,                0.69896,                0.68528,                0.67163,                0.49891,                0.68643,                0.43158,                0.18963,                0.44055,                0.54798,                0.41014,                0.65209,                      0,                 0.6939,                0.67854,                 0.6648,                0.47543,                0.69296,                0.46179,                0.19451,                0.44222,                0.53338,                0.41014,                0.69036,                      0,                 0.7161,                0.69191,                0.67555,                0.46534,                0.70964,                0.45781,                 0.2007,                0.44239,                 0.5336,                0.41014,                0.69196,               0.014742,                      0,                0.76412,                0.58458,                0.31508,                0.48153,                0.26732,                0.73268,                0.73268,                      1
                     97,                0.61082,                0.36056,                  1.321,                0.08888,                 0.8382,                0.83651,                0.86472,                0.72031,                0.65688,                0.40013,                 1.4683,                0.09856,               0.000496,               0.000496,               0.000496,                      0,                0.69747,                0.68571,                0.67388,                0.49894,                0.68579,                0.42923,                0.18978,                0.44393,                0.54509,                0.41356,                0.65457,                      0,                 0.6898,                0.67672,                0.66474,                0.47293,                0.69178,                0.46488,                0.19327,                0.44694,                0.52865,                0.41356,                0.69708,                      0,                0.71176,                0.69028,                0.67665,                0.46272,                0.70678,                0.45831,                0.20015,                0.44603,                0.52802,                0.41356,                0.69349,               0.014628,                      0,                 0.7633,                0.58191,                 0.3133,                0.48369,                0.27234,                0.72766,                0.72766,                      1
                     98,                0.60824,                0.35841,                 1.3259,                0.08868,                0.83815,                  0.836,                0.86447,                0.72026,                0.65683,                0.40022,                 1.4684,                0.09854,               0.000397,               0.000397,               0.000397,                      0,                0.69857,                0.68432,                0.67237,                0.49698,                0.68889,                0.43294,                0.19008,                0.44414,                0.54246,                0.41277,                 0.6629,                      0,                0.69214,                0.67741,                0.66586,                0.47258,                0.69462,                0.46208,                0.19488,                0.44575,                0.52522,                0.41277,                0.70127,                      0,                0.71604,                0.69032,                  0.678,                0.46295,                0.71084,                0.45549,                0.20119,                0.44536,                0.52924,                0.41277,                0.69689,               0.014216,                      0,                 0.7618,                0.58392,                0.31632,                0.48444,                0.27141,                0.72859,                0.72859,                      1
                     99,                0.60922,                0.35909,                 1.3258,                0.08892,                 0.8374,                0.83696,                0.86412,                0.71981,                 0.6568,                0.40038,                 1.4687,                0.09852,               0.000298,               0.000298,               0.000298,                      0,                0.70015,                0.68466,                0.67193,                0.49773,                0.68657,                0.43294,                0.18851,                0.44072,                0.55276,                0.40986,                0.64916,                      0,                 0.6975,                0.67786,                0.66439,                0.47213,                0.69487,                 0.4654,                0.19322,                0.44076,                0.53588,                0.40986,                 0.6876,                      0,                0.72206,                0.69192,                0.67636,                0.46241,                0.71257,                0.45748,                0.20017,                0.43886,                0.53782,                0.40986,                 0.6864,               0.014437,                      0,                 0.7618,                0.58592,                0.31741,                0.48333,                0.26625,                0.73375,                0.73375,                      1
                    100,                0.60674,                0.35607,                 1.3218,                0.08841,                0.83641,                0.83711,                0.86403,                 0.7199,                 0.6568,                0.40036,                  1.469,                0.09851,               0.000199,               0.000199,               0.000199,                      0,                0.69599,                0.68524,                0.67436,                0.49485,                0.68717,                0.43165,                0.19055,                0.44568,                0.54828,                0.41353,                0.66365,                      0,                0.69243,                0.67659,                0.66509,                0.46783,                0.69433,                0.46596,                0.19446,                0.44636,                0.53108,                0.41353,                0.69941,                      0,                0.71327,                0.68874,                0.67652,                0.45638,                0.70952,                0.45951,                0.20129,                0.44751,                0.53149,                0.41353,                0.69952,               0.014629,                      0,                0.75791,                0.58326,                0.31341,                0.48516,                0.27275,                0.72725,                0.72725,                      1
