                  epoch,         train/box_loss,         train/cls_loss,         train/dfl_loss,   train/ir_prompt_loss, train/rgb_spatial_loss,  train/rgb_global_loss,   metrics/precision(B),      metrics/recall(B),       metrics/mAP50(B),    metrics/mAP50-95(B),           val/box_loss,           val/cls_loss,           val/dfl_loss,     val/ir_prompt_loss,   val/rgb_spatial_loss,    val/rgb_global_loss,                 lr/pg0,                 lr/pg1,                 lr/pg2,       p2/P3_ir_bg_mean,     p2/P3_ir_fg_bg_gap,       p2/P3_ir_fg_mean,   p2/P3_ir_prompt_mean,    p2/P3_ir_prompt_std,  p2/P3_rgb_global_mean,   p2/P3_rgb_global_mse,   p2/P3_rgb_global_std, p2/P3_rgb_spatial_mean,  p2/P3_rgb_spatial_mse,  p2/P3_rgb_spatial_std,p2/P4_gder_attention_weight,p2/P4_gder_modality_weight,p2/P4_gder_modality_weight_std,       p2/P4_ir_bg_mean,     p2/P4_ir_fg_bg_gap,       p2/P4_ir_fg_mean,   p2/P4_ir_prompt_mean,    p2/P4_ir_prompt_std,  p2/P4_rgb_global_mean,   p2/P4_rgb_global_mse,   p2/P4_rgb_global_std, p2/P4_rgb_spatial_mean,  p2/P4_rgb_spatial_mse,  p2/P4_rgb_spatial_std,p2/P5_gder_attention_weight,p2/P5_gder_modality_weight,p2/P5_gder_modality_weight_std,  p2/P5_rgb_global_mean,   p2/P5_rgb_global_mse,   p2/P5_rgb_global_std,p2/rgb_global_teacher_max,p2/rgb_global_teacher_mean,p2/rgb_global_teacher_min,p2/rgb_global_teacher_std,p2/prompt_warmup_factor
                      1,                 1.3402,                  1.482,                  1.596,                      0,                      0,                      0,                0.60233,                0.53285,                0.49733,                0.37666,                0.87332,                0.82378,                 1.4981,                      0,                      0,                      0,               0.070106,              0.0033215,              0.0033215,               0.079843,             -0.0028883,               0.076955,               0.079754,              0.0056028,               0.028356,                0.24942,              0.0044411,                0.42724,               0.053655,                  0.015,                    0.5,                    0.5,             8.5494e-06,                0.11246,               0.001043,                 0.1135,                0.11249,              0.0044002,                0.30768,               0.054916,               0.044587,                0.51256,                0.04513,               0.016137,                0.50003,                0.49997,             2.6662e-05,                0.28359,               0.067301,               0.051538,                0.69226,                0.51807,                0.31993,               0.094047,                      0
                      2,                 1.0636,                 0.8872,                 1.4203,                0.00475,                  5e-05,                  8e-05,                0.57955,                0.65062,                0.62054,                0.46971,                0.85296,                0.66968,                 1.4652,                0.00441,                  5e-05,                  9e-05,                0.04004,               0.006589,               0.006589,               0.093323,             -0.0021153,               0.091208,               0.093258,              0.0045534,               0.035247,                0.24566,              0.0056976,                 0.4313,               0.053397,               0.015493,                0.50001,                0.49999,             1.4169e-05,                0.12069,              0.0014422,                0.12213,                0.12073,              0.0056208,                0.40659,               0.025008,               0.048413,                0.51225,               0.045054,               0.015874,                0.50008,                0.49992,             7.0144e-05,                 0.3087,               0.057022,               0.050167,                0.69538,                0.52091,                 0.3223,               0.094522,                    0.1
                      3,                0.88671,                0.69277,                 1.4071,                0.00911,                 0.0001,                  5e-05,                0.55961,                 0.5825,                0.58985,                0.44146,                 0.8292,                0.67996,                 1.5937,                0.00861,                  9e-05,                  2e-05,              0.0099086,              0.0097904,              0.0097904,                 0.1327,              0.0002164,                0.13292,                0.13271,              0.0031724,                0.32474,               0.080391,               0.016953,                0.44704,               0.050734,               0.013485,                0.50001,                0.49999,             1.4592e-05,                0.17714,              0.0058697,                0.18301,                0.17733,               0.017784,                0.51783,              0.0093581,               0.047054,                0.51163,               0.044972,               0.015254,                0.50012,                0.49988,             9.1765e-05,                0.42953,               0.020918,               0.054402,                0.69379,                0.52101,                0.32264,               0.094026,                    0.2
                      4,                0.80377,                0.60559,                 1.4255,                 0.0133,                0.00014,                  1e-05,                0.69467,                0.70533,                0.71435,                0.56486,                0.75173,                0.55493,                 1.4812,                0.01282,                0.00013,                  3e-05,               0.009703,               0.009703,               0.009703,                0.20942,              0.0090859,                0.21851,                 0.2097,               0.014951,                0.51894,              0.0093208,               0.018693,                0.47475,               0.047092,               0.008961,                0.50001,                0.49999,             1.5373e-05,                0.22458,                0.01232,                 0.2369,                0.22496,               0.028767,                0.51639,              0.0090778,               0.049495,                0.51043,               0.044876,               0.013913,                0.50012,                0.49988,             9.7141e-05,                0.51591,              0.0093548,               0.055393,                0.69553,                0.51988,                0.31573,               0.095637,                    0.3
                      5,                0.78843,                0.58131,                 1.4168,                0.01758,                0.00018,                  2e-05,                0.71424,                0.70939,                0.74111,                0.59059,                0.74185,                0.53786,                 1.5088,                0.01697,                0.00016,                  3e-05,               0.009604,               0.009604,               0.009604,                0.23249,               0.018138,                0.25063,                0.23304,               0.024029,                0.52076,              0.0078673,               0.020557,                0.49336,               0.045443,                0.00604,                0.50001,                0.49999,             1.6101e-05,                0.22481,               0.016653,                0.24146,                0.22532,               0.030085,                0.51708,              0.0095525,               0.057569,                 0.5099,               0.044693,               0.012729,                0.50012,                0.49988,             9.7875e-05,                0.52106,              0.0077885,               0.052935,                0.69178,                0.51961,                0.32459,               0.093355,                    0.4
                      6,                0.77247,                0.56002,                 1.4016,                0.02199,                0.00023,                  2e-05,                0.74335,                0.73334,                0.76653,                0.61472,                0.73375,                0.52034,                 1.4585,                0.02109,                 0.0002,                  4e-05,               0.009505,               0.009505,               0.009505,                0.23421,               0.027608,                0.26181,                0.23506,               0.029913,                0.51819,              0.0074338,               0.023754,                0.50297,               0.045707,              0.0046275,                0.50001,                0.49999,             1.6341e-05,                0.22604,               0.022477,                0.24852,                0.22675,               0.032854,                0.51641,               0.011504,               0.071593,                0.50943,               0.045483,               0.011509,                0.50011,                0.49989,              0.0001024,                0.51606,              0.0074729,               0.054058,                0.69071,                0.51598,                0.31854,               0.094903,                    0.5
                      7,                 0.7648,                0.54778,                 1.4037,                0.02616,                0.00027,                  3e-05,                0.76941,                0.73388,                0.78511,                0.63688,                0.71375,                0.49681,                 1.4669,                0.02517,                0.00024,                  4e-05,               0.009406,               0.009406,               0.009406,                0.23185,               0.039504,                0.27135,                0.23307,               0.037058,                0.52234,              0.0068003,               0.026381,                0.50933,               0.045217,              0.0038268,                0.50001,                0.49999,             1.6948e-05,                0.22455,               0.029531,                0.25408,                0.22547,               0.035622,                 0.5178,               0.013008,               0.081762,                0.50978,               0.045096,               0.010254,                0.50011,                0.49989,             0.00010817,                0.51963,              0.0065479,               0.055151,                0.69343,                0.51871,                0.32047,               0.093893,                    0.6
                      8,                0.75761,                 0.5439,                 1.4056,                0.03005,                0.00032,                  3e-05,                0.73807,                 0.7299,                0.75368,                0.60622,                0.72838,                0.51225,                   1.48,                0.02889,                0.00028,                  5e-05,               0.009307,               0.009307,               0.009307,                0.22894,               0.060947,                0.28988,                 0.2308,                0.04934,                0.52038,              0.0059429,               0.029903,                0.51323,               0.045158,              0.0032344,                0.50001,                0.49999,             1.7312e-05,                0.22422,               0.049442,                0.27366,                0.22574,               0.044094,                0.51745,               0.014335,                0.10073,                0.51036,               0.045072,              0.0093662,                0.50011,                0.49989,             0.00011363,                0.51886,              0.0051502,                0.06311,                0.69121,                0.51846,                0.32313,                0.09368,                    0.7
                      9,                0.75552,                0.53536,                 1.3917,                0.03347,                0.00036,                  4e-05,                0.76733,                0.76731,                0.80212,                0.65072,                0.70581,                0.48268,                 1.4543,                0.03168,                0.00032,                  5e-05,               0.009208,               0.009208,               0.009208,                0.21616,                0.10216,                0.31833,                 0.2193,               0.067313,                0.52101,              0.0056467,               0.031987,                  0.516,               0.045143,              0.0027927,                0.50001,                0.49999,             1.8087e-05,                0.21519,               0.093579,                0.30877,                0.21808,               0.060503,                0.50909,                0.01765,                0.11005,                0.51141,               0.045084,              0.0085648,                0.50011,                0.49989,             0.00011748,                0.52114,              0.0055154,               0.060673,                0.69313,                0.51914,                0.32499,               0.093353,                    0.8
                     10,                0.74948,                0.53158,                 1.3855,                0.03576,                 0.0004,                  4e-05,                0.75277,                0.73161,                0.77039,                0.62567,                0.70816,                0.49753,                 1.4796,                0.03374,                0.00036,                  6e-05,               0.009109,               0.009109,               0.009109,                0.17791,                0.19332,                0.37123,                0.18383,                0.09845,                0.52169,              0.0051979,               0.035129,                0.51746,               0.044874,               0.002481,                0.50001,                0.49999,             1.8726e-05,                0.18346,                0.18224,                 0.3657,                0.18906,               0.090157,                0.52437,               0.017831,                0.10812,                  0.512,               0.044838,                0.00773,                0.50011,                0.49989,             0.00012214,                0.51826,              0.0056313,               0.057398,                 0.6931,                0.52113,                0.32608,               0.093092,                    0.9
                     11,                0.74471,                0.52378,                 1.3879,                0.03768,                0.00045,                  4e-05,                0.71996,                0.75422,                0.77413,                0.62238,                0.72141,                0.52507,                 1.5301,                0.03615,                 0.0004,                  7e-05,                0.00901,                0.00901,                0.00901,                 0.1331,                0.27793,                0.41103,                0.14154,                0.11885,                0.52122,              0.0048211,               0.040405,                0.51861,               0.045095,              0.0022027,                0.50002,                0.49998,             1.9632e-05,                0.14587,                0.26826,                0.41413,                0.15406,                0.10974,                0.51692,                0.01794,                0.10928,                0.51305,               0.045053,              0.0071315,                0.50011,                0.49989,             0.00012908,                0.51876,              0.0050481,               0.061844,                0.69495,                0.52101,                0.32102,               0.095068,                      1
                     12,                0.73899,                0.51697,                 1.3839,                0.03636,                0.00045,                  4e-05,                0.77877,                 0.7704,                 0.8088,                0.65886,                0.69923,                0.47751,                 1.4439,                0.03456,                 0.0004,                  6e-05,               0.008911,               0.008911,               0.008911,                0.10412,                0.32759,                0.43171,                0.11418,                0.12721,                0.52104,              0.0043387,               0.044369,                0.51935,               0.045258,              0.0019793,                0.50002,                0.49998,             2.0193e-05,                0.11849,                0.32075,                0.43924,                0.12838,                0.11932,                0.52083,               0.019594,                0.11495,                 0.5136,               0.045202,              0.0065879,                0.50011,                0.49989,             0.00013336,                0.52127,              0.0046524,               0.065458,                 0.6942,                0.51973,                0.32147,               0.094245,                      1
                     13,                 0.7355,                0.51613,                 1.3838,                0.03551,                0.00045,                  5e-05,                0.76982,                0.75665,                0.80343,                 0.6557,                0.69506,                0.47029,                 1.4883,                0.03371,                 0.0004,                  5e-05,               0.008812,               0.008812,               0.008812,               0.086802,                0.35612,                0.44292,               0.097811,                0.13175,                0.52108,              0.0040998,               0.046275,                0.51931,               0.045035,              0.0017648,                0.50002,                0.49998,             2.1316e-05,                0.10192,                0.34974,                0.45166,                0.11279,                0.12484,                0.52607,               0.023962,                0.12577,                0.51388,               0.044994,              0.0060577,                0.50011,                0.49989,             0.00013711,                0.51893,              0.0049082,               0.059401,                0.69492,                0.52032,                0.32212,               0.094499,                      1
                     14,                0.73088,                0.51179,                 1.3795,                0.03465,                0.00045,                  5e-05,                0.75581,                0.77606,                0.81084,                 0.6685,                0.68628,                0.46073,                 1.4736,                0.03296,                 0.0004,                  5e-05,               0.008713,               0.008713,               0.008713,               0.075322,                0.37654,                0.45186,               0.086896,                0.13499,                0.52199,              0.0043559,               0.044806,                0.51953,                 0.0451,              0.0015975,                0.50002,                0.49998,             2.2514e-05,               0.087336,                0.37772,                0.46506,               0.099007,                0.12937,                0.51844,               0.023391,                0.13261,                0.51452,               0.045056,              0.0056104,                0.50011,                0.49989,             0.00014093,                0.52107,              0.0050795,               0.060207,                  0.695,                0.51955,                0.31969,               0.095327,                      1
                     15,                0.73023,                0.50799,                 1.3815,                0.03409,                0.00045,                  5e-05,                0.79618,                0.77989,                0.82715,                0.68181,                0.68363,                0.45737,                   1.45,                0.03237,                 0.0004,                  5e-05,               0.008614,               0.008614,               0.008614,               0.069108,                0.38788,                0.45699,               0.080948,                0.13743,                 0.5207,              0.0039951,               0.045574,                0.51953,               0.044732,              0.0014381,                0.50002,                0.49998,             2.3543e-05,               0.076993,                0.39749,                0.47449,                 0.0892,                0.13314,                0.51415,               0.021974,                0.12677,                0.51464,               0.044703,              0.0050519,                0.50012,                0.49988,             0.00014502,                0.51906,              0.0044882,               0.056258,                0.69397,                0.52098,                0.32659,               0.092129,                      1
                     16,                0.72612,                0.50167,                 1.3764,                0.03351,                0.00045,                  6e-05,                0.81887,                0.76913,                0.83825,                0.68902,                0.67807,                0.44629,                 1.4469,                0.03191,                 0.0004,                  5e-05,               0.008515,               0.008515,               0.008515,               0.063894,                0.39824,                0.46213,               0.076074,                0.13937,                0.52144,              0.0038111,               0.049342,                0.51953,               0.044729,              0.0013127,                0.50002,                0.49998,             2.5159e-05,               0.069428,                0.41388,                0.48331,               0.082156,                0.13608,                0.51745,               0.028854,                 0.1332,                0.51489,               0.044714,              0.0046456,                0.50012,                0.49988,             0.00014906,                0.52092,               0.004443,                 0.0605,                0.69233,                0.51997,                0.32144,               0.094417,                      1
                     17,                0.72447,                0.50047,                 1.3802,                0.03328,                0.00045,                  5e-05,                0.77904,                0.77083,                0.81341,                0.66913,                0.68323,                 0.4619,                 1.4679,                0.03167,                0.00039,                  5e-05,               0.008416,               0.008416,               0.008416,               0.059884,                0.40049,                0.46038,                0.07218,                0.13956,                0.52361,              0.0037242,               0.049528,                0.51993,               0.044679,              0.0012014,                0.50002,                0.49998,             2.7622e-05,               0.062968,                0.42279,                0.48576,               0.076016,                0.13814,                0.49577,               0.027159,                0.13552,                0.51535,               0.044656,              0.0042841,                0.50012,                0.49988,             0.00015336,                0.52104,              0.0045009,                0.05613,                0.69206,                0.52021,                0.32377,                0.09321,                      1
                     18,                0.71917,                0.49534,                 1.3752,                0.03316,                0.00045,                  5e-05,                0.79832,                0.79453,                0.83767,                 0.6899,                0.67716,                0.44438,                 1.4325,                0.03114,                0.00039,                  5e-05,               0.008317,               0.008317,               0.008317,               0.058329,                0.40231,                0.46064,               0.070848,                0.14056,                0.51931,              0.0036086,               0.052159,                0.51961,               0.045342,              0.0010875,                0.50002,                0.49998,             3.0843e-05,               0.058319,                0.43007,                0.48839,               0.071786,                0.14037,                0.51886,               0.025947,                 0.1327,                0.51554,               0.045263,               0.003966,                0.50012,                0.49988,              0.0001573,                0.51743,              0.0046809,               0.056324,                0.68909,                0.51668,                0.31885,               0.094386,                      1
                     19,                0.71778,                0.49372,                 1.3818,                0.03299,                0.00045,                  6e-05,                0.80356,                 0.7855,                0.83276,                0.68493,                0.67979,                0.44559,                 1.4711,                0.03122,                0.00039,                  5e-05,               0.008218,               0.008218,               0.008218,               0.055614,                 0.4049,                0.46051,               0.068142,                0.14111,                0.52186,              0.0035342,               0.052643,                0.51955,               0.045118,              0.0010066,                0.50003,                0.49997,             3.3335e-05,               0.053174,                0.43734,                0.49052,               0.066783,                0.14142,                0.49567,               0.031335,                0.14363,                0.51551,               0.045036,              0.0036194,                0.50012,                0.49988,             0.00016074,                 0.5201,              0.0045128,               0.056418,                0.69168,                0.51898,                0.32157,               0.094757,                      1
                     20,                0.71847,                0.49471,                 1.3754,                0.03239,                0.00045,                  5e-05,                0.80681,                0.75305,                0.82367,                0.67627,                0.68029,                0.45497,                 1.4631,                0.03081,                0.00039,                  6e-05,               0.008119,               0.008119,               0.008119,               0.053806,                0.41216,                0.46596,               0.066335,                0.14101,                0.52299,              0.0037596,               0.049072,                0.51983,               0.044693,             0.00092266,                0.50003,                0.49997,             3.6643e-05,                0.04838,                0.44797,                0.49635,               0.062079,                0.14241,                0.50881,               0.027277,                0.13715,                0.51582,               0.044648,              0.0033748,                0.50012,                0.49988,             0.00016492,                0.52218,              0.0042879,                0.05633,                0.69356,                 0.5208,                0.32525,                0.09318,                      1
                     21,                0.71691,                0.48816,                 1.3787,                0.03198,                0.00045,                  6e-05,                0.79631,                0.79858,                0.83461,                0.68793,                0.67592,                 0.4438,                  1.457,                 0.0305,                0.00039,                  5e-05,                0.00802,                0.00802,                0.00802,               0.051817,                 0.4147,                0.46652,               0.064287,                0.14019,                0.52059,              0.0037587,               0.050644,                0.51963,               0.044864,             0.00084915,                0.50003,                0.49997,             3.9697e-05,               0.044011,                0.45711,                0.50112,               0.057839,                0.14349,                0.50156,               0.030978,                0.13472,                0.51601,               0.044848,               0.003154,                0.50013,                0.49987,             0.00016781,                0.51848,              0.0044673,               0.055471,                 0.6945,                0.52073,                0.32786,               0.093356,                      1
                     22,                0.70864,                0.48587,                 1.3732,                0.03197,                0.00045,                  5e-05,                0.80607,                0.81071,                0.84482,                0.69914,                0.66818,                0.43276,                 1.4403,                0.03015,                0.00039,                  5e-05,               0.007921,               0.007921,               0.007921,               0.051571,                0.41819,                0.46976,               0.064427,                0.14237,                0.52201,              0.0035084,               0.052259,                0.51975,                0.04489,             0.00077641,                0.50003,                0.49997,             4.3247e-05,               0.041049,                0.46419,                0.50524,               0.055397,                0.14583,                0.52088,               0.024947,                 0.1368,                0.51611,               0.044856,              0.0029241,                0.50013,                0.49987,             0.00017054,                 0.5202,              0.0046008,               0.052814,                 0.6923,                0.51999,                0.32324,               0.093398,                      1
                     23,                0.71128,                0.48625,                 1.3819,                0.03169,                0.00045,                  5e-05,                0.81581,                0.79796,                0.85137,                0.70643,                0.66817,                0.43114,                 1.4333,                   0.03,                 0.0004,                  5e-05,               0.007822,               0.007822,               0.007822,               0.050101,                0.41716,                0.46726,               0.062666,                0.14102,                0.51877,              0.0033846,               0.053006,                0.51932,               0.044797,             0.00071709,                0.50003,                0.49997,             4.6045e-05,               0.039323,                0.46595,                0.50527,               0.053432,                  0.145,                0.49776,                0.02904,                0.13937,                0.51586,               0.044772,              0.0026571,                0.50013,                0.49987,             0.00017382,                0.51757,              0.0042898,               0.055041,                0.69296,                0.52119,                0.32325,               0.093298,                      1
                     24,                0.70886,                0.48405,                 1.3735,                 0.0317,                0.00045,                  5e-05,                0.81402,                0.77761,                0.83669,                0.69505,                0.66905,                0.43159,                 1.4541,                0.02988,                 0.0004,                  6e-05,               0.007723,               0.007723,               0.007723,               0.049049,                0.42091,                0.46996,               0.061987,                0.14224,                0.52111,              0.0036263,               0.050553,                0.51904,               0.045013,             0.00066815,                0.50003,                0.49997,             4.9662e-05,               0.037765,                0.47088,                0.50865,               0.052307,                0.14616,                0.52148,               0.026993,                0.13539,                0.51584,               0.044986,              0.0024907,                0.50013,                0.49987,             0.00017649,                0.51901,              0.0043854,               0.053377,                0.69386,                0.52003,                0.32394,               0.093762,                      1
                     25,                0.70435,                0.47349,                 1.3762,                0.03174,                0.00045,                  5e-05,                0.80596,                0.81698,                0.84957,                0.70543,                0.66304,                0.42479,                  1.444,                0.02968,                0.00039,                  5e-05,               0.007624,               0.007624,               0.007624,               0.048991,                0.42141,                 0.4704,               0.062051,                0.14276,                0.52274,              0.0035493,                0.05219,                0.51904,               0.044693,             0.00061854,                0.50004,                0.49996,             5.3617e-05,               0.036867,                0.47274,                0.50961,               0.051606,                 0.1466,                0.50119,               0.026341,                0.13447,                0.51609,               0.044669,              0.0023074,                0.50013,                0.49987,             0.00017878,                0.52073,              0.0044473,               0.052651,                0.69441,                0.51902,                0.32436,               0.093755,                      1
                     26,                0.70181,                0.47265,                 1.3737,                0.03109,                0.00045,                  6e-05,                 0.8133,                0.79943,                0.84739,                0.70386,                0.66649,                0.42749,                 1.4305,                0.02951,                0.00039,                  5e-05,               0.007525,               0.007525,               0.007525,               0.047328,                0.42922,                0.47655,               0.060357,                0.14289,                0.52087,              0.0032958,               0.053348,                0.51899,               0.044734,             0.00057615,                0.50004,                0.49996,             5.6257e-05,               0.036445,                0.47941,                0.51586,               0.051083,                 0.1465,                0.52537,               0.030092,                0.13871,                 0.5161,               0.044691,              0.0021627,                0.50014,                0.49986,             0.00018093,                0.51988,              0.0046129,               0.050964,                0.69133,                 0.5193,                0.32344,               0.093634,                      1
                     27,                0.69707,                0.47163,                 1.3692,                0.03142,                0.00045,                  6e-05,                0.80053,                0.81037,                0.84799,                0.70715,                0.66075,                0.42423,                 1.4368,                0.02942,                0.00039,                  5e-05,               0.007426,               0.007426,               0.007426,               0.047278,                0.42459,                0.47186,               0.060464,                0.14336,                0.52122,              0.0034187,               0.053759,                0.51898,               0.044836,             0.00053725,                0.50004,                0.49996,             5.9567e-05,               0.035768,                0.47833,                 0.5141,               0.050713,                0.14707,                0.50225,               0.030223,                0.14561,                0.51611,               0.044794,              0.0019927,                0.50014,                0.49986,             0.00018366,                0.51917,              0.0044881,               0.051746,                 0.6927,                0.52029,                0.32366,               0.093789,                      1
                     28,                0.69809,                0.46924,                 1.3695,                0.03106,                0.00045,                  6e-05,                0.82195,                0.79886,                0.85967,                0.71523,                 0.6598,                0.42005,                 1.4471,                0.02924,                 0.0004,                  5e-05,               0.007327,               0.007327,               0.007327,               0.046573,                0.42839,                0.47496,               0.059639,                0.14327,                0.51953,               0.003395,               0.053269,                0.51882,               0.044988,             0.00050268,                0.50005,                0.49995,             6.7253e-05,               0.035089,                 0.4835,                0.51859,               0.049932,                 0.1469,                0.50714,               0.033355,                0.14458,                0.51611,               0.044949,              0.0018727,                0.50014,                0.49986,             0.00018627,                0.51938,              0.0044433,               0.051903,                0.69182,                0.51905,                0.32052,               0.093963,                      1
                     29,                0.69806,                0.46806,                 1.3783,                0.03094,                0.00045,                  6e-05,                0.80932,                0.81395,                0.85238,                0.71054,                0.65825,                0.41775,                 1.4516,                0.02913,                 0.0004,                  5e-05,               0.007228,               0.007228,               0.007228,               0.045093,                0.42941,                0.47451,               0.058134,                0.14252,                0.51993,              0.0034994,               0.053584,                0.51855,               0.045015,             0.00047043,                0.50005,                0.49995,             7.2829e-05,               0.034321,                0.48335,                0.51767,               0.049082,                0.14625,                0.52378,               0.030535,                0.14972,                0.51611,               0.044986,              0.0017369,                0.50014,                0.49986,             0.00018883,                0.51694,              0.0047837,               0.049772,                0.69508,                0.52031,                 0.3229,               0.094689,                      1
                     30,                0.69484,                0.46532,                 1.3678,                0.03082,                0.00045,                  7e-05,                0.81923,                0.81115,                0.85263,                0.71065,                 0.6595,                0.41748,                 1.4404,                0.02908,                 0.0004,                  5e-05,               0.007129,               0.007129,               0.007129,               0.045183,                0.43206,                0.47724,               0.058317,                0.14293,                0.52013,              0.0034968,               0.052658,                0.51835,               0.045122,              0.0004391,                0.50005,                0.49995,             7.9409e-05,               0.033748,                0.48508,                0.51883,               0.048585,                0.14617,                0.49446,               0.037148,                0.15313,                0.51599,               0.045105,              0.0016125,                0.50014,                0.49986,             0.00019119,                0.51699,              0.0047305,               0.051333,                0.69376,                0.51951,                 0.3257,               0.093956,                      1
                     31,                0.69857,                0.46705,                 1.3724,                0.03081,                0.00045,                  6e-05,                0.81952,                0.81988,                0.85321,                0.71084,                0.65826,                0.41777,                 1.4415,                0.02896,                 0.0004,                  5e-05,                0.00703,                0.00703,                0.00703,               0.044272,                0.42944,                0.47371,                0.05733,                0.14278,                0.52115,              0.0032595,               0.053541,                 0.5185,               0.044947,             0.00041072,                0.50006,                0.49994,             8.3837e-05,               0.033464,                 0.4847,                0.51816,               0.048287,                 0.1463,                0.49231,               0.030993,                0.14303,                0.51611,               0.044944,              0.0014926,                0.50014,                0.49986,             0.00019371,                0.51815,              0.0046858,               0.048786,                0.69088,                  0.521,                0.32444,               0.092914,                      1
                     32,                0.69225,                0.46113,                  1.375,                 0.0308,                0.00045,                  6e-05,                0.82978,                0.80721,                0.85645,                0.71411,                0.65872,                0.41319,                 1.4422,                0.02895,                 0.0004,                  5e-05,               0.006931,               0.006931,               0.006931,               0.045286,                0.43142,                 0.4767,               0.058468,                0.14357,                0.52182,              0.0034404,               0.053999,                0.51855,               0.044831,             0.00038338,                0.50006,                0.49994,             8.9291e-05,               0.033697,                 0.4873,                0.52099,               0.048694,                0.14691,                0.51305,               0.032266,                0.15487,                0.51615,               0.044815,              0.0014083,                0.50015,                0.49985,             0.00019629,                0.51994,              0.0048228,               0.049508,                0.69565,                  0.521,                0.32257,               0.094856,                      1
                     33,                0.69294,                 0.4616,                 1.3656,                0.03063,                0.00045,                  6e-05,                0.81128,                0.81298,                0.85202,                0.71137,                 0.6561,                 0.4165,                 1.4424,                0.02881,                0.00039,                  5e-05,               0.006832,               0.006832,               0.006832,               0.044004,                 0.4311,                 0.4751,               0.057076,                0.14259,                0.52375,               0.003369,               0.053444,                0.51886,               0.044743,             0.00036658,                0.50006,                0.49994,               9.54e-05,               0.032671,                0.48791,                0.52058,               0.047532,                0.14602,                0.49091,               0.033001,                0.15544,                0.51658,               0.044725,               0.001314,                0.50015,                0.49985,             0.00019852,                0.52098,              0.0046167,               0.050431,                0.69494,                0.52061,                0.32435,               0.093526,                      1
                     34,                0.68786,                0.45582,                  1.368,                0.03053,                0.00044,                  6e-05,                0.81595,                0.81173,                0.85149,                0.71082,                0.65732,                0.41774,                 1.4461,                0.02872,                0.00039,                  5e-05,               0.006733,               0.006733,               0.006733,               0.043339,                0.43449,                0.47783,               0.056575,                0.14305,                 0.5211,              0.0033626,               0.052909,                0.51904,               0.044483,             0.00033988,                0.50007,                0.49993,             0.00010011,               0.032361,                0.49027,                0.52263,               0.047377,                 0.1462,                0.49542,               0.032927,                0.14823,                 0.5166,               0.044479,                0.00123,                0.50015,                0.49985,             0.00020086,                0.51968,              0.0045967,               0.052085,                 0.6939,                 0.5225,                0.32289,                0.09398,                      1
                     35,                0.69084,                0.45695,                 1.3708,                0.03054,                0.00045,                  6e-05,                0.81154,                0.81372,                0.85286,                0.71275,                0.65627,                0.41399,                 1.4438,                0.02863,                0.00039,                  5e-05,               0.006634,               0.006634,               0.006634,               0.043658,                0.43375,                0.47741,               0.056782,                0.14278,                 0.5207,              0.0035206,               0.052306,                 0.5189,               0.044772,             0.00032753,                0.50007,                0.49993,             0.00010674,               0.032445,                0.49287,                0.52532,               0.047456,                0.14678,                0.49795,               0.031152,                0.15014,                 0.5166,               0.044771,              0.0011573,                0.50015,                0.49985,             0.00020345,                0.51685,              0.0046928,               0.048375,                0.69302,                0.51973,                0.32142,               0.094232,                      1
                     36,                0.68555,                0.45196,                 1.3637,                0.03053,                0.00045,                  5e-05,                0.81063,                0.81118,                0.85194,                0.71183,                0.65508,                0.41326,                 1.4445,                0.02858,                0.00039,                  5e-05,               0.006535,               0.006535,               0.006535,               0.043134,                0.43425,                0.47738,               0.056466,                0.14306,                 0.5223,              0.0034612,               0.050997,                  0.519,               0.045148,             0.00030391,                0.50007,                0.49993,             0.00011324,               0.031866,                 0.4913,                0.52317,               0.047032,                0.14649,                0.50323,               0.029096,                0.14497,                0.51694,               0.045143,              0.0010825,                0.50015,                0.49985,             0.00020602,                0.52149,              0.0047853,               0.047765,                0.69587,                0.52121,                0.32621,               0.093516,                      1
                     37,                0.67944,                0.44872,                 1.3637,                0.03021,                0.00045,                  5e-05,                0.82768,                0.80222,                0.85444,                0.71507,                0.65358,                0.40992,                 1.4481,                0.02848,                0.00039,                  5e-05,               0.006436,               0.006436,               0.006436,                0.04182,                0.43726,                0.47908,               0.055152,                0.14257,                0.51997,               0.003458,                0.05179,                0.51904,               0.045156,             0.00030067,                0.50007,                0.49993,             0.00012135,               0.031335,                0.49481,                0.52614,               0.046508,                 0.1462,                0.50184,               0.028271,                0.14477,                0.51685,               0.045137,              0.0010164,                0.50016,                0.49984,             0.00020831,                0.51949,              0.0050761,               0.047883,                0.69287,                0.51935,                0.32481,               0.093947,                      1
                     38,                0.68326,                0.44902,                 1.3716,                0.03024,                0.00045,                  5e-05,                 0.8224,                0.81998,                0.85451,                0.71453,                0.65285,                 0.4078,                 1.4523,                0.02842,                0.00039,                  5e-05,               0.006337,               0.006337,               0.006337,               0.041472,                0.43888,                0.48036,               0.054844,                0.14283,                0.51809,              0.0034454,               0.051161,                0.51864,               0.044581,              0.0002915,                0.50008,                0.49992,             0.00012893,               0.031017,                0.49651,                0.52753,                0.04623,                0.14637,                0.52158,               0.027951,                0.14211,                0.51663,               0.044587,             0.00094316,                0.50016,                0.49984,             0.00021021,                0.51786,              0.0048896,               0.046888,                0.69092,                0.51767,                0.32209,               0.093687,                      1
                     39,                0.67959,                0.44461,                 1.3698,                 0.0301,                0.00045,                  6e-05,                0.82828,                0.82284,                0.86009,                0.72097,                0.65255,                0.40659,                 1.4476,                0.02834,                0.00039,                  5e-05,               0.006238,               0.006238,               0.006238,               0.041945,                 0.4393,                0.48125,                0.05541,                 0.1432,                0.52298,              0.0034122,               0.050698,                0.51855,               0.044711,             0.00026825,                0.50008,                0.49992,             0.00013823,               0.030932,                 0.4979,                0.52883,               0.046278,                 0.1466,                0.49604,               0.029465,                0.14547,                0.51682,               0.044703,             0.00089561,                0.50016,                0.49984,             0.00021194,                0.52121,              0.0046459,               0.049359,                0.69384,                0.52096,                0.32313,               0.093824,                      1
                     40,                0.67778,                 0.4458,                 1.3666,                0.03019,                0.00045,                  6e-05,                0.82651,                0.82679,                0.86278,                0.72192,                0.65233,                0.40543,                 1.4501,                0.02828,                0.00039,                  5e-05,               0.006139,               0.006139,               0.006139,               0.041198,                0.43859,                0.47979,               0.054593,                0.14313,                  0.521,              0.0034516,               0.051664,                0.51871,               0.044822,             0.00026721,                0.50008,                0.49992,             0.00014458,               0.030401,                0.49638,                0.52678,                0.04565,                0.14617,                0.48819,               0.032838,                0.15391,                0.51709,               0.044819,             0.00084429,                0.50016,                0.49984,             0.00021306,                0.51914,              0.0048231,               0.048747,                0.69644,                  0.522,                0.32219,               0.094501,                      1
                     41,                  0.677,                0.44093,                 1.3723,                0.03023,                0.00045,                  6e-05,                0.83356,                0.81765,                0.85971,                0.71921,                0.65304,                 0.4054,                 1.4519,                0.02827,                0.00039,                  5e-05,                0.00604,                0.00604,                0.00604,               0.042474,                0.44081,                0.48328,                0.05601,                0.14412,                0.52146,               0.003353,               0.051323,                0.51904,               0.045145,             0.00025011,                0.50009,                0.49991,              0.0001497,               0.030886,                0.49798,                0.52887,               0.046257,                 0.1469,                0.49809,               0.031865,                0.15354,                0.51709,               0.045119,             0.00081049,                0.50016,                0.49984,              0.0002141,                0.51919,               0.004713,               0.048407,                0.69175,                0.51807,                0.32289,               0.093041,                      1
                     42,                0.67557,                0.44104,                 1.3652,                0.03009,                0.00045,                  6e-05,                0.82763,                0.82056,                0.85946,                0.71932,                0.65158,                0.40459,                  1.449,                0.02819,                0.00039,                  5e-05,               0.005941,               0.005941,               0.005941,               0.041534,                0.43995,                0.48148,               0.054975,                0.14302,                0.52017,              0.0035915,               0.050043,                 0.5187,               0.045141,             0.00025173,                0.50009,                0.49991,             0.00015871,               0.030704,                0.49884,                0.52955,               0.046022,                0.14647,                 0.5074,               0.029882,                0.14975,                0.51709,               0.045146,             0.00076386,                0.50017,                0.49983,             0.00021614,                0.51921,              0.0048884,                0.04816,                0.69407,                0.52006,                0.32236,               0.094717,                      1
                     43,                0.67008,                0.43729,                 1.3684,                0.02995,                0.00045,                  6e-05,                0.82238,                0.82588,                0.85934,                0.71985,                0.64967,                0.40288,                 1.4503,                0.02814,                0.00039,                  5e-05,               0.005842,               0.005842,               0.005842,               0.040629,                0.44286,                0.48349,               0.054179,                0.14292,                0.52132,              0.0035904,               0.049781,                0.51899,               0.045041,              0.0002397,                0.50009,                0.49991,             0.00016558,               0.029836,                0.49875,                0.52859,               0.045197,                0.14574,                0.51146,               0.033403,                0.15635,                0.51757,               0.045028,             0.00071934,                0.50017,                0.49983,             0.00021829,                0.52219,              0.0047514,               0.049469,                0.69436,                0.51917,                0.32457,                0.09438,                      1
                     44,                0.67224,                0.43582,                 1.3667,                0.03005,                0.00045,                  6e-05,                0.82558,                0.82584,                 0.8626,                0.72314,                0.64902,                0.40221,                 1.4468,                0.02812,                0.00039,                  5e-05,               0.005743,               0.005743,               0.005743,               0.041369,                0.44299,                0.48436,               0.055039,                0.14406,                0.52004,              0.0035927,               0.049362,                0.51904,               0.045146,             0.00019857,                 0.5001,                 0.4999,              0.0001727,               0.030345,                0.49802,                0.52836,               0.045802,                 0.1466,                0.50157,               0.035113,                0.15962,                0.51758,                0.04513,             0.00067909,                0.50017,                0.49983,             0.00022028,                0.52121,              0.0048687,                0.04735,                0.69071,                0.51894,                 0.3252,               0.093898,                      1
                     45,                0.67494,                0.43748,                 1.3708,                0.02991,                0.00045,                  6e-05,                0.82531,                0.82799,                0.86291,                0.72467,                0.64934,                0.40082,                 1.4492,                0.02809,                0.00039,                  5e-05,               0.005644,               0.005644,               0.005644,               0.040798,                 0.4414,                 0.4822,               0.054236,                0.14292,                0.52302,              0.0035493,               0.051938,                0.51904,                0.04489,             0.00018967,                0.50011,                0.49989,             0.00018269,               0.030089,                0.50034,                0.53043,               0.045391,                0.14595,                0.50055,               0.032315,                0.15564,                0.51766,               0.044888,             0.00064899,                0.50017,                0.49983,             0.00022204,                0.52133,              0.0050701,               0.047385,                0.69797,                0.52175,                0.32213,               0.095581,                      1
                     46,                0.67104,                0.43581,                 1.3717,                0.02988,                0.00045,                  6e-05,                0.82317,                0.82512,                0.86144,                0.72338,                0.64963,                0.40159,                 1.4492,                0.02805,                0.00039,                  5e-05,               0.005545,               0.005545,               0.005545,               0.040366,                0.44259,                0.48296,               0.053781,                 0.1431,                0.52033,              0.0034849,               0.050983,                0.51904,               0.044947,             0.00017321,                0.50011,                0.49989,             0.00018993,               0.029843,                0.49986,                 0.5297,               0.045072,                0.14589,                0.49242,                 0.0313,                0.15446,                0.51766,               0.044936,             0.00061613,                0.50017,                0.49983,             0.00022326,                0.52286,               0.005027,               0.046563,                0.69346,                0.52076,                0.32123,               0.094035,                      1
                     47,                0.67039,                0.43224,                 1.3642,                0.02984,                0.00045,                  6e-05,                0.83301,                 0.8198,                0.86163,                0.72404,                0.64932,                 0.4016,                 1.4476,                0.02802,                0.00039,                  5e-05,               0.005446,               0.005446,               0.005446,               0.040495,                0.44463,                0.48513,               0.054031,                0.14362,                0.51987,              0.0034195,                0.05147,                0.51904,               0.044728,             0.00023024,                0.50012,                0.49988,             0.00019987,               0.030026,                0.50243,                0.53246,               0.045402,                0.14658,                0.47633,               0.033227,                  0.152,                0.51783,               0.044726,             0.00057631,                0.50017,                0.49983,             0.00022458,                0.51956,              0.0050947,               0.046227,                0.69541,                0.51913,                0.32451,               0.094042,                      1
                     48,                0.66963,                0.43422,                 1.3644,                0.02983,                0.00045,                  6e-05,                0.83341,                0.81764,                0.86002,                  0.722,                  0.649,                0.40251,                 1.4448,                0.02799,                0.00039,                  5e-05,               0.005347,               0.005347,               0.005347,               0.040471,                0.44319,                0.48366,               0.053996,                0.14331,                0.51883,              0.0035744,               0.050048,                0.51876,               0.045018,             0.00020257,                0.50012,                0.49988,             0.00020511,               0.029657,                0.50228,                0.53193,               0.045067,                0.14641,                0.48118,               0.033442,                0.14827,                0.51771,                0.04498,             0.00054528,                0.50018,                0.49982,             0.00022623,                0.51944,              0.0050849,               0.046598,                0.69201,                0.51925,                0.32336,                0.09376,                      1
                     49,                 0.6663,                 0.4289,                 1.3606,                0.02969,                0.00045,                  6e-05,                0.83039,                0.82041,                0.86001,                0.72164,                 0.6491,                 0.4019,                 1.4478,                0.02796,                0.00039,                  5e-05,               0.005248,               0.005248,               0.005248,                0.03976,                0.44557,                0.48533,               0.053305,                0.14307,                0.52081,              0.0034404,               0.048906,                0.51855,               0.044876,             0.00015579,                0.50013,                0.49987,             0.00021142,               0.029227,                0.50497,                0.53419,               0.044647,                0.14624,                0.51026,               0.031304,                0.15087,                 0.5176,               0.044862,             0.00052174,                0.50018,                0.49982,              0.0002284,                0.52243,              0.0048385,               0.046347,                0.69137,                0.52059,                0.32835,               0.092633,                      1
                     50,                0.65992,                 0.4247,                 1.3626,                0.02983,                0.00045,                  6e-05,                0.83178,                0.81595,                 0.8598,                 0.7218,                0.64879,                0.40127,                 1.4498,                0.02793,                0.00039,                  5e-05,               0.005149,               0.005149,               0.005149,               0.040031,                0.44603,                0.48606,               0.053825,                0.14434,                0.51994,              0.0035281,               0.051106,                0.51855,               0.044864,             0.00014512,                0.50013,                0.49987,             0.00021892,                0.02909,                0.50337,                0.53246,               0.044741,                0.14662,                0.51161,               0.031536,                0.15517,                0.51758,               0.044834,             0.00049868,                0.50018,                0.49982,             0.00022979,                0.52366,              0.0048997,               0.047829,                0.69214,                0.51944,                0.32249,               0.094446,                      1
                     51,                0.66397,                0.42771,                 1.3633,                 0.0297,                0.00045,                  6e-05,                0.83096,                0.82043,                0.85978,                0.72216,                0.64878,                 0.4012,                 1.4485,                0.02789,                0.00039,                  5e-05,                0.00505,                0.00505,                0.00505,                0.04014,                0.44538,                0.48553,               0.053823,                0.14402,                0.51955,               0.003458,               0.052066,                0.51855,                0.04482,             0.00010686,                0.50014,                0.49986,             0.00023008,               0.028898,                0.50352,                0.53242,               0.044452,                0.14598,                0.53432,               0.031286,                0.15073,                0.51761,               0.044813,             0.00047982,                0.50018,                0.49982,             0.00023133,                0.52402,              0.0052483,               0.046896,                0.69345,                0.51989,                0.32636,               0.095056,                      1
                     52,                0.65965,                0.42416,                 1.3667,                0.02947,                0.00045,                  6e-05,                0.82583,                0.82458,                0.85927,                0.72116,                0.64838,                0.40131,                 1.4478,                0.02787,                0.00039,                  5e-05,               0.004951,               0.004951,               0.004951,               0.039332,                0.44711,                0.48644,               0.052838,                0.14266,                0.52058,              0.0034434,               0.052349,                0.51875,               0.045242,             0.00021278,                0.50015,                0.49985,             0.00023877,               0.028906,                0.50517,                0.53408,               0.044252,                0.14569,                0.50312,               0.031089,                0.15197,                0.51807,                0.04527,             0.00046083,                0.50018,                0.49982,             0.00023265,                 0.5219,              0.0053235,                 0.0446,                0.69447,                0.52055,                0.32259,               0.093735,                      1
                     53,                0.65578,                0.41978,                 1.3641,                0.02949,                0.00045,                  6e-05,                0.81842,                0.83356,                0.85974,                 0.7212,                0.64815,                 0.4004,                 1.4483,                0.02784,                0.00039,                  5e-05,               0.004852,               0.004852,               0.004852,               0.039914,                0.44973,                0.48965,               0.053559,                0.14399,                0.52005,              0.0033871,               0.052334,                0.51872,               0.044784,             0.00021305,                0.50015,                0.49985,             0.00024742,               0.028533,                0.50734,                0.53588,               0.044021,                0.14597,                0.49862,               0.030334,                0.14677,                0.51807,               0.044792,             0.00043148,                0.50019,                0.49981,              0.0002338,                0.52004,              0.0052488,               0.044752,                0.69566,                0.52147,                0.32213,               0.093981,                      1
                     54,                0.65404,                0.41736,                 1.3681,                0.02937,                0.00045,                  6e-05,                0.82101,                0.83208,                0.86002,                0.72185,                0.64782,                0.40049,                 1.4491,                0.02783,                0.00039,                  5e-05,               0.004753,               0.004753,               0.004753,               0.039194,                0.45011,                 0.4893,               0.052855,                0.14354,                0.52043,              0.0033186,                0.05225,                0.51855,               0.044676,             0.00014696,                0.50016,                0.49984,             0.00026006,               0.028722,                0.50809,                0.53682,               0.044235,                0.14612,                0.50771,               0.032585,                0.15427,                0.51807,               0.044671,             0.00041081,                0.50019,                0.49981,             0.00023493,                0.52112,              0.0050251,                0.04607,                0.69424,                0.51925,                 0.3225,               0.093443,                      1
                     55,                0.65651,                0.41725,                 1.3558,                0.02942,                0.00045,                  6e-05,                0.81867,                0.83287,                0.86033,                0.72218,                0.64769,                0.40052,                 1.4485,                 0.0278,                0.00039,                  5e-05,               0.004654,               0.004654,               0.004654,               0.039636,                 0.4511,                0.49074,               0.053381,                0.14418,                0.52267,              0.0033588,               0.052354,                0.51855,               0.044614,             0.00010822,                0.50016,                0.49984,              0.0002652,                0.02867,                0.51041,                0.53908,               0.044317,                0.14656,                0.49561,                0.03135,                0.15511,                0.51807,               0.044615,             0.00039168,                0.50019,                0.49981,             0.00023619,                0.52127,              0.0053445,                0.04382,                0.69565,                0.52146,                0.32589,               0.093873,                      1
                     56,                0.65254,                0.41683,                 1.3569,                0.02954,                0.00045,                  6e-05,                0.82324,                0.82659,                0.86024,                0.72271,                0.64758,                0.40031,                 1.4489,                0.02778,                0.00039,                  5e-05,               0.004555,               0.004555,               0.004555,               0.039272,                0.44866,                0.48793,               0.053092,                0.14384,                0.52043,              0.0033706,               0.051593,                0.51861,               0.045066,             0.00019099,                0.50017,                0.49983,             0.00027306,               0.028515,                 0.5068,                0.53532,               0.044202,                 0.1462,                0.49241,               0.031343,                0.15423,                0.51807,               0.045083,              0.0003817,                0.50019,                0.49981,             0.00023757,                0.51892,              0.0051913,               0.043187,                0.68955,                0.51734,                0.32106,               0.093326,                      1
                     57,                0.64937,                0.41195,                 1.3541,                0.02944,                0.00045,                  6e-05,                0.82776,                0.82491,                 0.8601,                0.72266,                0.64741,                0.40018,                 1.4489,                0.02776,                0.00039,                  5e-05,               0.004456,               0.004456,               0.004456,               0.039433,                0.45172,                0.49115,               0.053359,                0.14482,                0.51967,              0.0033268,               0.052257,                0.51855,               0.044676,             0.00010265,                0.50018,                0.49982,             0.00028271,               0.028649,                0.50971,                0.53836,               0.044431,                 0.1465,                0.50573,               0.031516,                0.15174,                0.51807,               0.044681,             0.00036948,                0.50019,                0.49981,             0.00023878,                0.52107,              0.0053753,               0.042456,                0.69394,                  0.522,                0.32153,               0.094107,                      1
                     58,                0.65593,                0.41472,                 1.3528,                0.02937,                0.00045,                  6e-05,                0.82813,                0.82141,                0.85956,                0.72238,                0.64731,                 0.4001,                 1.4502,                0.02774,                0.00039,                  5e-05,               0.004357,               0.004357,               0.004357,               0.039572,                0.44883,                0.48841,               0.053229,                0.14367,                0.52021,              0.0034286,               0.051558,                0.51874,               0.044838,             0.00020459,                0.50018,                0.49982,             0.00029193,               0.028961,                 0.5081,                0.53706,               0.044502,                0.14621,                0.49231,               0.032642,                0.15283,                0.51833,               0.044843,             0.00037317,                 0.5002,                 0.4998,             0.00023937,                0.52105,              0.0053938,               0.042294,                0.69437,                0.52003,                0.32054,               0.094338,                      1
                     59,                0.65563,                0.41313,                 1.3692,                0.02945,                0.00045,                  6e-05,                0.82854,                0.82155,                0.85856,                0.72131,                0.64713,                0.39992,                 1.4508,                0.02773,                0.00039,                  5e-05,               0.004258,               0.004258,               0.004258,                0.03865,                0.44664,                0.48529,               0.052179,                0.14271,                0.51952,              0.0034765,               0.051931,                0.51855,                0.04454,             9.3218e-05,                0.50019,                0.49981,             0.00030116,               0.028174,                0.50972,                0.53789,               0.043712,                0.14607,                0.49348,               0.032208,                0.15496,                0.51813,               0.044531,             0.00035984,                 0.5002,                 0.4998,             0.00024075,                0.51673,              0.0054618,               0.042291,                0.69405,                0.52222,                0.32321,               0.094266,                      1
                     60,                0.65448,                0.41262,                 1.3564,                0.02944,                0.00045,                  6e-05,                0.82983,                0.82029,                0.85748,                0.72081,                0.64709,                0.39992,                 1.4518,                0.02771,                0.00039,                  5e-05,               0.004159,               0.004159,               0.004159,               0.039262,                0.44937,                0.48863,               0.053075,                0.14424,                0.51942,              0.0034452,               0.050513,                0.51855,               0.044846,             7.6069e-05,                 0.5002,                 0.4998,             0.00030771,               0.028333,                 0.5093,                0.53763,               0.044075,                0.14668,                 0.5165,               0.031287,                0.15084,                0.51807,               0.044844,             0.00034851,                 0.5002,                 0.4998,             0.00024194,                0.52202,              0.0051923,               0.043227,                0.69143,                0.51803,                0.32413,               0.093001,                      1
                     61,                0.64754,                 0.4063,                 1.3563,                0.02928,                0.00045,                  6e-05,                0.83283,                0.81724,                0.85701,                0.72055,                 0.6468,                0.39978,                 1.4529,                0.02769,                0.00039,                  5e-05,                0.00406,                0.00406,                0.00406,               0.039181,                0.45202,                 0.4912,               0.053026,                0.14411,                0.52042,              0.0034693,               0.051339,                0.51855,               0.045149,             9.7877e-05,                0.50021,                0.49979,             0.00031493,                0.02797,                0.51212,                0.54009,               0.043749,                0.14651,                0.50199,               0.031027,                0.14949,                0.51836,               0.045152,             0.00033807,                 0.5002,                 0.4998,             0.00024306,                 0.5208,              0.0055321,               0.041125,                0.69351,                0.51955,                0.32481,               0.094413,                      1
                     62,                0.64493,                0.40557,                 1.3573,                0.02929,                0.00045,                  6e-05,                0.83091,                0.81753,                0.85589,                0.71969,                0.64671,                0.40028,                 1.4531,                0.02767,                0.00039,                  5e-05,               0.003961,               0.003961,               0.003961,               0.039166,                 0.4513,                0.49047,               0.052973,                0.14416,                0.51812,              0.0034826,               0.051638,                0.51855,               0.045011,             9.2245e-05,                0.50021,                0.49979,             0.00031583,               0.028028,                0.51188,                 0.5399,               0.043774,                0.14656,                0.51114,               0.029387,                 0.1476,                0.51808,               0.045011,             0.00032934,                 0.5002,                 0.4998,             0.00024385,                 0.5199,               0.005575,               0.040798,                  0.691,                0.51823,                0.32261,               0.094407,                      1
                     63,                0.64757,                 0.4071,                 1.3561,                0.02928,                0.00045,                  6e-05,                0.83236,                0.81501,                0.85544,                0.71966,                0.64651,                0.40035,                  1.453,                0.02765,                0.00039,                  5e-05,               0.003862,               0.003862,               0.003862,                 0.0387,                0.45148,                0.49018,               0.052356,                0.14341,                0.52014,              0.0033992,               0.051274,                0.51814,               0.044764,              0.0001986,                0.50021,                0.49979,             0.00032403,               0.027775,                0.51053,                 0.5383,               0.043297,                0.14568,                0.50065,               0.030497,                 0.1501,                0.51807,               0.044757,             0.00031922,                 0.5002,                 0.4998,             0.00024464,                0.51931,              0.0053972,               0.041593,                0.69138,                0.51974,                 0.3219,               0.093595,                      1
                     64,                0.64687,                0.40734,                 1.3568,                  0.029,                0.00045,                  5e-05,                 0.8349,                 0.8134,                0.85459,                0.71894,                0.64643,                0.40042,                 1.4536,                0.02764,                0.00039,                  5e-05,               0.003763,               0.003763,               0.003763,               0.038174,                0.45285,                0.49102,               0.051645,                0.14275,                0.52011,              0.0034315,               0.051168,                0.51845,               0.044515,             0.00020494,                0.50022,                0.49978,             0.00033397,               0.027755,                0.51283,                0.54059,               0.043095,                0.14516,                0.50687,               0.028394,                0.14495,                0.51842,                0.04452,              0.0003142,                 0.5002,                 0.4998,             0.00024542,                0.51966,              0.0052608,               0.042477,                0.69273,                0.52004,                0.32423,               0.093255,                      1
                     65,                0.64139,                0.40081,                 1.3549,                0.02932,                0.00045,                  5e-05,                0.83512,                0.81394,                0.85421,                0.71875,                0.64633,                0.40031,                  1.454,                0.02763,                0.00039,                  5e-05,               0.003664,               0.003664,               0.003664,               0.038443,                0.45397,                0.49242,               0.052496,                0.14461,                0.51878,              0.0034758,               0.050143,                0.51831,               0.044944,             0.00019598,                0.50022,                0.49978,             0.00034184,               0.028075,                0.51034,                0.53842,               0.043956,                0.14671,                0.51347,               0.028834,                0.14797,                0.51823,               0.044953,              0.0003104,                0.50021,                0.49979,             0.00024626,                0.51978,              0.0053336,               0.042844,                 0.6909,                0.51816,                0.32112,               0.094004,                      1
                     66,                0.64006,                0.40012,                 1.3562,                0.02913,                0.00045,                  6e-05,                 0.8353,                0.81405,                0.85372,                0.71837,                0.64635,                0.40049,                 1.4544,                0.02761,                0.00039,                  5e-05,               0.003565,               0.003565,               0.003565,               0.037967,                0.45361,                0.49157,               0.051769,                 0.1435,                0.51947,              0.0035589,                0.04999,                0.51807,               0.045147,             7.7987e-05,                0.50023,                0.49977,             0.00034818,               0.027438,                 0.5125,                0.53994,               0.043115,                0.14578,                0.49262,               0.029705,                0.14737,                0.51825,               0.045137,             0.00030373,                0.50021,                0.49979,             0.00024708,                0.51989,              0.0054876,               0.042279,                0.69299,                0.51896,                0.32482,               0.093844,                      1
                     67,                0.64532,                0.40032,                 1.3488,                 0.0293,                0.00045,                  6e-05,                0.83294,                0.81539,                0.85334,                0.71817,                0.64631,                0.40058,                 1.4552,                 0.0276,                0.00039,                  5e-05,               0.003466,               0.003466,               0.003466,               0.038101,                0.44951,                0.48761,               0.051828,                0.14347,                0.52144,              0.0034454,               0.050618,                0.51831,               0.044806,             0.00016712,                0.50023,                0.49977,              0.0003571,               0.027682,                0.50995,                0.53763,               0.043326,                0.14598,                0.48582,               0.029639,                0.14638,                0.51855,               0.044801,             0.00027383,                0.50021,                0.49979,             0.00024811,                0.52036,              0.0054144,               0.041969,                0.69123,                0.52147,                 0.3264,               0.092713,                      1
                     68,                0.63776,                0.39482,                 1.3566,                0.02901,                0.00045,                  6e-05,                0.83332,                0.81515,                0.85266,                0.71765,                 0.6462,                 0.4004,                 1.4557,                0.02759,                0.00039,                  5e-05,               0.003367,               0.003367,               0.003367,                0.03833,                0.45663,                0.49496,               0.052245,                0.14444,                0.51936,                0.00356,               0.050106,                0.51812,               0.045093,             0.00010355,                0.50024,                0.49976,             0.00036629,                0.02774,                0.51498,                0.54272,               0.043521,                0.14635,                0.50917,               0.029732,                0.14667,                0.51835,               0.045075,             0.00028997,                0.50021,                0.49979,             0.00024868,                 0.5205,              0.0055754,               0.042203,                0.69603,                0.51948,                0.32023,               0.094953,                      1
                     69,                0.63826,                0.39506,                 1.3552,                0.02903,                0.00045,                  6e-05,                0.83414,                0.81535,                0.85266,                 0.7177,                0.64617,                0.40041,                  1.456,                0.02758,                0.00039,                  5e-05,               0.003268,               0.003268,               0.003268,               0.038289,                0.45622,                0.49451,               0.052352,                0.14454,                0.52064,              0.0035927,               0.049434,                0.51807,               0.044811,              0.0001802,                0.50024,                0.49976,             0.00036801,               0.027886,                0.51477,                0.54266,               0.043835,                0.14694,                0.50512,               0.029725,                0.15123,                0.51855,               0.044801,             0.00027628,                0.50021,                0.49979,             0.00024974,                0.52003,              0.0055406,               0.041201,                0.69476,                0.51863,                0.32314,               0.094078,                      1
                     70,                0.63649,                0.39254,                 1.3474,                0.02898,                0.00045,                  5e-05,                0.83178,                0.81774,                0.85268,                0.71776,                0.64624,                 0.4004,                 1.4568,                0.02757,                0.00039,                  5e-05,               0.003169,               0.003169,               0.003169,               0.037999,                0.45602,                0.49402,               0.052035,                  0.144,                0.51854,              0.0035047,                0.04911,                0.51807,               0.045006,             0.00010463,                0.50025,                0.49975,             0.00037293,               0.027739,                0.51452,                0.54226,               0.043661,                0.14675,                0.49396,                0.02847,                0.14461,                0.51855,               0.045026,             0.00028529,                0.50021,                0.49979,              0.0002503,                0.52034,              0.0053715,               0.040563,                0.69322,                0.51789,                0.32388,               0.093689,                      1
                     71,                0.63558,                0.39472,                 1.3499,                0.02892,                0.00045,                  6e-05,                0.83248,                0.81713,                0.85232,                0.71762,                0.64612,                0.40019,                 1.4572,                0.02756,                0.00039,                  5e-05,                0.00307,                0.00307,                0.00307,               0.037921,                0.45323,                0.49115,                 0.0516,                 0.1431,                0.51946,              0.0037189,               0.047924,                0.51807,               0.045142,             5.1631e-05,                0.50025,                0.49975,             0.00037984,                0.02731,                0.51404,                0.54135,               0.042888,                0.14557,                0.49551,               0.029761,                 0.1473,                0.51855,               0.045148,             0.00027298,                0.50021,                0.49979,              0.0002509,                0.52105,              0.0055937,                0.04102,                0.69243,                0.51943,                0.32415,               0.093617,                      1
                     72,                 0.6339,                0.39054,                 1.3462,                0.02915,                0.00045,                  5e-05,                0.82992,                0.81905,                0.85197,                0.71716,                 0.6461,                0.40015,                 1.4577,                0.02755,                0.00039,                  5e-05,               0.002971,               0.002971,               0.002971,               0.037856,                0.45278,                0.49063,               0.051822,                0.14392,                0.52031,              0.0034849,               0.049372,                0.51807,               0.044885,             3.4065e-05,                0.50026,                0.49974,             0.00038527,               0.027586,                0.51375,                0.54134,                0.04351,                0.14675,                0.53334,               0.028582,                0.14697,                0.51855,               0.044884,             0.00028591,                0.50021,                0.49979,             0.00025125,                0.52018,               0.005577,               0.040392,                 0.6903,                0.51818,                0.32349,               0.094002,                      1
                     73,                0.63061,                0.38737,                  1.352,                0.02885,                0.00045,                  6e-05,                0.83173,                0.81724,                0.85171,                0.71698,                0.64612,                 0.4002,                 1.4581,                0.02754,                0.00039,                  5e-05,               0.002872,               0.002872,               0.002872,               0.037356,                0.45682,                0.49418,               0.051319,                0.14362,                0.51949,              0.0036281,               0.047338,                0.51807,               0.045083,             3.7897e-05,                0.50026,                0.49974,              0.0003908,               0.027287,                0.51771,                  0.545,               0.043189,                0.14645,                0.50369,               0.029524,                0.14724,                0.51855,               0.045058,             0.00027343,                0.50022,                0.49978,             0.00025203,                0.52213,              0.0055761,               0.040398,                  0.691,                0.51898,                0.32453,               0.092907,                      1
                     74,                0.62869,                0.38572,                 1.3508,                0.02889,                0.00045,                  6e-05,                 0.8298,                0.81772,                 0.8516,                0.71723,                0.64613,                0.40024,                 1.4587,                0.02753,                0.00039,                  5e-05,               0.002773,               0.002773,               0.002773,               0.037559,                0.45774,                 0.4953,                0.05147,                0.14392,                0.52175,              0.0035547,               0.048014,                0.51807,               0.044682,             4.4551e-05,                0.50027,                0.49973,             0.00039767,                0.02725,                0.51747,                0.54472,               0.043068,                0.14627,                0.52537,               0.029977,                0.14974,                0.51855,               0.044681,             0.00025152,                0.50022,                0.49978,             0.00025268,                0.52266,              0.0056923,               0.039868,                0.69436,                0.52007,                0.32534,               0.093599,                      1
                     75,                 0.6289,                0.38584,                 1.3465,                0.02887,                0.00045,                  5e-05,                0.83083,                0.81736,                0.85159,                0.71722,                0.64612,                0.40014,                 1.4589,                0.02752,                0.00039,                  5e-05,               0.002674,               0.002674,               0.002674,               0.037715,                0.45821,                0.49593,               0.051626,                0.14424,                0.51982,              0.0035095,               0.048688,                0.51807,               0.044825,             4.2505e-05,                0.50027,                0.49973,             0.00040345,               0.027265,                0.51709,                0.54435,               0.043053,                0.14613,                0.53005,               0.028312,                0.14504,                0.51855,               0.044847,               0.000214,                0.50022,                0.49978,             0.00025314,                0.52467,              0.0056247,               0.039251,                0.69285,                0.52004,                0.32041,                 0.0935,                      1
                     76,                0.62675,                0.38376,                  1.342,                0.02875,                0.00045,                  6e-05,                0.83302,                0.81601,                0.85114,                0.71695,                 0.6461,                0.40006,                 1.4592,                0.02751,                0.00039,                  5e-05,               0.002575,               0.002575,               0.002575,               0.037321,                0.45828,                 0.4956,               0.051187,                0.14366,                0.51983,              0.0036629,               0.047633,                0.51807,               0.045011,             8.9958e-05,                0.50028,                0.49972,              0.0004057,               0.026908,                0.51806,                0.54497,               0.042665,                0.14576,                0.51957,               0.028728,                0.14565,                0.51855,               0.045023,             0.00018519,                0.50022,                0.49978,             0.00025307,                0.52539,              0.0057357,               0.038322,                0.69238,                0.52138,                0.32389,               0.093946,                      1
                     77,                0.62581,                0.38207,                  1.341,                0.02883,                0.00045,                  5e-05,                0.83278,                0.81566,                0.85075,                0.71701,                  0.646,                0.40001,                 1.4596,                 0.0275,                0.00039,                  5e-05,               0.002476,               0.002476,               0.002476,               0.037627,                0.45999,                0.49762,               0.051664,                0.14462,                0.52009,              0.0036833,                0.04846,                0.51826,               0.044748,              0.0001925,                0.50028,                0.49972,              0.0004073,               0.027225,                0.51741,                0.54464,               0.043095,                0.14622,                0.50453,               0.027806,                0.14602,                0.51855,               0.044755,             0.00016202,                0.50022,                0.49978,             0.00025332,                0.52299,               0.005782,               0.039461,                0.69482,                 0.5188,                  0.321,                0.09512,                      1
                     78,                0.62481,                0.38053,                 1.3429,                0.02869,                0.00045,                  5e-05,                0.83801,                0.80948,                0.85018,                0.71678,                0.64596,                0.39989,                 1.4601,                0.02749,                0.00039,                  5e-05,               0.002377,               0.002377,               0.002377,               0.037511,                0.45996,                0.49747,               0.051482,                0.14427,                0.51981,              0.0035603,               0.048631,                0.51807,               0.045007,             0.00015157,                0.50028,                0.49972,             0.00041013,               0.027032,                0.51901,                0.54604,               0.042878,                0.14616,                0.49571,                0.02764,                0.14438,                0.51855,               0.045005,             0.00015755,                0.50022,                0.49978,             0.00025359,                0.52032,              0.0056714,               0.039015,                0.69379,                0.51841,                0.32037,                0.09436,                      1
                     79,                0.62614,                0.38049,                 1.3432,                0.02872,                0.00045,                  5e-05,                0.83846,                0.80925,                0.85007,                0.71678,                0.64589,                 0.3998,                 1.4605,                0.02748,                0.00039,                  5e-05,               0.002278,               0.002278,               0.002278,               0.037539,                0.45845,                0.49599,               0.051374,                0.14398,                0.51998,              0.0035883,               0.047418,                0.51807,               0.044837,             0.00010982,                0.50029,                0.49971,             0.00041608,               0.027042,                0.52002,                0.54706,               0.042831,                0.14625,                0.49497,               0.027853,                0.14437,                0.51855,               0.044822,             0.00015597,                0.50022,                0.49978,             0.00025398,                 0.5211,              0.0056061,               0.038303,                0.69488,                0.52086,                0.32424,               0.093819,                      1
                     80,                0.62047,                0.37887,                 1.3382,                0.02863,                0.00045,                  5e-05,                0.83859,                0.81027,                0.84976,                0.71629,                 0.6459,                0.39976,                 1.4606,                0.02747,                0.00039,                  5e-05,               0.002179,               0.002179,               0.002179,               0.036837,                0.45918,                0.49601,               0.050791,                0.14365,                 0.5218,              0.0036756,               0.047392,                0.51843,               0.044756,             0.00015825,                0.50029,                0.49971,              0.0004194,               0.026754,                0.51783,                0.54458,               0.042587,                0.14568,                0.51194,                0.02764,                0.14403,                0.51855,               0.044737,             0.00016352,                0.50022,                0.49978,             0.00025405,                0.52209,              0.0059403,               0.036824,                0.69385,                0.52052,                0.32064,               0.093756,                      1
                     81,                0.62021,                0.37479,                 1.3459,                0.02891,                0.00045,                  6e-05,                0.83846,                 0.8106,                0.85002,                0.71635,                0.64591,                0.39954,                  1.461,                0.02746,                0.00039,                  5e-05,                0.00208,                0.00208,                0.00208,               0.036992,                0.45866,                0.49565,               0.051096,                0.14432,                  0.519,               0.003614,               0.047671,                0.51834,               0.045128,                0.00022,                0.50029,                0.49971,              0.0004225,                0.02703,                0.51772,                0.54475,               0.043052,                0.14666,                0.48034,               0.029256,                0.14528,                0.51855,               0.045139,             0.00019729,                0.50022,                0.49978,             0.00025419,                0.52105,                 0.0058,               0.036619,                0.69267,                0.51966,                0.32551,               0.093408,                      1
                     82,                0.62224,                0.37687,                 1.3369,                 0.0288,                0.00045,                  5e-05,                0.83843,                0.81106,                0.84992,                0.71664,                0.64594,                0.39954,                 1.4613,                0.02745,                0.00039,                  5e-05,               0.001981,               0.001981,               0.001981,               0.037467,                0.45841,                0.49588,               0.051437,                 0.1442,                0.51989,              0.0037081,                0.04738,                0.51807,               0.044866,             5.7057e-05,                 0.5003,                 0.4997,              0.0004263,               0.026796,                0.51769,                0.54448,               0.042665,                0.14592,                0.51017,               0.027722,                0.14267,                0.51855,               0.044864,             0.00019597,                0.50022,                0.49978,             0.00025431,                0.51901,              0.0057062,               0.037395,                0.69198,                0.51936,                0.32051,                0.09374,                      1
                     83,                0.61597,                0.37104,                  1.332,                0.02884,                0.00045,                  5e-05,                0.83944,                0.81002,                0.84998,                0.71651,                0.64598,                0.39973,                 1.4614,                0.02744,                0.00039,                  5e-05,               0.001882,               0.001882,               0.001882,               0.036841,                0.45822,                0.49506,               0.051107,                0.14425,                0.51911,              0.0036323,                0.04789,                0.51807,               0.044983,              2.236e-05,                 0.5003,                 0.4997,              0.0004286,               0.026632,                0.51807,                 0.5447,               0.042833,                0.14668,                0.52093,               0.025628,                0.13652,                0.51855,               0.044967,             0.00017117,                0.50022,                0.49978,              0.0002545,                0.51796,              0.0057929,               0.036995,                0.69223,                0.51844,                0.32198,               0.094481,                      1
                     84,                0.61825,                0.37442,                 1.3409,                 0.0287,                0.00045,                  5e-05,                0.83857,                0.81058,                0.84982,                0.71631,                0.64599,                0.39991,                 1.4618,                0.02743,                0.00039,                  5e-05,               0.001783,               0.001783,               0.001783,               0.037283,                0.45699,                0.49427,               0.051075,                0.14374,                0.52107,              0.0036205,                0.04692,                0.51807,               0.044706,             2.5326e-05,                 0.5003,                 0.4997,             0.00043107,               0.027009,                0.51806,                0.54507,               0.042729,                0.14581,                0.50744,               0.026049,                0.13887,                0.51855,               0.044713,             0.00017609,                0.50022,                0.49978,             0.00025503,                0.52041,              0.0056542,               0.036812,                0.69399,                0.52139,                0.32249,               0.093792,                      1
                     85,                0.61823,                0.37203,                 1.3353,                0.02875,                0.00045,                  5e-05,                0.83891,                0.80995,                0.84965,                0.71661,                0.64598,                0.40003,                 1.4619,                0.02742,                0.00039,                  5e-05,               0.001684,               0.001684,               0.001684,               0.036606,                0.45841,                0.49502,               0.050553,                0.14391,                0.51849,              0.0036393,               0.046812,                0.51807,               0.044723,             1.5639e-05,                0.50031,                0.49969,             0.00043492,               0.026608,                 0.5193,                0.54591,               0.042484,                0.14609,                 0.5127,               0.025788,                0.13756,                0.51855,               0.044727,             0.00017612,                0.50023,                0.49977,             0.00025512,                0.52039,              0.0057323,               0.036913,                0.69312,                0.52172,                0.32257,               0.093581,                      1
                     86,                0.61346,                0.36836,                 1.3387,                0.02861,                0.00044,                  5e-05,                0.83891,                0.80942,                0.84968,                0.71632,                0.64604,                 0.4002,                 1.4623,                0.02742,                0.00039,                  5e-05,               0.001585,               0.001585,               0.001585,               0.037393,                0.46392,                0.50131,               0.051589,                0.14549,                0.52108,              0.0035602,               0.047368,                0.51807,               0.044404,             4.2196e-05,                0.50031,                0.49969,             0.00043664,               0.026785,                0.52253,                0.54932,               0.042847,                0.14682,                0.50921,               0.024987,                0.13717,                0.51855,                0.04441,             0.00017986,                0.50023,                0.49977,             0.00025514,                0.52062,              0.0057418,               0.036346,                0.69254,                 0.5223,                0.32549,               0.092811,                      1
                     87,                0.61136,                0.36582,                 1.3295,                0.02871,                0.00045,                  5e-05,                0.83797,                0.80935,                0.84962,                0.71642,                 0.6461,                0.40034,                 1.4626,                0.02741,                0.00039,                  5e-05,               0.001486,               0.001486,               0.001486,               0.036494,                0.46105,                0.49755,               0.050711,                0.14439,                0.51997,              0.0035835,               0.046646,                0.51807,               0.044691,             6.3058e-05,                0.50031,                0.49969,             0.00044003,               0.026582,                0.52056,                0.54714,               0.042723,                0.14647,                0.49704,               0.026446,                0.13706,                0.51855,               0.044694,             0.00018294,                0.50023,                0.49977,             0.00025502,                0.52071,              0.0056197,               0.036886,                0.69242,                0.52065,                0.32707,               0.093151,                      1
                     88,                0.61149,                0.36827,                 1.3375,                 0.0288,                0.00045,                  5e-05,                0.83757,                0.80933,                0.84944,                0.71597,                0.64614,                0.40046,                  1.463,                 0.0274,                0.00039,                  5e-05,               0.001387,               0.001387,               0.001387,               0.037453,                0.46027,                0.49772,               0.051486,                0.14507,                0.51881,              0.0037171,               0.045782,                0.51807,                0.04451,             8.6978e-05,                0.50032,                0.49968,             0.00044092,               0.026754,                0.51983,                0.54658,               0.042685,                 0.1466,                0.49445,               0.026471,                0.13771,                0.51855,               0.044533,             0.00019383,                0.50023,                0.49977,             0.00025508,                0.52008,              0.0057664,               0.036997,                 0.6944,                0.52135,                0.32488,               0.093195,                      1
                     89,                0.60858,                0.36382,                 1.3368,                0.02875,                0.00045,                  5e-05,                0.83565,                0.81185,                0.84933,                0.71585,                0.64612,                 0.4006,                 1.4632,                0.02739,                0.00039,                  5e-05,               0.001288,               0.001288,               0.001288,               0.036766,                 0.4603,                0.49707,               0.051013,                0.14453,                0.52044,              0.0036715,               0.046645,                0.51807,               0.044724,             5.4304e-05,                0.50032,                0.49968,             0.00044275,               0.026678,                0.51909,                0.54576,               0.042821,                0.14635,                0.50417,               0.025381,                0.13779,                0.51855,               0.044719,             0.00020023,                0.50023,                0.49977,             0.00025525,                0.51988,               0.005835,               0.036626,                0.69146,                0.52024,                0.32097,               0.094168,                      1
                     90,                0.60684,                0.36402,                 1.3254,                 0.0285,                0.00045,                  5e-05,                 0.8267,                0.81712,                0.84925,                0.71601,                0.64612,                 0.4008,                 1.4634,                0.02739,                0.00039,                  5e-05,               0.001189,               0.001189,               0.001189,               0.037154,                 0.4629,                0.50005,               0.051228,                0.14468,                0.51872,              0.0037218,               0.047045,                0.51807,               0.044752,             1.9205e-05,                0.50032,                0.49968,             0.00044423,               0.026714,                0.52292,                0.54963,               0.042701,                0.14621,                 0.5068,               0.025414,                0.13579,                0.51855,               0.044753,             0.00019813,                0.50023,                0.49977,             0.00025528,                 0.5213,              0.0059371,               0.036304,                0.69457,                0.52024,                0.32133,               0.094349,                      1
                     91,                0.60651,                0.36067,                 1.3243,                0.02865,                0.00045,                  5e-05,                0.82606,                0.81789,                 0.8491,                0.71596,                0.64623,                0.40104,                 1.4638,                0.02738,                0.00039,                  5e-05,                0.00109,                0.00109,                0.00109,                0.03656,                 0.4629,                0.49946,               0.050819,                0.14475,                0.51915,              0.0036744,               0.046751,                0.51807,               0.044649,             1.2105e-05,                0.50032,                0.49968,              0.0004452,               0.026273,                0.52263,                 0.5489,               0.042454,                0.14637,                0.50644,               0.025796,                0.13606,                0.51855,               0.044647,             0.00021068,                0.50023,                0.49977,             0.00025529,                0.51981,              0.0059044,               0.035554,                 0.6944,                0.52094,                0.32219,               0.094348,                      1
                     92,                0.60568,                0.35876,                 1.3252,                0.02846,                0.00045,                  5e-05,                0.82453,                0.82033,                0.84892,                0.71593,                0.64628,                0.40129,                 1.4637,                0.02737,                0.00039,                  5e-05,               0.000991,               0.000991,               0.000991,               0.036443,                0.46301,                0.49945,               0.050586,                0.14393,                0.52108,              0.0036252,               0.046533,                0.51807,               0.044864,             1.3743e-05,                0.50033,                0.49967,             0.00044674,                0.02615,                0.52312,                0.54927,               0.042205,                0.14584,                0.49625,               0.025124,                0.13513,                0.51855,               0.044844,             0.00021493,                0.50023,                0.49977,             0.00025528,                0.51889,              0.0057651,               0.035668,                0.69122,                0.51946,                0.31914,               0.093205,                      1
                     93,                0.60256,                0.35597,                 1.3305,                0.02849,                0.00045,                  5e-05,                0.82218,                0.82243,                0.84875,                0.71564,                 0.6463,                 0.4014,                 1.4641,                0.02736,                0.00039,                  5e-05,               0.000892,               0.000892,               0.000892,               0.036308,                0.46312,                0.49943,               0.050459,                0.14408,                0.52054,              0.0037776,               0.047161,                0.51807,               0.045073,             8.4586e-06,                0.50033,                0.49967,             0.00044739,               0.026218,                 0.5227,                0.54892,               0.042262,                0.14593,                0.50533,               0.024861,                0.13343,                0.51855,               0.045073,             0.00020878,                0.50023,                0.49977,             0.00025545,                0.51829,              0.0060166,               0.036509,                0.69297,                0.51791,                0.31767,               0.095328,                      1
                     94,                0.60254,                0.35838,                 1.3259,                0.02858,                0.00045,                  5e-05,                0.82326,                0.82196,                0.84829,                0.71521,                0.64632,                0.40119,                 1.4646,                0.02735,                0.00039,                  6e-05,               0.000793,               0.000793,               0.000793,               0.036719,                0.46388,                0.50059,               0.051051,                0.14503,                0.51951,              0.0037269,                0.04533,                0.51807,               0.045167,             2.5622e-06,                0.50033,                0.49967,             0.00044977,               0.026251,                0.52263,                0.54888,               0.042461,                0.14629,                0.50015,                0.02451,                0.13217,                0.51855,               0.045155,             0.00019627,                0.50023,                0.49977,              0.0002555,                0.51716,              0.0057671,               0.036091,                0.69439,                0.51921,                0.32391,                 0.0937,                      1
                     95,                 0.6009,                0.35777,                 1.3222,                 0.0283,                0.00045,                  5e-05,                0.82407,                 0.8225,                0.84835,                0.71566,                0.64635,                0.40121,                  1.465,                0.02735,                0.00039,                  6e-05,               0.000694,               0.000694,               0.000694,               0.035853,                0.46606,                0.50192,               0.050045,                0.14401,                0.51929,              0.0038396,               0.045075,                0.51807,               0.044752,             9.2979e-07,                0.50033,                0.49967,             0.00045001,                0.02581,                0.52467,                0.55048,               0.041855,                0.14573,                0.51225,                0.02498,                0.13309,                0.51855,               0.044739,              0.0001831,                0.50023,                0.49977,             0.00025544,                0.51811,              0.0059383,               0.035501,                0.69302,                0.51946,                 0.3244,               0.094004,                      1
                     96,                 0.5983,                0.35349,                  1.318,                0.02822,                0.00045,                  5e-05,                0.82485,                0.82258,                0.84822,                0.71535,                0.64632,                0.40133,                 1.4653,                0.02734,                0.00039,                  6e-05,               0.000595,               0.000595,               0.000595,                0.03608,                0.46325,                0.49933,               0.049953,                0.14336,                 0.5178,              0.0037439,               0.045954,                0.51807,                0.04498,             2.7414e-07,                0.50033,                0.49967,             0.00044899,               0.026007,                0.52566,                0.55167,               0.041839,                0.14549,                 0.5136,               0.023802,                0.13119,                0.51855,                  0.045,             0.00018207,                0.50023,                0.49977,             0.00025547,                0.51874,              0.0059545,               0.036086,                0.69223,                  0.519,                0.32114,               0.094185,                      1
                     97,                0.59531,                0.35156,                 1.3175,                0.02848,                0.00045,                  5e-05,                 0.8257,                0.82161,                0.84789,                0.71558,                0.64634,                0.40144,                 1.4658,                0.02733,                0.00039,                  6e-05,               0.000496,               0.000496,               0.000496,                0.03621,                0.46413,                0.50034,               0.050565,                0.14469,                 0.5184,              0.0038225,                0.04492,                0.51807,               0.044718,              2.177e-07,                0.50034,                0.49966,             0.00044874,               0.025916,                 0.5237,                0.54961,                0.04219,                0.14637,                0.50496,               0.024347,                0.12995,                0.51855,               0.044729,             0.00018916,                0.50023,                0.49977,             0.00025556,                0.51923,              0.0060724,               0.035024,                0.69144,                0.51869,                0.32519,               0.093292,                      1
                     98,                0.59718,                0.35093,                 1.3309,                0.02827,                0.00045,                  5e-05,                0.82481,                0.82354,                0.84763,                0.71531,                0.64635,                0.40148,                 1.4663,                0.02733,                0.00039,                  6e-05,               0.000397,               0.000397,               0.000397,               0.035771,                0.46292,                0.49869,               0.049757,                0.14325,                0.51917,              0.0037403,               0.045491,                0.51807,               0.044948,             5.8759e-08,                0.50034,                0.49966,             0.00044901,               0.025876,                0.52498,                0.55086,               0.041828,                 0.1456,                0.50832,               0.024103,                0.13128,                0.51855,               0.044954,             0.00018335,                0.50023,                0.49977,             0.00025562,                0.52021,              0.0059894,               0.035702,                0.69132,                0.52025,                0.32269,               0.094074,                      1
                     99,                0.59592,                0.34917,                 1.3213,                0.02837,                0.00045,                  5e-05,                0.82425,                0.82398,                0.84754,                0.71498,                0.64639,                 0.4015,                 1.4668,                0.02732,                0.00039,                  6e-05,               0.000298,               0.000298,               0.000298,               0.036079,                0.46394,                0.50002,               0.050099,                0.14391,                0.51879,              0.0036716,               0.045983,                0.51807,               0.044967,             6.2564e-08,                0.50034,                0.49966,               0.000449,               0.025934,                 0.5244,                0.55034,               0.041841,                0.14573,                0.50667,               0.023546,                0.12981,                0.51855,               0.044953,             0.00018632,                0.50023,                0.49977,             0.00025563,                0.52014,              0.0058502,                0.03566,                0.69153,                0.51933,                0.32145,               0.093762,                      1
                    100,                0.59425,                0.35071,                 1.3176,                0.02864,                0.00045,                  5e-05,                0.82572,                0.82274,                0.84717,                0.71508,                0.64653,                0.40179,                 1.4673,                0.02732,                0.00039,                  6e-05,               0.000199,               0.000199,               0.000199,               0.036453,                0.46181,                0.49826,               0.050646,                 0.1448,                0.51903,              0.0037298,               0.044897,                0.51807,               0.045015,             5.8759e-08,                0.50034,                0.49966,             0.00044912,               0.025994,                 0.5228,                0.54879,               0.042154,                0.14626,                0.51341,               0.023552,                0.12971,                0.51855,               0.045023,             0.00018619,                0.50023,                0.49977,             0.00025568,                0.52015,              0.0058264,               0.035332,                0.69183,                0.51908,                0.32208,               0.093092,                      1
